date,ticker,open,high,low,close,volume
2015-01-02,AAPL,24.694233092060063,24.705318351259162,23.798598610986176,24.237548828125,212818400
2015-01-02,GOOG,26.18171238779515,26.29356535600693,25.93870768255568,25.973846435546875,28951268
2015-01-02,MSFT,39.77321646014696,40.42104281785247,39.67092877243913,39.858455657958984,27913900
2015-01-02,^GSPC,2058.89990234375,2072.360107421875,2046.0400390625,2058.199951171875,2708700000
2015-01-05,AAPL,24.00699407808688,24.08680322434,23.368522599435355,23.55474281311035,257142000
2015-01-05,GOOG,25.897130098910036,25.95008716938297,25.392314216813336,25.432401657104492,41196796
2015-01-05,MSFT,39.52602183181378,39.832888174535164,39.42373413479574,39.49192810058594,39673900
2015-01-05,^GSPC,2054.43994140625,2054.43994140625,2017.3399658203125,2020.5799560546875,3799120000
2015-01-06,AAPL,23.61903255400942,23.816338020280458,23.19560061965636,23.55695915222168,263188400
2015-01-06,GOOG,25.488329348959635,25.546483119696987,24.79791849875994,24.842954635620117,57998800
2015-01-06,MSFT,39.53453616002297,39.84992503054683,38.81851598662671,38.91228103637695,36447900
2015-01-06,^GSPC,2022.1500244140625,2030.25,1992.43994140625,2002.6099853515625,4460110000
2015-01-07,AAPL,23.76535220011818,23.98704392471396,23.65450633782029,23.887283325195312,160423600
2015-01-07,GOOG,25.092397296418408,25.104473699511246,24.728632333025576,24.800395965576172,41301082
2015-01-07,MSFT,39.19357981997882,39.60273381213821,38.775903208920376,39.406681060791016,29114100
2015-01-07,^GSPC,2005.550048828125,2029.6099853515625,2005.550048828125,2025.9000244140625,3805480000
2015-01-08,AAPL,24.21538332281689,24.8627226324375,24.097885309857276,24.805082321166992,237458000
2015-01-08,GOOG,24.64647244330592,24.91818296214316,24.30052395365088,24.878589630126953,67071641
2015-01-08,MSFT,39.849935749725084,40.70234079249995,39.82436463897533,40.565956115722656,29645200
2015-01-08,^GSPC,2030.6099853515625,2064.080078125,2030.6099853515625,2062.139892578125,3934010000
2015-01-09,AAPL,24.977999733362566,25.106581306246863,24.432638435105563,24.831684112548828,214798000
2015-01-09,GOOG,24.981533547421982,24.989450699342946,24.48809923107024,24.556398391723633,41427428
2015-01-09,MSFT,40.582998787525874,40.7620030404408,39.97779207433727,40.2249870300293,23944200
2015-01-09,^GSPC,2063.449951171875,2064.429931640625,2038.3299560546875,2044.81005859375,3364140000
2015-01-12,AAPL,24.962479071089444,24.969129549868345,24.120051828758882,24.219812393188477,198603200
2015-01-12,GOOG,24.495523209022753,24.546797276655266,24.130272149705686,24.37723731994629,46535413
2015-01-12,MSFT,40.421036693411196,40.52332761728726,39.51748962750465,39.72206497192383,23651900
2015-01-12,^GSPC,2046.1300048828125,2049.300048828125,2022.5799560546875,2028.260009765625,3456460000
2015-01-13,AAPL,24.703097350705864,25.00681547981708,24.144435211007117,24.434850692749023,268367600
2015-01-13,GOOG,24.688540129355534,24.893435717258516,24.369317233372897,24.55689239501953,47409807
2015-01-13,MSFT,40.03745401426905,40.83871334601777,39.26176578567912,39.517486572265625,35270600
2015-01-13,^GSPC,2031.5799560546875,2056.929931640625,2008.25,2023.030029296875,4107300000
2015-01-14,AAPL,24.173263026705097,24.49471531323738,24.053549306454705,24.34174919128418,195826400
2015-01-14,GOOG,24.481173480553398,24.90581268614972,24.39951056577917,24.789012908935547,44714427
2015-01-14,MSFT,39.176536560058594,39.41521219276174,38.88671870380052,39.176536560058594,29719600
2015-01-14,^GSPC,2018.4000244140625,2018.4000244140625,1988.43994140625,2011.27001953125,4378680000
2015-01-15,AAPL,24.38608229018397,24.399383248375585,23.645632967050208,23.681102752685547,240056000
2015-01-15,GOOG,25.021618552478746,25.027063250399596,24.635086649387066,24.83453941345215,54316718
2015-01-15,MSFT,39.39816478046013,39.53454946645549,38.7077154785457,38.76738357543945,32750800
2015-01-15,^GSPC,2013.75,2021.3499755859375,1991.469970703125,1992.6700439453125,4276720000
2015-01-16,AAPL,23.72765845555715,23.849589546937747,23.321962305734257,23.497098922729492,314053200
2015-01-16,GOOG,24.746443861418143,25.151288203838778,24.745947856247557,25.145843505859375,45965854
2015-01-16,MSFT,38.622466295696704,39.44929681842669,38.50312688105879,39.41520309448242,35695300
2015-01-16,^GSPC,1992.25,2020.4599609375,1988.1199951171875,2019.4200439453125,4056410000
2015-01-20,AAPL,23.907226172730866,24.157738813931655,23.610160180441635,24.10231590270996,199599600
2015-01-20,GOOG,25.290363463466,25.364599542689763,25.04369552317936,25.087446212768555,44640224
2015-01-20,MSFT,39.46635135108754,39.76469505587822,38.844096083381814,39.543067932128906,36161900
2015-01-20,^GSPC,2020.760009765625,2028.93994140625,2004.489990234375,2022.550048828125,3944340000
2015-01-21,AAPL,24.153309086853763,24.62107869073436,24.00255866913812,24.286325454711914,194303600
2015-01-21,GOOG,25.104766673614215,25.700154637881127,25.052799718170817,25.638784408569336,45374234
2015-01-21,MSFT,39.15948165545275,39.32996329327436,38.76737616462978,39.142433166503906,39081100
2015-01-21,^GSPC,2020.18994140625,2038.2900390625,2012.0400390625,2032.1199951171875,3730070000
2015-01-22,AAPL,24.443727926229556,24.93366639250422,24.324014202274096,24.918148040771484,215185600
2015-01-22,GOOG,25.809037151493435,26.543991939021335,25.720943216827767,26.44797706604004,53538588
2015-01-22,MSFT,39.534547224152455,40.18237363297043,39.278826358873445,40.173851013183594,35898000
2015-01-22,^GSPC,2034.300048828125,2064.6201171875,2026.3800048828125,2063.14990234375,4176050000
2015-01-23,AAPL,24.895972028166835,25.21742423193683,24.725268516966384,25.046722412109375,185859200
2015-01-23,GOOG,26.507369064617308,26.83302488981985,26.37918389838782,26.72315216064453,45634948
2015-01-23,MSFT,40.36989048589873,40.39546158850258,39.892542643408,40.21645736694336,26211600
2015-01-23,^GSPC,2062.97998046875,2062.97998046875,2050.5400390625,2051.820068359375,3573560000
2015-01-26,AAPL,25.215214390675268,25.352663858509775,25.006825335319498,25.073331832885742,222460000
2015-01-26,GOOG,26.652873752437234,26.676134882018992,26.214376754218325,26.48855972290039,30874534
2015-01-26,MSFT,40.06302584459518,40.17383937973828,39.41519962337319,40.07154846191406,42525500
2015-01-26,^GSPC,2050.419921875,2057.6201171875,2040.969970703125,2057.090087890625,3465760000
2015-01-27,AAPL,24.92258118818741,24.935883840684372,24.171046439988512,24.195432662963867,382274800
2015-01-27,GOOG,26.229227287885347,26.26535805483066,25.646212826869963,25.66798973083496,38080263
2015-01-27,MSFT,36.610788423772455,36.82388963316384,35.89476823015076,36.363590240478516,169164000
2015-01-27,^GSPC,2047.8599853515625,2047.8599853515625,2019.9100341796875,2029.550048828125,3329810000
2015-01-28,AAPL,26.077589431824446,26.186219563325192,25.563264846801758,25.563264846801758,585908400
2015-01-28,GOOG,25.873378438482636,25.88377183057916,25.24087142944336,25.24087142944336,33676205
2015-01-28,MSFT,36.43179174443981,36.474411344824354,35.0849902609523,35.11056137084961,84507100
2015-01-28,^GSPC,2032.3399658203125,2042.489990234375,2001.489990234375,2002.1600341796875,4067530000
2015-01-29,AAPL,25.787168007006127,26.42342353658702,25.618681909825277,26.359132766723633,337745600
2015-01-29,GOOG,25.290362982151844,25.294815670163764,24.80534182429587,25.273534774780273,83727244
2015-01-29,MSFT,34.88892531817325,35.90328576054853,34.769589178089795,35.80952072143555,63585300
2015-01-29,^GSPC,2002.449951171875,2024.6400146484375,1989.1800537109375,2021.25,4127140000
2015-01-30,AAPL,26.24829349247566,26.602999818446985,25.904670734938115,25.97339630126953,334982000
2015-01-30,GOOG,25.53089426372995,26.719194061633104,25.514066055740642,26.45441246032715,112127002
2015-01-30,MSFT,35.41742421099202,35.44299857003973,34.39453764408609,34.43716049194336,78004900
2015-01-30,^GSPC,2019.3499755859375,2023.3199462890625,1993.3800048828125,1994.989990234375,4568650000
2015-02-02,AAPL,26.17070219145008,26.41899577815114,25.73396933307641,26.29928207397461,250956400
2015-02-02,GOOG,26.31632709486255,26.37918155248343,25.664023492023794,26.155479431152344,56996054
2015-02-02,MSFT,34.599116694022364,35.263991507637435,34.292250394917936,35.18727493286133,50352500
2015-02-02,^GSPC,1996.6700439453125,2021.6600341796875,1980.9000244140625,2020.8499755859375,4008330000
2015-02-03,AAPL,26.270464476118452,26.401261757431495,26.073159013253253,26.30371856689453,207662800
2015-02-03,GOOG,26.13172211822526,26.398978035860488,25.8971306023955,26.193092346191406,40773638
2015-02-03,MSFT,35.485619220647465,35.74134005705573,34.99122278548022,35.460044860839844,52082400
2015-02-03,^GSPC,2022.7099609375,2050.300048828125,2022.7099609375,2050.030029296875,4615900000
2015-02-04,AAPL,26.27046617349994,26.7160669593945,26.228344209703778,26.50545883178711,280598800
2015-02-04,GOOG,26.193095985442792,26.362953170210506,25.798646869401445,25.87238883972168,33273101
2015-02-04,MSFT,35.74987392632834,35.980023727023735,35.25548058724288,35.664634704589844,41614800
2015-02-04,^GSPC,2048.860107421875,2054.739990234375,2036.719970703125,2041.510009765625,4141920000
2015-02-05,AAPL,26.7124451524758,26.759185637251118,26.541069601144372,26.69464111328125,168984800
2015-02-05,GOOG,25.923363851359532,26.156471153875355,25.83922660153243,26.110937118530273,36995292
2015-02-05,MSFT,35.988536645227555,36.346545149656606,35.68167035476453,36.18458938598633,36548200
2015-02-05,^GSPC,2043.449951171875,2063.550048828125,2043.449951171875,2062.52001953125,3821990000
2015-02-06,AAPL,26.712437738339673,26.76362879419322,26.363008307659655,26.46984100341797,174826400
2015-02-06,GOOG,26.113908579218332,26.587050238905025,26.053032456537004,26.280200958251953,35270570
2015-02-06,MSFT,36.380651025362035,36.47441610945675,35.92887734927026,36.1505012512207,34616600
2015-02-06,^GSPC,2062.280029296875,2072.39990234375,2049.969970703125,2055.469970703125,4232970000
2015-02-09,AAPL,26.385273124818873,26.67238256646888,26.35856451948115,26.645675659179688,155559200
2015-02-09,GOOG,26.131725153900934,26.329693715278083,26.033731937100825,26.12331199645996,25355423
2015-02-09,MSFT,36.005584331956435,36.43178678107129,35.98000997387623,36.107872009277344,31381100
2015-02-09,^GSPC,2053.469970703125,2056.159912109375,2041.8800048828125,2046.739990234375,3549540000
2015-02-10,AAPL,26.74582398274056,27.18650653310001,26.74359953966241,27.15757179260254,248034000
2015-02-10,GOOG,26.196063714885298,26.61179750235317,26.078273831860038,26.574182510375977,34997823
2015-02-10,MSFT,36.43178600886089,36.45735711473245,35.95443810537016,36.31244659423828,29670700
2015-02-10,^GSPC,2049.3798828125,2070.860107421875,2048.6201171875,2068.590087890625,3669850000
2015-02-11,AAPL,27.32450317740265,27.803021749787224,27.264410937172286,27.794118881225586,294247200
2015-02-11,GOOG,26.493012231503318,26.64891309186046,26.397889042316862,26.526172637939453,27555446
2015-02-11,MSFT,36.35506576121764,36.35506576121764,35.980005570827856,36.124916076660156,38262500
2015-02-11,^GSPC,2068.550048828125,2073.47998046875,2057.989990234375,2068.530029296875,3596860000
2015-02-12,AAPL,28.05675165544474,28.372797592339147,27.947694471232992,28.14577865600586,297898000
2015-02-12,GOOG,26.589524101373243,26.964176506067773,26.461982615543246,26.870635986328125,32404724
2015-02-12,MSFT,36.363598631772355,36.730133056640625,36.23573657596541,36.730133056640625,33268800
2015-02-12,^GSPC,2069.97998046875,2088.530029296875,2069.97998046875,2088.47998046875,3788350000
2015-02-13,AAPL,28.328280346900737,28.328280346900737,27.965497351910535,28.283767700195312,217088800
2015-02-13,GOOG,26.891428952499112,27.216094688026462,26.880539554494778,27.171552658081055,38006060
2015-02-13,MSFT,36.97733898386831,37.395015716552734,36.781286175431234,37.395015716552734,40264900
2015-02-13,^GSPC,2088.780029296875,2097.030029296875,2086.699951171875,2096.989990234375,3527450000
2015-02-17,AAPL,28.37501768994175,28.684386851565183,28.248154785440164,28.45069122314453,252609600
2015-02-17,GOOG,27.06365677891128,27.220545874680372,26.779572639249945,26.86618423461914,32336537
2015-02-17,MSFT,37.7469659023056,37.77271898094542,37.077356384411296,37.41216278076172,33695700
2015-02-17,^GSPC,2096.469970703125,2101.300048828125,2089.800048828125,2100.340087890625,3361750000
2015-02-18,AAPL,28.406178497331744,28.662130462538304,28.36611643583812,28.64877700805664,179566800
2015-02-18,GOOG,26.794916438311088,26.997337674374798,26.602390695274185,26.710779190063477,29061570
2015-02-18,MSFT,37.45510033831803,37.51519306188225,37.24906580409227,37.3692512512207,27111700
2015-02-18,^GSPC,2099.159912109375,2100.22998046875,2092.14990234375,2099.679931640625,3370020000
2015-02-19,AAPL,28.59535317833285,28.717765476256087,28.56196954985219,28.58867645263672,149449600
2015-02-19,GOOG,26.628622044562658,26.87954577246825,26.62713781527346,26.86766815185547,19782163
2015-02-19,MSFT,37.06878391375307,37.36924750142431,36.95718174912912,37.3434944152832,27603400
2015-02-19,^GSPC,2099.25,2102.1298828125,2090.7900390625,2097.449951171875,3247100000
2015-02-20,AAPL,28.6265127571537,28.822372436523438,28.49965157108669,28.822372436523438,195793600
2015-02-20,GOOG,26.880538018128902,26.91122408248286,26.517761303470866,26.673662185668945,28887092
2015-02-20,MSFT,37.352082839714015,37.66971956171807,37.1632213906069,37.652549743652344,29721100
2015-02-20,^GSPC,2097.64990234375,2110.610107421875,2085.43994140625,2110.300048828125,3281600000
2015-02-23,AAPL,28.93810901824031,29.601356506347656,28.85798490989806,29.601356506347656,283896400
2015-02-23,GOOG,26.530134778161713,26.549388111044102,26.201508593790507,26.325239181518555,29157834
2015-02-23,MSFT,37.515191824425855,37.93584087550007,37.47226891969694,37.90150451660156,32518800
2015-02-23,^GSPC,2109.830078125,2110.050048828125,2103.0,2109.659912109375,3093680000
2015-02-24,AAPL,29.58799744745857,29.73489218426597,29.19405370641909,29.4166202545166,276912400
2015-02-24,GOOG,26.2307075627355,26.56675866793582,26.144097858372287,26.532114028930664,20101036
2015-02-24,MSFT,37.9015041094298,38.03027282223321,37.70405285514408,37.84999465942383,25271700
2015-02-24,^GSPC,2109.10009765625,2117.93994140625,2105.8701171875,2115.47998046875,3199840000
2015-02-25,AAPL,29.280862882102554,29.289767448381888,28.521909921395615,28.664352416992188,298846800
2015-02-25,GOOG,26.522710952291927,27.03346759252031,26.500191936770648,26.91716194152832,36519991
2015-02-25,MSFT,37.729793834033075,37.84997922690297,37.60102189892599,37.76413345336914,29759800
2015-02-25,^GSPC,2115.300048828125,2119.590087890625,2109.889892578125,2113.860107421875,3312340000
2015-02-26,AAPL,28.664341783140152,29.127280571112966,28.17914837991894,29.02712631225586,365150000
2015-02-26,GOOG,26.8844965445219,27.52442655054161,26.79986518405902,27.49176025390625,46230579
2015-02-26,MSFT,37.76415272577842,37.97018399732733,37.67830363362637,37.82424545288086,28957300
2015-02-26,^GSPC,2113.909912109375,2113.909912109375,2103.760009765625,2110.739990234375,3408690000
2015-02-27,AAPL,28.93365720347011,29.06052179210405,28.541941220848713,28.590906143188477,248059200
2015-02-27,GOOG,27.43039244821075,27.948572119288958,27.36407162955321,27.63627815246582,48203982
2015-02-27,MSFT,37.88432935795532,37.94442207106412,37.48084690581862,37.64395523071289,33807700
2015-02-27,^GSPC,2110.8798828125,2112.739990234375,2103.75,2104.5,3547380000
2015-03-02,AAPL,28.766736353081935,28.995979705716593,28.555298738023403,28.731124877929688,192386800
2015-03-02,GOOG,27.741695027018952,28.316790322933638,27.653599205083474,28.276702880859375,42592618
2015-03-02,MSFT,37.48942685379374,37.93583216505233,37.3864112511362,37.669708251953125,31924000
2015-03-02,^GSPC,2105.22998046875,2117.52001953125,2104.5,2117.389892578125,3409490000
2015-03-03,AAPL,28.702192515306365,28.826829277853392,28.50855724854495,28.791217803955078,151265200
2015-03-03,GOOG,28.232659933442413,28.477148884063915,28.038155819617504,28.390539169311523,34095352
2015-03-03,MSFT,37.39500289237145,37.62679048605148,36.99152042098686,37.15462875366211,31748600
2015-03-03,^GSPC,2115.760009765625,2115.760009765625,2098.260009765625,2107.780029296875,3262300000
2015-03-04,AAPL,28.73335331565114,28.835732063722944,28.559751615792635,28.608713150024414,126665200
2015-03-04,GOOG,28.302934497661848,28.562271395948056,28.111896761190057,28.377172470092773,37536775
2015-03-04,MSFT,36.92284835223946,37.09454326338872,36.81124944357928,36.96577453613281,25748700
2015-03-04,^GSPC,2107.719970703125,2107.719970703125,2094.489990234375,2098.530029296875,3421110000
2015-03-05,AAPL,28.617612649133473,28.655448562033296,27.989974931075338,28.1346435546875,226068400
2015-03-05,GOOG,28.45883433541097,28.601867479165016,28.379153555197554,28.474178314208984,27792094
2015-03-05,MSFT,36.97435787251427,37.1202996934285,36.75974005190538,37.008697509765625,23193500
2015-03-05,^GSPC,2098.5400390625,2104.25,2095.219970703125,2101.0400390625,3103030000
2015-03-06,AAPL,28.577552179150562,28.7934420686846,28.101261454083147,28.17693328857422,291368400
2015-03-06,GOOG,28.45190381367786,28.540989756905017,28.05002979161154,28.095809936523438,33182854
2015-03-06,MSFT,36.91426639122079,37.00869875944671,36.18456708643388,36.364845275878906,36248800
2015-03-06,^GSPC,2100.909912109375,2100.909912109375,2067.27001953125,2071.260009765625,3853570000
2015-03-09,AAPL,28.47961985670529,28.837953890483007,27.834176424134036,28.297115325927734,354114000
2015-03-09,GOOG,28.054977976772992,28.223746585844097,27.890419732454195,28.15346908569336,21242161
2015-03-09,MSFT,36.21889353453086,37.02585844222675,36.21889353453086,36.785484313964844,32108000
2015-03-09,^GSPC,2072.25,2083.489990234375,2072.2099609375,2079.429931640625,3349090000
2015-03-10,AAPL,28.13464793933434,28.31492636258057,27.553748911042486,27.71177101135254,275426400
2015-03-10,GOOG,27.925805557771707,27.9554996085572,27.454642282579353,27.4685001373291,35846146
2015-03-10,MSFT,36.3562573305524,36.66530751474769,36.081546783447266,36.081546783447266,39159700
2015-03-10,^GSPC,2076.139892578125,2076.139892578125,2044.1600341796875,2044.1600341796875,3668900000
2015-03-11,AAPL,27.765181763587254,27.769632348191667,27.1776061090033,27.206539154052734,275756000
2015-03-11,GOOG,27.47493423904803,27.62341017879839,27.254200563943048,27.278945922851562,36415706
2015-03-11,MSFT,36.321932437140745,36.373438634231334,35.91844976094946,36.03863525390625,32215300
2015-03-11,^GSPC,2044.68994140625,2050.080078125,2039.68994140625,2040.239990234375,3406570000
2015-03-12,AAPL,27.222119566256076,27.798567927648104,27.070774214428088,27.69841194152832,193450800
2015-03-12,GOOG,27.39426465233852,27.535809778013064,27.24331246566813,27.493247985839844,27792094
2015-03-12,MSFT,35.48061623382947,35.755326755581,35.07713372227853,35.2144889831543,59992500
2015-03-12,^GSPC,2041.0999755859375,2066.409912109375,2041.0999755859375,2065.949951171875,3405860000
2015-03-13,AAPL,27.687281955206664,27.909848527679312,27.28221086122838,27.507001876831055,207309200
2015-03-13,GOOG,27.393766935144612,27.636277506929524,26.934483160511437,27.087907791137695,34071287
2015-03-13,MSFT,34.93977604507605,35.60079921570377,34.86251351150119,35.523536682128906,58007700
2015-03-13,^GSPC,2064.56005859375,2064.56005859375,2041.1700439453125,2053.39990234375,3498560000
2015-03-16,AAPL,27.571551892676595,27.8096981048584,27.34676083218295,27.8096981048584,143497200
2015-03-16,GOOG,27.267562544882093,27.559565732631754,27.02257762174876,27.443754196166992,32819860
2015-03-16,MSFT,35.600792291023716,35.7467307844968,35.43768071031042,35.67805480957031,35273500
2015-03-16,^GSPC,2055.35009765625,2081.409912109375,2055.35009765625,2081.18994140625,3295600000
2015-03-17,AAPL,28.021134600076984,28.33717875688107,27.965492951426334,28.274860382080078,204092400
2015-03-17,GOOG,27.30517899842508,27.408616914344403,27.121564297537436,27.262121200561523,36110871
2015-03-17,MSFT,35.51494366520064,35.909842806405535,35.32608227572725,35.798240661621094,31673400
2015-03-17,^GSPC,2080.590087890625,2080.590087890625,2065.080078125,2074.280029296875,3221840000
2015-03-18,AAPL,28.26595883797083,28.74670351988461,28.125742488103533,28.59313201904297,261083600
2015-03-18,GOOG,27.344276992712242,27.704579368331956,27.07207234275031,27.69072151184082,42690887
2015-03-18,MSFT,35.566455920841136,36.768316702702194,35.48061012562556,36.48501968383789,44194800
2015-03-18,^GSPC,2072.840087890625,2106.85009765625,2061.22998046875,2099.5,4128210000
2015-03-19,AAPL,28.65544938106163,28.76673267962886,28.354984814539783,28.377241134643555,183238000
2015-03-19,GOOG,27.68527325075196,27.75505663632476,27.524671694953213,27.615985870361328,23945563
2015-03-19,MSFT,36.27900360776232,36.562300770443485,36.244667237129406,36.30475997924805,33879100
2015-03-19,^GSPC,2098.68994140625,2098.68994140625,2085.56005859375,2089.27001953125,3305220000
2015-03-20,AAPL,28.544172330386107,28.57755596882475,27.85644220977003,28.021141052246094,274780400
2015-03-20,GOOG,27.79712665149198,27.80059111522456,27.668447381346034,27.733280181884766,52337299
2015-03-20,MSFT,36.536545808797406,36.89710224310503,36.476453069746135,36.811256408691406,71904500
2015-03-20,^GSPC,2090.320068359375,2113.919921875,2090.320068359375,2108.10009765625,5554120000
2015-03-23,AAPL,28.292668184343317,28.455140859366967,28.15912685938606,28.312698364257812,150838800
2015-03-23,GOOG,27.73675102592943,27.832269903473552,27.509086499979098,27.656572341918945,32876014
2015-03-23,MSFT,36.81124101217285,37.02585878325043,36.725391938857435,36.794071197509766,26246100
2015-03-23,^GSPC,2107.989990234375,2114.860107421875,2104.419921875,2104.419921875,3267960000
2015-03-24,AAPL,28.31715043665406,28.497427148688423,28.168029517967973,28.196964263916016,131369200
2015-03-24,GOOG,27.84216480966913,28.43755282343975,27.775351769814907,28.21978759765625,51665459
2015-03-24,MSFT,36.72539982159898,37.06020309237302,36.69964673148036,36.82841873168945,25513300
2015-03-24,^GSPC,2103.93994140625,2107.6298828125,2091.5,2091.5,3189820000
2015-03-25,AAPL,28.16357541832474,28.22589378943832,27.460264205932617,27.460264205932617,206620800
2015-03-25,GOOG,28.23513046840236,28.32223617666849,27.65310622132637,27.655332565307617,43045859
2015-03-25,MSFT,36.84558370442776,36.8541702506399,35.57504667408279,35.59221649169922,43469900
2015-03-25,^GSPC,2093.10009765625,2097.429931640625,2061.050048828125,2061.050048828125,3521140000
2015-03-26,AAPL,27.322280418478798,27.794120594999193,27.28666894203646,27.65167808532715,190291600
2015-03-26,GOOG,27.596191494850707,27.661026197325445,27.252717319886706,27.476423263549805,31452115
2015-03-26,MSFT,35.386188170460834,35.720991454783224,35.12864415962071,35.377601623535156,37495600
2015-03-26,^GSPC,2059.93994140625,2067.14990234375,2045.5,2056.14990234375,3510670000
2015-03-27,AAPL,27.725127170260752,27.754060223095525,27.35566741894103,27.431339263916016,158184800
2015-03-27,GOOG,27.369020623156203,27.481861801679692,27.127994289061444,27.13838768005371,37949906
2015-03-27,MSFT,35.30033089559839,35.56645811689016,35.051376764178706,35.17156219482422,34401400
2015-03-27,^GSPC,2055.780029296875,2062.830078125,2052.9599609375,2061.02001953125,3008550000
2015-03-30,AAPL,27.60939312960263,28.132424408359668,27.598264118077452,28.125747680664062,188398800
2015-03-30,GOOG,27.30072173414462,27.392282019548453,27.129974788872463,27.321014404296875,25750504
2015-03-30,MSFT,35.28316839623891,35.66089785636695,35.12006003151602,35.16298294067383,35049700
2015-03-30,^GSPC,2064.110107421875,2088.969970703125,2064.110107421875,2086.239990234375,2917690000
2015-03-31,AAPL,28.06342950124279,28.152456505350326,27.67839012819735,27.6939697265625,168362400
2015-03-31,GOOG,27.2205462874368,27.453653590665485,27.058212490883076,27.121562957763672,31760961
2015-03-31,MSFT,35.00845309242948,35.22307088387362,34.80242184653537,34.90543746948242,34887200
2015-03-31,^GSPC,2084.050048828125,2084.050048828125,2067.0400390625,2067.889892578125,3376550000
2015-04-01,AAPL,27.780761124906427,27.847531779753435,27.3979463262866,27.653898239135742,162485600
2015-04-01,GOOG,27.151257576596628,27.276966502561876,26.7008810507498,26.852327346801758,39261497
2015-04-01,MSFT,34.85392462424695,34.991279866394244,34.604970499284995,34.95694351196289,36865300
2015-04-01,^GSPC,2067.6298828125,2067.6298828125,2048.3798828125,2059.68994140625,3543270000
2015-04-02,AAPL,27.827507166393538,27.94546721576615,27.640552000908354,27.892051696777344,128880400
2015-04-02,GOOG,26.76769570951711,26.76769570951711,26.42110354657176,26.504398345947266,34327989
2015-04-02,MSFT,34.90544399008497,34.974123268084554,34.441868688012406,34.58781051635742,37487500
2015-04-02,^GSPC,2060.030029296875,2072.169921875,2057.320068359375,2066.9599609375,3095960000
2015-04-06,AAPL,27.702867464536038,28.379470193137237,27.671708273578293,28.34385871887207,148776000
2015-04-06,GOOG,26.340584758993437,26.646939970405917,26.209431113737608,26.56552505493164,26488525
2015-04-06,MSFT,34.63072625197394,35.86692352654381,34.49337099924395,35.66947555541992,39223700
2015-04-06,^GSPC,2064.8701171875,2086.989990234375,2056.52001953125,2080.6201171875,3302970000
2015-04-07,AAPL,28.408404872080666,28.51523590490739,28.038945144652654,28.045621871948242,140049200
2015-04-07,GOOG,26.630605133575237,26.85876186880439,26.527661326547552,26.578142166137695,26057345
2015-04-07,MSFT,35.720981044487495,35.97852170546347,35.463440383511525,35.65230178833008,28809400
2015-04-07,^GSPC,2080.7900390625,2089.81005859375,2076.10009765625,2076.330078125,3065510000
2015-04-08,AAPL,28.0100121603576,28.13242449531792,27.814154122469844,27.954370498657227,149316800
2015-04-08,GOOG,26.645451734232868,26.916172142608804,26.645451734232868,26.805309295654297,23570536
2015-04-08,MSFT,35.592212403505336,35.7896603712032,35.231656099398144,35.5578727722168,24753400
2015-04-08,^GSPC,2076.93994140625,2086.68994140625,2073.300048828125,2081.89990234375,3265330000
2015-04-09,AAPL,28.010007694885584,28.172482068289785,27.745154582088954,28.16802978515625,129936000
2015-04-09,GOOG,26.77660246103261,26.8221364961216,26.502419492135893,26.764230728149414,31157308
2015-04-09,MSFT,35.41193086587651,35.72956423790927,35.41193086587651,35.609378814697266,25723900
2015-04-09,^GSPC,2081.2900390625,2093.31005859375,2074.2900390625,2091.179931640625,3172360000
2015-04-10,AAPL,28.032261807401454,28.31269619101809,27.878692012365974,28.2882137298584,160752000
2015-04-10,GOOG,26.838963087795975,26.838963087795975,26.592493933897263,26.72612190246582,28189181
2015-04-10,MSFT,35.73815570715242,36.01286621943795,35.549291001903256,35.8154182434082,28022000
2015-04-10,^GSPC,2091.510009765625,2102.610107421875,2091.510009765625,2102.06005859375,3156200000
2015-04-13,AAPL,28.570873036627983,28.615389073008984,28.179157047591232,28.232572555541992,145460400
2015-04-13,GOOG,26.64693432820795,26.926563881952433,26.592493025369677,26.684547424316406,32906096
2015-04-13,MSFT,35.540703683777316,36.1072944601943,35.532117139166935,35.84975051879883,30276700
2015-04-13,^GSPC,2102.030029296875,2107.64990234375,2092.330078125,2092.429931640625,2908420000
2015-04-14,AAPL,28.265960596322643,28.330505119560385,28.02336379681908,28.110164642333984,102098400
2015-04-14,GOOG,26.540034415971366,26.605363228170248,26.136280471770945,26.250011444091797,52082601
2015-04-14,MSFT,35.88409402719498,36.0815420020864,35.53212098068288,35.75532531738281,24244400
2015-04-14,^GSPC,2092.280029296875,2098.6201171875,2083.239990234375,2095.840087890625,3301270000
2015-04-15,AAPL,28.13464667828012,28.294893215067187,28.045619692477185,28.216995239257812,115881600
2015-04-15,GOOG,26.16637108617699,26.464807225799618,25.895156547998372,26.355924606323242,46376979
2015-04-15,MSFT,35.84974855739238,36.450678929758375,35.78107257830296,36.27898406982422,27343600
2015-04-15,^GSPC,2097.820068359375,2111.909912109375,2097.820068359375,2106.6298828125,4013760000
2015-04-16,AAPL,28.105710718716157,28.288215267615023,28.067874803248348,28.081228256225586,113476000
2015-04-16,GOOG,26.225759493229173,26.507369299997556,26.211407525221276,26.418777465820312,25997180
2015-04-16,MSFT,36.01285619836524,36.347659337374175,35.90125406042669,36.19313430786133,22509700
2015-04-16,^GSPC,2105.9599609375,2111.300048828125,2100.02001953125,2104.989990234375,3434120000
2015-04-17,AAPL,27.943238368434486,28.074551852348815,27.70063988225339,27.76518440246582,207828000
2015-04-17,GOOG,26.164388329552192,26.22278820996153,25.785775437859275,25.93623161315918,43037837
2015-04-17,MSFT,35.77248756486649,35.832583552000955,35.33466876436686,35.72956466674805,42387600
2015-04-17,^GSPC,2102.580078125,2102.580078125,2072.3701171875,2081.179931640625,3627600000
2015-04-20,AAPL,27.947689933899905,28.515233786494267,27.8586629477924,28.399499893188477,188217200
2015-04-20,GOOG,26.01294390865348,26.532113695696683,25.958502604207666,26.49697494506836,33585958
2015-04-20,MSFT,35.824001737421725,37.06019905040983,35.781078833636066,36.836997985839844,46057700
2015-04-20,^GSPC,2084.110107421875,2103.93994140625,2084.110107421875,2100.39990234375,3000160000
2015-04-21,AAPL,28.51078068083827,28.533035301511646,28.19250870073043,28.245925903320312,129740400
2015-04-21,GOOG,26.602392336577008,26.69543875264382,26.412590824122823,26.42719268798828,36895018
2015-04-21,MSFT,36.914251795072744,37.04302375079226,36.51076939030468,36.605201721191406,26013800
2015-04-21,^GSPC,2102.820068359375,2109.639892578125,2094.3798828125,2097.2900390625,3243410000
2015-04-22,AAPL,28.263735261694702,28.682159905817624,28.114616030326534,28.62651824951172,150618000
2015-04-22,GOOG,26.448473468203517,26.779079883507862,26.317319841801552,26.69420051574707,31871263
2015-04-22,MSFT,36.63096400255827,37.025863237703525,36.52794837699363,36.905677795410156,25064300
2015-04-22,^GSPC,2098.27001953125,2109.97998046875,2091.050048828125,2107.9599609375,3348480000
2015-04-23,AAPL,28.555293378323448,29.0271334491883,28.51968190985531,28.86020851135254,183083600
2015-04-23,GOOG,26.775121078422803,27.268059398675238,26.737011974856166,27.072071075439453,83697161
2015-04-23,MSFT,36.81983727570201,37.43793772246942,36.74257471985608,37.20615005493164,46309500
2015-04-23,^GSPC,2107.2099609375,2120.489990234375,2103.18994140625,2112.929931640625,3636670000
2015-04-24,AAPL,29.042721704515355,29.07388089787269,28.762285568201946,28.995981216430664,178103600
2015-04-24,GOOG,28.017365652352442,28.266805159856716,27.5793627581653,27.96589469909668,98650102
2015-04-24,MSFT,39.197795864858456,41.32680410240517,39.189212593554046,41.09501647949219,130933700
2015-04-24,^GSPC,2112.800048828125,2120.919921875,2112.800048828125,2117.68994140625,3375780000
2015-04-27,AAPL,29.447792358382642,29.630298638040404,29.18961423422666,29.52346420288086,387816800
2015-04-27,GOOG,27.95979671426969,28.086844094861956,27.454089111106043,27.56178092956543,47960000
2015-04-27,MSFT,40.54559595231583,41.31822137214293,40.537012680899025,41.23237228393555,59248200
2015-04-27,^GSPC,2119.2900390625,2125.919921875,2107.0400390625,2108.919921875,3438750000
2015-04-28,AAPL,29.926302131643034,29.94410446846122,28.83795175345525,29.058290481567383,475696000
2015-04-28,GOOG,27.5255559111676,27.59404249900625,27.31344551233881,27.47791290283203,29820000
2015-04-28,MSFT,41.0177510493497,42.24536507230379,40.94907505932827,42.20244216918945,60730800
2015-04-28,^GSPC,2108.35009765625,2116.0400390625,2094.889892578125,2114.760009765625,3546270000
2015-04-29,AAPL,28.969270286299476,29.28753890312954,28.55529626280579,28.63096809387207,253544400
2015-04-29,GOOG,27.318606842153724,27.477911605570604,27.141682534206723,27.249624252319336,33976000
2015-04-29,MSFT,41.82471968525343,42.331217845720616,41.635854965307324,42.116600036621094,47804600
2015-04-29,^GSPC,2112.489990234375,2113.64990234375,2097.409912109375,2106.85009765625,4074970000
2015-04-30,AAPL,28.63096292538986,28.63096292538986,27.72734321045829,27.854206085205078,332781600
2015-04-30,GOOG,27.189573465167296,27.225306666204713,26.553346423777004,26.666994094848633,41644000
2015-04-30,MSFT,41.80754429732608,42.52866017081502,41.72169522023964,41.75603485107422,64725500
2015-04-30,^GSPC,2105.52001953125,2105.52001953125,2077.590087890625,2085.510009765625,4509680000
2015-05-01,AAPL,28.065651870985942,28.962596821602947,27.887599584751868,28.699966430664062,234050400
2015-05-01,GOOG,26.721085692193764,26.776172560034222,26.406942122572396,26.69478416442871,35364000
2015-05-01,MSFT,41.704536433231546,41.96207716275732,41.55001134055447,41.77321243286133,38937300
2015-05-01,^GSPC,2087.3798828125,2108.409912109375,2087.3798828125,2108.2900390625,3379390000
2015-05-04,AAPL,28.822377324431148,29.06052523824225,28.5463934927065,28.644323348999023,203953200
2015-05-04,GOOG,26.72604958272281,27.000987917259966,26.553841119734695,26.837711334228516,26160000
2015-05-04,MSFT,41.524253782252174,41.953489410732615,41.361145422360465,41.412654876708984,34039500
2015-05-04,^GSPC,2110.22998046875,2120.949951171875,2110.22998046875,2114.489990234375,3091580000
2015-05-05,AAPL,28.521913771311066,28.588684443030946,27.994431917309164,27.998884201049805,197085600
2015-05-05,GOOG,26.71017068177403,26.78610113491824,26.322131762332305,26.342430114746094,27662000
2015-05-05,MSFT,41.05209638866297,41.34397675514713,40.61427747634073,40.86323165893555,50369200
2015-05-05,^GSPC,2112.6298828125,2115.239990234375,2088.4599609375,2089.4599609375,3793950000
2015-05-06,AAPL,28.16803446065941,28.21032266720479,27.455821865440612,27.823057174682617,288564000
2015-05-06,GOOG,26.364265571989296,26.420840461047074,25.860295839309458,26.015878677368164,31340000
2015-05-06,MSFT,40.83746608905464,41.009160947720225,39.50683666530865,39.730037689208984,52433000
2015-05-06,^GSPC,2091.260009765625,2098.419921875,2067.929931640625,2080.14990234375,3792210000
2015-05-07,AAPL,27.88564088722753,28.17842228672656,27.718018612416937,27.995155334472656,175763600
2015-05-07,GOOG,26.004462137861868,26.474438457179854,25.893296384369023,26.337465286254883,30926000
2015-05-07,MSFT,39.72146758188413,40.42541378834348,39.627035214586975,40.09061050415039,32971700
2015-05-07,^GSPC,2079.9599609375,2092.89990234375,2074.989990234375,2088.0,3676640000
2015-05-08,AAPL,28.312514986684672,28.522602081298828,28.185122147536905,28.522602081298828,222201600
2015-05-08,GOOG,26.632748378853492,26.856073765701492,26.05458429211076,26.710662841796875,30552000
2015-05-08,MSFT,40.8203056816061,41.189448566613315,40.794552593054654,40.992000579833984,35364900
2015-05-08,^GSPC,2092.1298828125,2117.659912109375,2092.1298828125,2116.10009765625,3399440000
2015-05-11,AAPL,28.471190892738576,28.50918485099784,28.077836963604977,28.2320499420166,168143200
2015-05-11,GOOG,26.718112859026665,26.897269202252982,26.57071789089078,26.58560562133789,18106000
2015-05-11,MSFT,40.820315676621725,41.129365914142525,40.66579055786133,40.66579055786133,24609400
2015-05-11,^GSPC,2115.56005859375,2117.68994140625,2104.580078125,2105.330078125,2992670000
2015-05-12,AAPL,28.071128599009672,28.357203525576022,27.896801797204617,28.131473541259766,192640000
2015-05-12,GOOG,26.382128554794505,26.461979712734717,26.067488980634252,26.255081176757812,32684000
2015-05-12,MSFT,40.21937734475429,40.9319100646532,39.85023443983451,40.64861297607422,29928300
2015-05-12,^GSPC,2102.8701171875,2105.06005859375,2085.570068359375,2099.1201171875,3139520000
2015-05-13,AAPL,28.194060572769125,28.42649694576511,28.131481877182047,28.162771224975586,138776800
2015-05-13,GOOG,26.330515982828498,26.517216508076316,26.235975875650105,26.28386688232422,25046000
2015-05-13,MSFT,41.36972646226245,41.48132863659305,40.83747522860602,40.88898468017578,34184600
2015-05-13,^GSPC,2099.6201171875,2110.18994140625,2096.0400390625,2098.47998046875,3374260000
2015-05-14,AAPL,28.475666191174675,28.819849014282227,28.419792112662968,28.819849014282227,180814000
2015-05-14,GOOG,26.48981962013835,26.74937421236589,26.422326944849118,26.71959686279297,28078000
2015-05-14,MSFT,41.23237500415677,41.91056810910208,41.23237500415677,41.82472229003906,32980900
2015-05-14,^GSPC,2100.429931640625,2121.449951171875,2100.429931640625,2121.10009765625,3225740000
2015-05-15,AAPL,28.846663052925432,28.940531070085896,28.654456138659093,28.779613494873047,152832000
2015-05-15,GOOG,26.758306211278597,26.76297093183773,26.32158121467734,26.493789672851562,39426000
2015-05-15,MSFT,41.95348927205505,41.98782890817388,41.24954310565865,41.46416091918945,28642700
2015-05-15,^GSPC,2122.070068359375,2123.889892578125,2116.81005859375,2122.72998046875,3092080000
2015-05-18,AAPL,28.692455210905617,29.21543571850021,28.687984330162653,29.096982955932617,203531600
2015-05-18,GOOG,26.40247648621048,26.541929675623006,26.245651755622735,26.416868209838867,40068000
2015-05-18,MSFT,41.18943780562787,41.39547228463515,40.871804455514955,41.21519088745117,24136500
2015-05-18,^GSPC,2121.300048828125,2131.780029296875,2120.010009765625,2129.199951171875,2888190000
2015-05-19,AAPL,29.208728417205545,29.25119325465269,28.97405664887513,29.070161819458008,178532800
2015-05-19,GOOG,26.50024338604702,26.831758511285642,26.453594284032864,26.667985916137695,39338000
2015-05-19,MSFT,41.09422983046197,41.310242386411666,40.76588982251323,41.11151123046875,28574800
2015-05-19,^GSPC,2129.449951171875,2133.02001953125,2124.5,2127.830078125,3296030000
2015-05-20,AAPL,29.054517175347726,29.273542580713503,28.9070088081435,29.06792640686035,145819600
2015-05-20,GOOG,26.72406237782053,26.943913833789413,26.450216403848646,26.762771606445312,28616000
2015-05-20,MSFT,40.947339578449366,41.41392749036231,40.84365447449872,41.11151123046875,25047900
2015-05-20,^GSPC,2127.7900390625,2134.719970703125,2122.590087890625,2125.85009765625,3025880000
2015-05-21,AAPL,29.07016760399463,29.418821313047655,29.016527260185256,29.36518096923828,158921600
2015-05-21,GOOG,26.69726539528515,26.989573390302905,26.599499357846064,26.923568725585938,29254000
2015-05-21,MSFT,40.85230007820489,41.12879593047673,40.61900608483355,40.9732666015625,22410700
2015-05-21,^GSPC,2125.550048828125,2134.280029296875,2122.949951171875,2130.820068359375,3070460000
2015-05-22,AAPL,29.41211255365052,29.718301373679715,29.36741056829742,29.622196197509766,182384000
2015-05-22,GOOG,26.806444546220217,27.006940440352494,26.77468317655412,26.804460525512695,23524000
2015-05-22,MSFT,40.869582100758365,40.91278396031401,40.45483831606115,40.523963928222656,25720600
2015-05-22,^GSPC,2130.360107421875,2132.14990234375,2126.06005859375,2126.06005859375,2571860000
2015-05-26,AAPL,29.635600904936386,29.704884189288705,28.85783158375624,28.969579696655273,282790400
2015-05-26,GOOG,26.705704002364126,26.749377074447352,26.29677039962965,26.417861938476562,48130000
2015-05-26,MSFT,40.46348087177267,40.5066827315484,39.910485859935136,40.256107330322266,29581900
2015-05-26,^GSPC,2125.340087890625,2125.340087890625,2099.179931640625,2104.199951171875,3342130000
2015-05-27,AAPL,29.13050732991539,29.559619822667745,29.0656949025357,29.51045036315918,183332800
2015-05-27,GOOG,26.441682983149498,26.82629907039141,26.387590015661665,26.78858184814453,30500000
2015-05-27,MSFT,40.45484662922138,41.275695313819035,40.282035859396935,41.137447357177734,27335600
2015-05-27,^GSPC,2105.1298828125,2126.219970703125,2105.1298828125,2123.47998046875,3127960000
2015-05-28,AAPL,29.470221192301462,29.49033504010866,29.300365238124932,29.452341079711914,122933200
2015-05-28,GOOG,26.700243789307727,26.829277089663094,26.612899539498528,26.7880859375,20596000
2015-05-28,MSFT,41.042400781494386,41.49170745926485,40.947354694415274,40.99919891357422,19283700
2015-05-28,^GSPC,2122.27001953125,2122.27001953125,2112.860107421875,2120.7900390625,2980350000
2015-05-29,AAPL,29.329418658749454,29.37858811784808,29.03216816884701,29.117097854614258,203538000
2015-05-29,GOOG,26.668482821627762,26.73101355867342,26.374686801301433,26.407440185546875,51948000
2015-05-29,MSFT,40.981907380287375,41.102873899008706,40.25610497186893,40.48939895629883,36519600
2015-05-29,^GSPC,2120.659912109375,2120.659912109375,2104.889892578125,2107.389892578125,3927390000
2015-06-01,AAPL,29.11709551740421,29.36517652829473,29.065692327120992,29.175203323364258,128451200
2015-06-01,GOOG,26.639697219273938,26.639697219273938,26.29081435501343,26.5007381439209,38086000
2015-06-01,MSFT,40.66220271197051,41.27567754953237,40.282018522762705,40.80908966064453,28837300
2015-06-01,^GSPC,2108.639892578125,2119.14990234375,2102.5400390625,2111.72998046875,3011710000
2015-06-02,AAPL,29.023227010852352,29.202024716623274,28.902540520369467,29.045578002929688,134670400
2015-06-02,GOOG,26.448132873121597,26.94788461091323,26.36872849952296,26.7583065032959,38780000
2015-06-02,MSFT,40.549886856928325,40.912786454629185,40.28203003760807,40.54124450683594,21498300
2015-06-02,^GSPC,2110.409912109375,2117.590087890625,2099.139892578125,2109.60009765625,3049350000
2015-06-03,AAPL,29.202019223767014,29.264597897473493,29.032159900607756,29.081329345703125,123934000
2015-06-03,GOOG,26.79453859946637,26.972701034237932,26.65557951080676,26.814388275146484,34340000
2015-06-03,MSFT,40.93005754252306,41.24975849354632,40.45483058603522,40.480751037597656,28002200
2015-06-03,^GSPC,2110.639892578125,2121.919921875,2109.610107421875,2114.070068359375,3099980000
2015-06-04,AAPL,28.96065131672259,29.184147619450545,28.810909203128812,28.911481857299805,153800400
2015-06-04,GOOG,26.687837862966227,26.828283069376845,26.517117405956864,26.635231018066406,26966000
2015-06-04,MSFT,40.42891494523404,40.74861263820914,39.91912512860817,40.057373046875,27745500
2015-06-04,^GSPC,2112.35009765625,2112.889892578125,2093.22998046875,2095.840087890625,3200050000
2015-06-05,AAPL,28.942767462626342,28.98523230030165,28.687981846856992,28.75279426574707,142507200
2015-06-05,GOOG,26.61786013148103,26.66004518511544,26.427786013545905,26.467985153198242,27764000
2015-06-05,MSFT,40.014180799309266,40.195630617590304,39.60807599984024,39.86729049682617,25438100
2015-06-05,^GSPC,2095.090087890625,2100.989990234375,2085.669921875,2092.830078125,3243690000
2015-06-08,AAPL,28.808673873642665,28.877960596493892,28.346038271178,28.562829971313477,210699200
2015-06-08,GOOG,26.46699415894015,26.50719140698615,26.11612536207427,26.145404815673828,30412000
2015-06-08,MSFT,40.00552410357298,40.1178515538899,39.46117154782635,39.51301574707031,22121600
2015-06-08,^GSPC,2092.340087890625,2093.010009765625,2079.110107421875,2079.280029296875,2917150000
2015-06-09,AAPL,28.31697624486264,28.62540218350224,28.075601573279236,28.477893829345703,224301600
2015-06-09,GOOG,26.181633409302567,26.26302180709425,25.95582608835165,26.138456344604492,29106000
2015-06-09,MSFT,39.53893618706831,39.694465488664655,39.27972178310439,39.44389343261719,24406100
2015-06-09,^GSPC,2079.070068359375,2085.6201171875,2072.139892578125,2080.14990234375,3034580000
2015-06-10,AAPL,28.589641307592938,28.907005589086815,28.573996637523273,28.80419921875,156349200
2015-06-10,GOOG,26.27096260966143,26.71761150363163,26.270466604464023,26.634733200073242,36300000
2015-06-10,MSFT,39.56485188528453,40.463464712554575,39.478444904149356,40.273372650146484,28417400
2015-06-10,^GSPC,2081.1201171875,2108.5,2081.1201171875,2105.199951171875,3414320000
2015-06-11,AAPL,28.8712495066725,29.094745799779854,28.71480278355391,28.73938751220703,141563600
2015-06-11,GOOG,26.720837599302122,26.74838103312928,26.45259912273765,26.53150749206543,24350000
2015-06-11,MSFT,40.31659515053227,40.541246824414635,39.858649452181105,40.126502990722656,27347800
2015-06-11,^GSPC,2106.239990234375,2115.02001953125,2106.239990234375,2108.860107421875,3128600000
2015-06-12,AAPL,28.649994797052155,28.681284146522692,28.4086183538723,28.422027587890625,147544800
2015-06-12,GOOG,26.382126739933135,26.457561174614113,26.310662239738075,26.41835594177246,19116000
2015-06-12,MSFT,39.93640671381109,40.15241929310069,39.65991087600762,39.720394134521484,23931000
2015-06-12,^GSPC,2107.429931640625,2107.429931640625,2091.330078125,2094.110107421875,2719400000
2015-06-15,AAPL,28.18288111006913,28.437666737767664,28.09571769560075,28.366147994995117,175955600
2015-06-15,GOOG,26.203468101494,26.218357723199443,26.004958112534343,26.163766860961914,32654000
2015-06-15,MSFT,39.27108805931818,39.44389878410327,38.899546154661905,39.2970085144043,33254500
2015-06-15,^GSPC,2091.340087890625,2091.340087890625,2072.489990234375,2084.429931640625,3061570000
2015-06-16,AAPL,28.390732720219393,28.573999605129494,28.24322605926313,28.518125534057617,125976400
2015-06-16,GOOG,26.223320407380392,26.284859130431588,26.082377307877575,26.210912704467773,21436000
2015-06-16,MSFT,39.18468300559744,39.95369060448751,39.14148114626646,39.599430084228516,27070300
2015-06-16,^GSPC,2084.260009765625,2097.39990234375,2082.10009765625,2096.2900390625,2919900000
2015-06-17,AAPL,28.544942620252378,28.580701135204325,28.325915535035048,28.451074600219727,131672400
2015-06-17,GOOG,26.271460591562217,26.35136097679835,26.059548981047072,26.266000747680664,25884000
2015-06-17,MSFT,39.513020608123696,39.80679784780117,39.19332291368038,39.720394134521484,28704100
2015-06-17,^GSPC,2097.39990234375,2106.7900390625,2088.860107421875,2100.43994140625,3222240000
2015-06-18,AAPL,28.435430619491505,28.67680529040624,28.433195179396215,28.58070182800293,141628800
2015-06-18,GOOG,26.352350644351603,26.707189350061622,26.34192885589955,26.63671875,36662000
2015-06-18,MSFT,39.9364134888329,40.43756104383507,39.89320832877312,40.368438720703125,32658300
2015-06-18,^GSPC,2101.580078125,2126.64990234375,2101.580078125,2121.239990234375,3520360000
2015-06-19,AAPL,28.542709145579792,28.56729387230134,28.24992957025751,28.294628143310547,218867600
2015-06-19,GOOG,26.660540615535528,26.712153553310493,26.452102950496414,26.634733200073242,37870000
2015-06-19,MSFT,40.4289147177523,40.46347752114713,39.737675130307565,39.83271789550781,63837000
2015-06-19,^GSPC,2121.06005859375,2121.639892578125,2109.449951171875,2109.989990234375,4449810000
2015-06-22,AAPL,28.493536967605955,28.62092976428129,28.40190439006669,28.520357131958008,136157200
2015-06-22,GOOG,26.77865561145297,26.984611368060165,26.676421740984157,26.709177017211914,25006000
2015-06-22,MSFT,40.031452479922244,40.36843157374661,39.884562213125,39.945045471191406,20318100
2015-06-22,^GSPC,2112.5,2129.8701171875,2112.5,2122.85009765625,3030020000
2015-06-23,AAPL,28.491311901634834,28.520365809667116,28.35721274421417,28.390737533569336,121075600
2015-06-23,GOOG,26.78113732192978,26.873394292724292,26.563271762215354,26.822824478149414,23950000
2015-06-23,MSFT,39.858640702063305,39.988246267588714,39.4179732094422,39.668548583984375,25896500
2015-06-23,^GSPC,2123.159912109375,2128.030029296875,2119.889892578125,2124.199951171875,3091190000
2015-06-24,AAPL,28.430965482373335,29.009821813817823,28.41085163287626,28.632112503051758,221123600
2015-06-24,GOOG,26.799002606752335,26.799002606752335,26.583618969248448,26.69180679321289,25732000
2015-06-24,MSFT,39.46117359623305,39.96232432666915,39.35748848845288,39.43525314331055,34890900
2015-06-24,^GSPC,2123.64990234375,2125.10009765625,2108.580078125,2108.580078125,3102480000
2015-06-25,AAPL,28.799728367205564,28.875716277578956,28.495773315429688,28.495773315429688,127752400
2015-06-25,GOOG,26.742924990372195,26.8436689546078,26.562278747558594,26.562278747558594,26714000
2015-06-25,MSFT,39.77223013946283,39.798153887122204,39.31428458259024,39.44389343261719,20616000
2015-06-25,^GSPC,2109.9599609375,2116.0400390625,2101.780029296875,2102.31005859375,3214610000
2015-06-26,AAPL,28.533773621853992,28.605292373182664,28.27451878771564,28.328157424926758,176267200
2015-06-26,GOOG,26.663021090090275,26.687834600663752,26.36971922344439,26.386592864990234,42182000
2015-06-26,MSFT,39.443896900745116,39.988246208104584,38.90818334988145,39.10691452026367,49835300
2015-06-26,^GSPC,2102.6201171875,2108.919921875,2095.3798828125,2101.489990234375,5025470000
2015-06-29,AAPL,28.039840880601187,28.26557258310105,27.820815498292976,27.831989288330078,196645600
2015-06-29,GOOG,26.05508219263819,26.233742515113015,25.833246698350102,25.881881713867188,38756000
2015-06-29,MSFT,38.91683671239126,39.0810051267099,38.32928208754713,38.337921142578125,34081700
2015-06-29,^GSPC,2098.6298828125,2098.6298828125,2056.639892578125,2057.639892578125,3678960000
2015-06-30,AAPL,28.06442952719678,28.187353170768603,27.90574736331223,28.033140182495117,177482800
2015-06-30,GOOG,26.105206917119617,26.11662071650879,25.831260586582086,25.831756591796875,44344000
2015-06-30,MSFT,38.63168554527215,38.640327893506296,37.966366463116934,38.14781951904297,35945400
2015-06-30,^GSPC,2061.18994140625,2074.280029296875,2056.320068359375,2063.110107421875,4078540000
2015-07-01,AAPL,28.361677708031362,28.370617763670218,28.158295278815146,28.294628143310547,120955200
2015-07-01,GOOG,26.041187323722706,26.088830330357357,25.718607858193902,25.897762298583984,39220000
2015-07-01,MSFT,38.415682511317684,39.081001758464254,38.1046238195514,38.40704345703125,28343900
2015-07-01,^GSPC,2067.0,2082.780029296875,2067.0,2077.419921875,3727260000
2015-07-02,AAPL,28.25663373098352,28.314743239130355,28.109125373028,28.258869171142578,108844000
2015-07-02,GOOG,25.86004589595944,26.037216308057232,25.86004589595944,25.975181579589844,24718000
2015-07-02,MSFT,38.43296433381375,38.66625835517477,38.070064720201685,38.36384201049805,21752000
2015-07-02,^GSPC,2078.030029296875,2085.06005859375,2071.02001953125,2076.780029296875,2996540000
2015-07-06,AAPL,27.923630263093703,28.21194071531361,27.903514707982673,28.16053581237793,112241600
2015-07-06,GOOG,25.781632805483216,26.06699292704751,25.756819293423195,25.948381423950195,25610000
2015-07-06,MSFT,37.98366351488657,38.43297022158891,37.97502445918275,38.35520553588867,23034000
2015-07-06,^GSPC,2073.949951171875,2078.610107421875,2058.39990234375,2068.760009765625,3486360000
2015-07-07,AAPL,28.135946131868533,28.194055641238762,27.662133411506012,28.09124755859375,187787200
2015-07-07,GOOG,25.961780229852447,26.1131451092244,25.567240290379335,26.05557632446289,31944000
2015-07-07,MSFT,38.311994294581716,38.44160317107866,37.430662504238185,38.27743148803711,36435800
2015-07-07,^GSPC,2069.52001953125,2083.739990234375,2044.02001953125,2081.340087890625,4458660000
2015-07-08,AAPL,27.82081676371209,27.856575280654905,27.387233449219746,27.393938064575195,243046400
2015-07-08,GOOG,25.858557656239594,25.94213075392496,25.613396650980622,25.649127960205078,25934000
2015-07-08,MSFT,38.39839335707997,38.795858991948556,38.04413287319663,38.2255859375,39785900
2015-07-08,^GSPC,2077.659912109375,2077.659912109375,2044.6600341796875,2046.6800537109375,3608780000
2015-07-09,AAPL,27.68000915361893,27.72694315969136,26.64522216989023,26.835193634033203,314380000
2015-07-09,GOOG,25.961286236399427,25.993543614135035,25.823817064095103,25.840194702148438,36846000
2015-07-09,MSFT,38.66624901644305,39.07235369214671,38.45023645210537,38.4675178527832,32424700
2015-07-09,^GSPC,2049.72998046875,2074.280029296875,2049.72998046875,2051.31005859375,3446810000
2015-07-10,AAPL,27.25313952353413,27.68001657230233,27.089986473338655,27.552623748779297,245418000
2015-07-10,GOOG,26.11860916184972,26.429774845150362,26.081883947749617,26.309179306030273,39134000
2015-07-10,MSFT,38.890906261240424,39.00323373385692,38.510725279580015,38.5452880859375,25465800
2015-07-10,^GSPC,2052.739990234375,2081.31005859375,2052.739990234375,2076.6201171875,3065070000
2015-07-13,AAPL,27.943743276708435,28.10689633274658,27.78506110173518,28.08454704284668,165762000
2015-07-13,GOOG,26.445651427986082,27.15185492842144,26.42183181931421,27.12406349182129,44130000
2015-07-13,MSFT,38.86498844601911,39.41798020096098,38.839067987534605,39.34885787963867,28178300
2015-07-13,^GSPC,2080.030029296875,2100.669921875,2080.030029296875,2099.60009765625,3096730000
2015-07-14,AAPL,28.169471541818215,28.243225723991486,27.945975260183804,28.073368072509766,127072400
2015-07-14,GOOG,27.134487938249897,28.08183335901995,27.132007911988858,27.84615135192871,64882000
2015-07-14,MSFT,39.27108179980413,39.71174594648164,39.150115300562845,39.41796875,22880300
2015-07-14,^GSPC,2099.719970703125,2111.97998046875,2098.179931640625,2108.949951171875,3002120000
2015-07-15,AAPL,28.097954011692185,28.417553776418547,28.06666466732524,28.343799591064453,134596800
2015-07-15,GOOG,27.798010942739097,28.114288107985693,27.632254325632292,27.80247688293457,35692000
2015-07-15,MSFT,39.469810503332035,39.651260240955395,39.25379796918337,39.53893280029297,26629600
2015-07-15,^GSPC,2109.010009765625,2114.139892578125,2102.489990234375,2107.39990234375,3261810000
2015-07-16,AAPL,28.5494090432569,28.734913035682272,28.46224564660828,28.721500396728516,144889600
2015-07-16,GOOG,28.045651560894623,28.817859696873313,28.039695712355318,28.776668548583984,95366000
2015-07-16,MSFT,39.75495906891129,40.34251362847011,39.720399556536115,40.316593170166016,26271700
2015-07-16,^GSPC,2110.550048828125,2124.419921875,2110.550048828125,2124.2900390625,3227080000
2015-07-17,AAPL,28.848893235248298,28.969579696655273,28.67680018650489,28.969579696655273,184658800
2015-07-17,GOOG,32.2084274215138,33.472346980105165,32.009915560005936,33.396018981933594,223298000
2015-07-17,MSFT,40.221533507811955,40.420264645222474,39.970958175215756,40.28201675415039,29467100
2015-07-17,^GSPC,2126.800048828125,2128.909912109375,2119.8798828125,2126.639892578125,3362750000
2015-07-20,AAPL,29.271311209770232,29.718303817801807,29.21096625280674,29.51715850830078,235600800
2015-07-20,GOOG,32.716616960815635,33.1950271784508,32.407435369942036,32.90420913696289,117218000
2015-07-20,MSFT,40.30795379179442,40.72269760177718,40.126500696853185,40.54124450683594,30631900
2015-07-20,^GSPC,2126.85009765625,2132.820068359375,2123.659912109375,2128.280029296875,3245870000
2015-07-21,AAPL,29.69148292265571,29.707125889309452,29.12603759259452,29.222139358520508,307025600
2015-07-21,GOOG,32.516619900464065,33.39949778212974,32.47145692395905,32.86848068237305,67544000
2015-07-21,MSFT,40.42026602086295,40.89549625268108,40.16105162829204,40.852291107177734,42781900
2015-07-21,^GSPC,2127.550048828125,2128.489990234375,2115.39990234375,2119.2099609375,3343690000
2015-07-22,AAPL,27.264302988000672,28.04877518577533,27.264302988000672,27.986196517944336,461802400
2015-07-22,GOOG,32.79850793961844,33.67940195195657,32.704713720443785,32.858558654785156,78586000
2015-07-22,MSFT,39.262450857872224,40.549887465420085,39.055080597814445,39.34885787963867,59152400
2015-07-22,^GSPC,2118.2099609375,2118.510009765625,2110.0,2114.14990234375,3694070000
2015-07-23,AAPL,28.20523588890487,28.404147484253883,27.950450211600703,27.972801208496094,203998000
2015-07-23,GOOG,32.81736457673625,32.93448617868094,31.811409170876153,31.97418975830078,60582000
2015-07-23,MSFT,39.11556332190253,39.94505094279825,38.96867303498449,39.841365814208984,33934000
2015-07-23,^GSPC,2114.159912109375,2116.8701171875,2098.6298828125,2102.14990234375,3772810000
2015-07-24,AAPL,28.00854990684103,28.102417922355972,27.69118564192418,27.82528305053711,168649200
2015-07-24,GOOG,32.109174185767735,32.16724087296572,30.894287023463715,30.945899963378906,72514000
2015-07-24,MSFT,39.6685489977469,40.022809487622574,39.573502937716064,39.6944694519043,32333200
2015-07-24,^GSPC,2102.239990234375,2106.010009765625,2077.090087890625,2079.64990234375,3870040000
2015-07-27,AAPL,27.51015934382436,27.626378377218433,27.293369360452058,27.438640594482422,177822000
2015-07-27,GOOG,30.81885457512733,31.47890504248779,30.79404106057501,31.129526138305664,53508000
2015-07-27,MSFT,39.694466898227596,39.75495015143062,39.098273418330564,39.18467712402344,39701400
2015-07-27,^GSPC,2078.18994140625,2078.18994140625,2063.52001953125,2067.639892578125,3836750000
2015-07-28,AAPL,27.574966430664062,27.693420874277674,27.389465840958135,27.574966430664062,134472400
2015-07-28,GOOG,31.405949447043778,31.405949447043778,30.933493133597004,31.16624641418457,34546000
2015-07-28,MSFT,39.38341800613678,39.43525891957517,38.700817413079186,39.17604446411133,34328900
2015-07-28,^GSPC,2070.75,2095.60009765625,2069.090087890625,2093.25,4117740000
2015-07-29,AAPL,27.523570362234157,27.601793728127678,27.3268925221116,27.487810134887695,148046800
2015-07-29,GOOG,31.20594753879253,31.432248950888397,30.90073586912804,31.361282348632812,31502000
2015-07-29,MSFT,39.22787926394832,40.4202661322792,39.10690947073127,39.996883392333984,40945900
2015-07-29,^GSPC,2094.699951171875,2110.60009765625,2094.080078125,2108.570068359375,4038900000
2015-07-30,AAPL,27.33806957344473,27.39394365299356,27.201736682934268,27.349245071411133,134513200
2015-07-30,GOOG,31.26550375454525,31.52456046760519,30.870963782544994,31.394039154052734,29484000
2015-07-30,MSFT,39.97096596847952,40.95598609252153,39.68583107958895,40.50667953491211,39777900
2015-07-30,^GSPC,2106.780029296875,2110.47998046875,2094.969970703125,2108.6298828125,3579410000
2015-07-31,AAPL,27.40064586489844,27.409585921458618,27.022938279794158,27.1101016998291,171540000
2015-07-31,GOOG,31.33399008268344,31.4099205306011,31.042178095736297,31.047637939453125,34122000
2015-07-31,MSFT,40.86093646930375,40.93005877424703,40.178335991504746,40.35114669799805,31201500
2015-07-31,^GSPC,2111.60009765625,2114.239990234375,2102.070068359375,2103.840087890625,3681340000
2015-08-03,AAPL,27.15480351346365,27.393944513236637,26.265287388850833,26.470905303955078,279904000
2015-08-03,GOOG,31.034239790776205,31.41716719864327,31.034239790776205,31.32555389404297,26090000
2015-08-03,MSFT,40.59308448510726,40.610365887398714,40.13513886070044,40.446197509765625,24125900
2015-08-03,^GSPC,2104.489990234375,2105.699951171875,2087.31005859375,2098.0400390625,3476770000
2015-08-04,AAPL,26.242931913697134,26.305510597188796,25.310952866393624,25.621612548828125,496554400
2015-08-04,GOOG,31.1870917765787,31.50421328833415,31.12456104090153,31.228282928466797,29818000
2015-08-04,MSFT,40.394345826774234,41.223833206700974,40.33386257799352,41.07694625854492,33403900
2015-08-04,^GSPC,2097.679931640625,2102.510009765625,2088.60009765625,2093.320068359375,3546710000
2015-08-05,AAPL,25.24390643000012,26.247406045777524,25.053934915824794,25.791473388671875,397250400
2015-08-05,GOOG,31.48039272781733,32.15185888148094,31.422329823771275,31.94937515258789,46686000
2015-08-05,MSFT,41.45712934233424,41.82867120225492,41.07694843045519,41.11151123046875,26959700
2015-08-05,^GSPC,2095.27001953125,2112.659912109375,2095.27001953125,2099.840087890625,3968680000
2015-08-06,AAPL,26.036184672313123,26.15517360004119,25.62084534827494,25.847597122192383,211612000
2015-08-06,GOOG,32.00992059935409,32.02873093491705,31.377165597688368,31.89478302001953,31452000
2015-08-06,MSFT,41.22383154210703,41.27567573729271,40.03144471764391,40.28201675415039,27368000
2015-08-06,^GSPC,2100.75,2103.320068359375,2075.530029296875,2083.56005859375,4246570000
2015-08-07,AAPL,25.724117682782484,26.099045495153465,25.706156638237175,25.93515396118164,154681600
2015-08-07,GOOG,31.77319892293375,31.894784576127805,31.251113641804523,31.528532028198242,28078000
2015-08-07,MSFT,40.08329966553944,40.42027881212991,39.97097218464567,40.385719299316406,19163000
2015-08-07,^GSPC,2082.610107421875,2082.610107421875,2067.909912109375,2077.570068359375,3602320000
2015-08-10,AAPL,26.16191090980499,26.938708204443447,26.16191090980499,26.87809181213379,219806400
2015-08-10,GOOG,31.735976979864805,31.93250296367452,31.32749016222273,31.45061683654785,36184000
2015-08-10,MSFT,40.56716394711464,41.03375191976239,40.472117882750425,40.895503997802734,23079900
2015-08-10,^GSPC,2080.97998046875,2105.35009765625,2080.97998046875,2104.179931640625,3514460000
2015-08-11,AAPL,26.449272696917568,26.532341228839822,25.443478357436547,25.479398727416992,388331200
2015-08-11,GOOG,33.21090857770177,33.49378676467264,32.469967720152965,32.79304504394531,100584000
2015-08-11,MSFT,40.454838834748784,40.55852395822983,39.65991406124306,40.10057830810547,29237400
2015-08-11,^GSPC,2102.659912109375,2102.659912109375,2076.489990234375,2084.070068359375,3708880000
2015-08-12,AAPL,25.263877185212362,25.91270496835857,24.612803843156907,25.87229347229004,404870000
2015-08-12,GOOG,32.90719048154273,33.00247649359716,32.37170550868961,32.73250198364258,58734000
2015-08-12,MSFT,39.910488917108445,40.52396723884303,39.49574509852858,40.385719299316406,30181400
2015-08-12,^GSPC,2081.10009765625,2089.06005859375,2052.090087890625,2086.050048828125,4269130000
2015-08-13,AAPL,26.051898930251593,26.132721917512125,25.71513705428587,25.852087020874023,194143200
2015-08-13,GOOG,32.72069079792512,32.97766317180094,32.340493300535044,32.57815933227539,36214000
2015-08-13,MSFT,40.662213412252626,40.69677292356507,40.1697049430749,40.3770751953125,22627200
2015-08-13,^GSPC,2086.18994140625,2092.929931640625,2078.260009765625,2083.389892578125,3221300000
2015-08-14,AAPL,25.665740852219866,26.1125110551968,25.596143957320223,26.033933639526367,171718000
2015-08-14,GOOG,32.5066981394269,32.747143325701394,32.390072531156136,32.611412048339844,21442000
2015-08-14,MSFT,40.2042620983272,40.696770538642824,40.195623045028036,40.61036682128906,21473400
2015-08-14,^GSPC,2083.14990234375,2092.449951171875,2080.610107421875,2091.5400390625,2795590000
2015-08-17,AAPL,26.05190094514377,26.41335885699809,25.93066645487652,26.3033504486084,163538800
2015-08-17,GOOG,32.59552812803517,32.8228234657589,32.319597774851744,32.79751205444336,21034000
2015-08-17,MSFT,40.44619569149366,40.99918735559831,40.238822169409254,40.88685989379883,21099700
2015-08-17,^GSPC,2089.699951171875,2102.8701171875,2079.300048828125,2102.43994140625,2867690000
2015-08-18,AAPL,26.139462580944087,26.366216106474194,26.045169646198445,26.15517807006836,138242800
2015-08-18,GOOG,32.84863664787685,32.95285455643994,32.42977720610422,32.56228256225586,29122000
2015-08-18,MSFT,40.73899940052034,41.252150890364156,40.61723520256174,41.11299133300781,23574100
2015-08-18,^GSPC,2101.989990234375,2103.469970703125,2094.139892578125,2096.919921875,2949990000
2015-08-19,AAPL,26.065370553726364,26.159663474047857,25.74656970148154,25.82065773010254,193146000
2015-08-19,GOOG,32.5856039555013,33.10172956391123,32.46599854560898,32.79899978637695,42682000
2015-08-19,MSFT,40.68681125912133,40.947738319030364,40.2693326082224,40.53895568847656,31485500
2015-08-19,^GSPC,2095.68994140625,2096.169921875,2070.530029296875,2079.610107421875,3512920000
2015-08-20,AAPL,25.6118636514313,25.672480035526398,25.061818225584076,25.290817260742188,274006400
2015-08-20,GOOG,32.529025781931814,32.90272596003465,31.905702457038124,32.100738525390625,57106000
2015-08-20,MSFT,40.06930419228075,40.41720484181383,39.71270751953125,39.71270751953125,36238200
2015-08-20,^GSPC,2076.610107421875,2076.610107421875,2035.72998046875,2035.72998046875,3922470000
2015-08-21,AAPL,24.792407077695835,25.12243395959084,23.71925960654018,23.743955612182617,513102000
2015-08-21,GOOG,31.750864928436588,31.764262749405937,30.38858274640634,30.396026611328125,85304000
2015-08-21,MSFT,39.39958243882278,39.55613733909272,37.460044860839844,37.460044860839844,70053100
2015-08-21,^GSPC,2034.0799560546875,2034.0799560546875,1970.8900146484375,1970.8900146484375,5018240000
2015-08-24,AAPL,21.299068037295623,24.42646358562322,20.6547296584936,23.15125846862793,648825200
2015-08-24,GOOG,28.436720659276208,29.743419961269748,28.04218067400668,29.261037826538086,115406000
2015-08-24,MSFT,35.18130523785195,37.12953878769195,34.54638963254895,36.251094818115234,88753700
2015-08-24,^GSPC,1965.1500244140625,1965.1500244140625,1867.010009765625,1893.2099609375,6612690000
2015-08-25,AAPL,24.945072987488714,24.945072987488714,23.236567725880718,23.290449142456055,414406400
2015-08-25,GOOG,30.51661934556366,30.642672818727558,28.839199819304334,28.8863468170166,70760000
2015-08-25,MSFT,37.02518132339574,37.60791435391576,35.129129945363786,35.19871139526367,70616600
2015-08-25,^GSPC,1898.0799560546875,1948.0400390625,1867.0799560546875,1867.6099853515625,5183560000
2015-08-26,AAPL,24.04255587523785,24.671178829059958,23.584561158231732,24.626277923583984,387098400
2015-08-26,GOOG,30.290318212889947,31.350368478026603,29.729523717605495,31.197017669677734,84718000
2015-08-26,MSFT,36.538114026970575,37.26000649917584,35.711856035849564,37.14693832397461,63408000
2015-08-26,^GSPC,1872.75,1943.0899658203125,1872.75,1940.510009765625,5338250000
2015-08-27,AAPL,25.196529194132214,25.423281001280163,24.70036509344975,25.351438522338867,338464400
2015-08-27,GOOG,31.73200548506426,31.939947164133308,30.868483074319776,31.643173217773438,69826000
2015-08-27,MSFT,37.5992128045016,38.225432545500404,37.33828901836075,38.18194580078125,50943200
2015-08-27,^GSPC,1942.77001953125,1989.5999755859375,1942.77001953125,1987.6600341796875,5006390000
2015-08-28,AAPL,25.183050280478742,25.438989144861996,25.041610922643567,25.434499740600586,212657600
2015-08-28,GOOG,31.405454311556866,31.606942231675184,30.99552871885613,31.284360885620117,39574000
2015-08-28,MSFT,37.7470690814676,38.39938016017159,37.738369742435815,38.20803451538086,28246700
2015-08-28,^GSPC,1986.06005859375,1993.47998046875,1975.18994140625,1988.8699951171875,3949080000
2015-08-31,AAPL,25.151623970115825,25.712893814000797,25.144889006046746,25.315515518188477,224917200
2015-08-31,GOOG,31.143421320355316,31.55334693466738,30.654091324956518,30.6823787689209,43534000
2015-08-31,MSFT,37.88623497066881,38.20804089423056,37.48614825405483,37.851444244384766,34441700
2015-08-31,^GSPC,1986.72998046875,1986.72998046875,1965.97998046875,1972.1800537109375,3915100000
2015-09-01,AAPL,24.72955252785661,25.117950345600565,24.103175104002545,24.183998107910156,307383600
2015-09-01,GOOG,29.893791520220717,30.414882865218292,29.483865924950692,29.6669921875,74042000
2015-09-01,MSFT,36.677278111411376,37.04257406185672,36.23370801211264,36.372867584228516,49688900
2015-09-01,^GSPC,1970.0899658203125,1970.0899658203125,1903.0699462890625,1913.8499755859375,4371850000
2015-09-02,AAPL,24.747511731864307,25.221221923828125,24.500551620072176,25.221221923828125,247555200
2015-09-02,GOOG,30.054089626095013,30.488332748413086,29.76227952009392,30.488332748413086,51512000
2015-09-02,MSFT,36.84252467095277,37.729668001643795,36.4250460420085,37.71227264404297,37671500
2015-09-02,^GSPC,1916.52001953125,1948.9100341796875,1916.52001953125,1948.8599853515625,3742620000
2015-09-03,AAPL,25.254892015721502,25.31999950923371,24.704848371471137,24.7789363861084,212935600
2015-09-03,GOOG,30.620342537311277,30.754833784015112,29.916670158651982,30.086843490600586,35192000
2015-09-03,MSFT,37.75576413530708,38.251520276993936,37.64269595557085,37.834041595458984,28285200
2015-09-03,^GSPC,1950.7900390625,1975.010009765625,1944.719970703125,1951.1300048828125,3520700000
2015-09-04,AAPL,24.46462726179692,24.79689800987154,24.36135382859214,24.531978607177734,199985200
2015-09-04,GOOG,29.776671605176606,29.94888008320734,29.540940378895545,29.811410903930664,41780000
2015-09-04,MSFT,37.23392115703853,37.43396284232391,36.70337423101704,37.05997085571289,37138800
2015-09-04,^GSPC,1947.760009765625,1947.760009765625,1911.2099609375,1921.219970703125,3167090000
2015-09-08,AAPL,25.08876317312035,25.27061406277014,24.767716739169163,25.214487075805664,219374400
2015-09-08,GOOG,30.396521511998568,30.58609963059343,29.981136068849622,30.504213333129883,45590000
2015-09-08,MSFT,37.660096715948924,38.2689211246795,37.57312322234146,38.173248291015625,32469800
2015-09-08,^GSPC,1927.300048828125,1970.4200439453125,1927.300048828125,1969.4100341796875,3548650000
2015-09-09,AAPL,25.54001925144335,25.598390072339676,24.644231494805116,24.72954559326172,340043200
2015-09-09,GOOG,30.829773404429226,31.092800059026505,30.25309727074043,30.407936096191406,34042000
2015-09-09,MSFT,38.45155701733267,38.61681125529828,37.32088531813603,37.460044860839844,33469500
2015-09-09,^GSPC,1971.449951171875,1988.6300048828125,1937.8800048828125,1942.0400390625,3652120000
2015-09-10,AAPL,24.756485004003405,25.432254252358536,24.673418178492778,25.27285385131836,251571200
2015-09-10,GOOG,30.426795887570243,30.97567869389314,30.343917576885275,30.836223602294922,38106000
2015-09-10,MSFT,37.50354259600741,38.0862756330059,37.181736681208164,37.65140151977539,31366600
2015-09-10,^GSPC,1941.5899658203125,1965.2900390625,1937.18994140625,1952.2900390625,3626320000
2015-09-11,AAPL,25.097737828351754,25.64104652404785,25.091002865548305,25.64104652404785,199662000
2015-09-11,GOOG,30.75681838142332,31.05607423703804,30.64118668970436,31.055578231811523,27470000
2015-09-11,MSFT,37.520939662186564,37.91232704542887,37.346989345431496,37.816654205322266,27132500
2015-09-11,^GSPC,1951.449951171875,1961.050048828125,1939.18994140625,1961.050048828125,3218590000
2015-09-14,AAPL,26.173134139799274,26.242731047988062,25.78698023721725,25.88800811767578,233453600
2015-09-14,GOOG,31.052102919188293,31.06004278875839,30.740937272545622,30.93001937866211,34046000
2015-09-14,MSFT,37.77316889613596,37.78186491928349,37.277412631064614,37.43396759033203,23656000
2015-09-14,^GSPC,1963.06005859375,1963.06005859375,1948.27001953125,1953.030029296875,3000200000
2015-09-15,AAPL,26.027207926279065,26.161912359991575,25.6882004263624,26.105785369873047,173364800
2015-09-15,GOOG,31.101730464683683,31.697264234857812,30.956817430279113,31.52058982849121,41688000
2015-09-15,MSFT,37.56442774288049,38.52115286001831,37.468758217210514,38.251529693603516,28882200
2015-09-15,^GSPC,1955.0999755859375,1983.18994140625,1954.300048828125,1978.0899658203125,3239860000
2015-09-16,AAPL,26.09904761928949,26.16415512642055,25.917196738831453,26.13496971130371,148694000
2015-09-16,GOOG,31.536969228247393,31.66004478812026,31.380640492617083,31.562278747558594,25730000
2015-09-16,MSFT,38.2428234262327,38.59941999967061,38.12975524894978,38.52983856201172,23372200
2015-09-16,^GSPC,1978.02001953125,1997.260009765625,1977.9300537109375,1995.31005859375,3630680000
2015-09-17,AAPL,25.966589961389154,26.152930255548252,25.531043996275258,25.575944900512695,256450400
2015-09-17,GOOG,31.65210761309463,32.30272645087679,31.514638423794676,31.90570640563965,45494000
2015-09-17,MSFT,38.52113791313588,39.1386581679522,38.33849163796348,38.48634719848633,32768200
2015-09-17,^GSPC,1995.3299560546875,2020.8599853515625,1986.72998046875,1990.199951171875,4183790000
2015-09-18,AAPL,25.192029631577217,25.661252003055225,25.115697772663996,25.47041893005371,297141200
2015-09-18,GOOG,31.60247722521951,31.761781988942257,31.117613181381845,31.228282928466797,102668000
2015-09-18,MSFT,37.8340495687804,38.26022767893899,37.68619395612572,37.816654205322266,63143700
2015-09-18,^GSPC,1989.6600341796875,1989.6600341796875,1953.449951171875,1958.030029296875,6021240000
2015-09-21,AAPL,25.519818085510373,25.901482625535643,25.517574239285192,25.86556053161621,200888000
2015-09-21,GOOG,31.483865650856483,31.587587538210414,31.064016156000978,31.535478591918945,35770000
2015-09-21,MSFT,37.93841165710541,38.67769954184446,37.92101629675353,38.36458969116211,26177200
2015-09-21,^GSPC,1960.8399658203125,1979.6400146484375,1955.800048828125,1966.969970703125,3269350000
2015-09-22,AAPL,25.454706880528914,25.63431389833919,25.26162993588368,25.459197998046875,201384800
2015-09-22,GOOG,31.11662084691957,31.143916279484085,30.542426645764834,30.902725219726562,51258000
2015-09-22,MSFT,37.729676356485,38.312406034938704,37.668794250313,38.18194580078125,28085900
2015-09-22,^GSPC,1961.3900146484375,1961.3900146484375,1929.219970703125,1942.739990234375,3808260000
2015-09-23,AAPL,25.510835667822036,25.755550204113632,25.436749352118696,25.665746688842773,143026800
2015-09-23,GOOG,30.870964989226795,31.21240401837929,30.7692271198766,30.886348724365234,29418000
2015-09-23,MSFT,38.20803553889865,38.41677323169319,37.84273959976949,38.15584945678711,17145200
2015-09-23,^GSPC,1943.239990234375,1949.52001953125,1932.5699462890625,1938.760009765625,3190530000
2015-09-24,AAPL,25.425518255648406,25.93066100244937,25.227951931306695,25.81840705871582,200878000
2015-09-24,GOOG,30.602475312357335,31.13249850903233,30.392053628930853,31.057065963745117,44802000
2015-09-24,MSFT,37.790556160286776,38.381985142347375,37.6340012345751,38.19063949584961,27905600
2015-09-24,^GSPC,1934.81005859375,1937.1700439453125,1908.9200439453125,1932.239990234375,4091530000
2015-09-25,AAPL,26.14170685879038,26.19783384760581,25.598396305283583,25.753307342529297,224607600
2015-09-25,GOOG,31.254090027540897,31.254090027540897,30.322575176704216,30.37071418762207,43480000
2015-09-25,MSFT,38.686404539541215,38.90384161765318,38.06018469287428,38.216739654541016,29384600
2015-09-25,^GSPC,1935.9300537109375,1952.8900146484375,1921.5,1931.3399658203125,3721870000
2015-09-28,AAPL,25.560232491867446,25.721878507170498,25.243677139282227,25.243677139282227,208436000
2015-09-28,GOOG,30.289821527284516,30.501483236005406,29.24962285368135,29.5230712890625,62554000
2015-09-28,MSFT,38.121066358342624,38.34719943737896,37.581820069101944,37.65140151977539,27613800
2015-09-28,^GSPC,1929.1800537109375,1929.1800537109375,1879.2099609375,1881.77001953125,4326660000
2015-09-29,AAPL,25.331232512509576,25.48389798764426,24.215427722418397,24.48483657836914,293461600
2015-09-29,GOOG,29.64168398074317,30.02481016596885,29.29131117973288,29.52704429626465,46190000
2015-09-29,MSFT,37.72097824341081,37.894928545769666,37.44265908676706,37.7818603515625,32763600
2015-09-29,^GSPC,1881.9000244140625,1899.47998046875,1871.9100341796875,1884.0899658203125,4132390000
2015-09-30,AAPL,24.73403842806435,25.041614911169578,24.4107481711117,24.763225555419922,265892000
2015-09-30,GOOG,29.93944753555192,30.211407944328005,29.81289805599989,30.194534301757812,48268000
2015-09-30,MSFT,38.16456555143959,38.52985833311742,37.97321981751657,38.49506759643555,34958900
2015-09-30,^GSPC,1887.1400146484375,1920.530029296875,1887.1400146484375,1920.030029296875,4525070000
2015-10-01,AAPL,24.48708203937909,24.610562097030005,24.091947567755877,24.601581573486328,255716400
2015-10-01,GOOG,30.19205443661584,30.37666870917105,29.769225146006118,30.33696746826172,37352000
2015-10-01,MSFT,38.92123321524675,38.92123321524675,38.05148498697308,38.799468994140625,28657900
2015-10-01,^GSPC,1919.6500244140625,1927.2099609375,1900.699951171875,1923.8199462890625,3983600000
2015-10-02,AAPL,24.249096843355577,24.92262049015925,24.14582342305545,24.781179428100586,232079200
2015-10-02,GOOG,30.1339919299291,31.133495498564592,29.932006101040386,31.11215591430664,53696000
2015-10-02,MSFT,38.503739271101445,39.6344108581543,38.1993255206248,39.6344108581543,41839000
2015-10-02,^GSPC,1921.77001953125,1951.3599853515625,1893.699951171875,1951.3599853515625,4378570000
2015-10-05,AAPL,24.668933252951508,25.003451336098365,24.48708235918129,24.870990753173828,208258800
2015-10-05,GOOG,31.364759563946183,31.91116232378943,31.116620646340834,31.834735870361328,36072000
2015-10-05,MSFT,39.790990242376026,40.78250291100588,39.74750348491149,40.55636978149414,34369300
2015-10-05,^GSPC,1954.3299560546875,1989.1700439453125,1954.3299560546875,1987.050048828125,4334490000
2015-10-06,AAPL,24.837307632198726,25.086511530921396,24.644230706830545,24.989973068237305,192787200
2015-10-06,GOOG,31.70421404495862,32.220841368804344,31.589574359823867,32.03175735473633,43326000
2015-10-06,MSFT,40.29544714348575,41.034731996330976,40.19977428346006,40.66073989868164,27017200
2015-10-06,^GSPC,1986.6300048828125,1991.6199951171875,1971.989990234375,1979.9200439453125,4202400000
2015-10-07,AAPL,25.086518182457723,25.09325314698851,24.56341595386961,24.870990753173828,187062400
2015-10-07,GOOG,32.22034719171078,32.28828476869315,31.372206574868883,31.87890625,41854000
2015-10-07,MSFT,40.96515132311791,41.18258843909587,39.964942580315515,40.704227447509766,27711500
2015-10-07,^GSPC,1982.3399658203125,1999.31005859375,1976.43994140625,1995.8299560546875,4666470000
2015-10-08,AAPL,24.738527263432836,24.738527263432836,24.294000845954656,24.583616256713867,247918400
2015-10-08,GOOG,31.829278325574954,31.98262724872883,31.04515838059512,31.720096588134766,43642000
2015-10-08,MSFT,40.495486231358306,41.33044388944979,40.44330013354254,41.269561767578125,33772700
2015-10-08,^GSPC,1994.010009765625,2016.5,1987.530029296875,2013.4300537109375,3939140000
2015-10-09,AAPL,24.69587367622829,25.207751511096205,24.58137414594689,25.171831130981445,211064400
2015-10-09,GOOG,31.761776924285126,32.0590468205396,31.529419335721023,31.940933227539062,32974000
2015-10-09,MSFT,41.26953796208888,41.34781540474639,40.808569325183605,40.97382354736328,28600600
2015-10-09,^GSPC,2013.72998046875,2020.1300048828125,2007.6099853515625,2014.8900146484375,3706900000
2015-10-12,AAPL,25.308775428101356,25.31326483228492,25.01916004177201,25.05508041381836,121868800
2015-10-12,GOOG,31.865504790630897,32.18361832197208,31.71265187681294,32.09280014038086,25504000
2015-10-12,MSFT,40.8607746493254,40.93905212887268,40.44329586434871,40.878170013427734,19769100
2015-10-12,^GSPC,2015.6500244140625,2018.6600341796875,2010.550048828125,2017.4599609375,2893250000
2015-10-13,AAPL,24.8799710020284,25.245918344657017,24.848540025992065,25.09774398803711,132197200
2015-10-13,GOOG,31.918109167776755,32.64574880479432,31.918109167776755,32.3722038269043,36154000
2015-10-13,MSFT,40.49548219122096,40.991238458616536,40.49548219122096,40.78249740600586,19987800
2015-10-13,^GSPC,2015.0,2022.3399658203125,2001.780029296875,2003.68994140625,3401920000
2015-10-14,AAPL,24.985490008903326,25.03712587830079,24.597090501001063,24.74302101135254,177849600
2015-10-14,GOOG,32.417365922565516,32.72406755073955,32.20099025814245,32.31562805175781,28310000
2015-10-14,MSFT,40.57375831440884,40.9651423834977,40.46938613268054,40.599849700927734,24697800
2015-10-14,^GSPC,2003.6600341796875,2009.56005859375,1990.72998046875,1994.239990234375,3644590000
2015-10-15,AAPL,24.904669960963535,25.167343883007643,24.80588590295313,25.113462448120117,150694000
2015-10-15,GOOG,32.48932204757328,32.9096693775391,32.479394371888525,32.8406867980957,37714000
2015-10-15,MSFT,40.88685989379883,40.904255255287715,40.46938117154338,40.88685989379883,27189400
2015-10-15,^GSPC,1996.469970703125,2024.1500244140625,1996.469970703125,2023.8599853515625,3746290000
2015-10-16,AAPL,25.09549481585961,25.144886831908376,24.814859918182062,24.929359436035156,156930400
2015-10-16,GOOG,32.958307763607586,33.00098692904776,32.615378851872094,32.86351776123047,32222000
2015-10-16,MSFT,40.895564398861474,41.3478339012196,40.791195534571564,41.321739196777344,26450300
2015-10-16,^GSPC,2024.3699951171875,2033.5400390625,2020.4599609375,2033.1099853515625,3595430000
2015-10-19,AAPL,24.875478044661843,25.08875988200489,24.72056703284584,25.084270477294922,119036800
2015-10-19,GOOG,32.81289698813525,33.09279917959269,32.73349450105978,33.05706787109375,29546000
2015-10-19,MSFT,41.24346148614764,41.643548213014185,40.89556416787083,41.41741180419922,29387600
2015-10-19,^GSPC,2031.72998046875,2034.449951171875,2022.31005859375,2033.6600341796875,3287320000
2015-10-20,AAPL,24.996708765455946,25.63206653358358,24.879965411106454,25.54226303100586,195871200
2015-10-20,GOOG,32.954835476669125,32.9885827657378,31.969973493696656,32.27195739746094,49964000
2015-10-20,MSFT,41.26085593459046,41.58266517708754,40.89556326082786,41.547874450683594,30802200
2015-10-20,^GSPC,2033.1300048828125,2039.1199951171875,2026.6099853515625,2030.77001953125,3331500000
2015-10-21,AAPL,25.593912875347456,25.948635938565907,25.526559787899846,25.54003143310547,167180800
2015-10-21,GOOG,32.464014008519136,32.549372339512054,31.847634775951796,31.89130973815918,35822000
2015-10-21,MSFT,41.67832897956656,41.73921440133294,40.97383511458987,41.0521125793457,25144300
2015-10-21,^GSPC,2033.469970703125,2037.969970703125,2017.219970703125,2018.93994140625,3627790000
2015-10-22,AAPL,25.6679996543892,25.930673599243164,25.616362061528804,25.930673599243164,166616400
2015-10-22,GOOG,32.09428656069929,32.64515525839288,31.96078921694177,32.346893310546875,81420000
2015-10-22,MSFT,41.339131780465166,42.57417597650861,40.95644375858646,41.77400588989258,56637100
2015-10-22,^GSPC,2021.8800048828125,2055.199951171875,2021.8800048828125,2052.510009765625,4430850000
2015-10-23,AAPL,26.200075531916905,26.76808205066041,26.117008691554844,26.734405517578125,237467600
2015-10-23,GOOG,36.10420921974331,36.22827866723384,34.813887723101644,34.83869934082031,133078000
2015-10-23,MSFT,45.48782538681325,47.02727993617929,45.4443386449765,45.98358154296875,135227100
2015-10-23,^GSPC,2058.18994140625,2079.739990234375,2058.18994140625,2075.14990234375,4108460000
2015-10-26,AAPL,26.509900050927037,26.52112442109389,25.80045408256619,25.881277084350586,265335200
2015-10-26,GOOG,34.816378512580414,35.689828753107435,34.80198678541658,35.37369918823242,54332000
2015-10-26,MSFT,45.6878773745467,47.24472763590957,45.66178598711568,47.18384552001953,64633300
2015-10-26,^GSPC,2075.080078125,2075.139892578125,2066.530029296875,2071.179931640625,3385800000
2015-10-27,AAPL,25.908211895319788,26.164150763231532,25.59165493545775,25.71738052368164,279537600
2015-10-27,GOOG,35.10570261719741,35.415380273317034,34.96525740698032,35.160789489746094,44916000
2015-10-27,MSFT,46.957712117073584,47.28821408181785,46.60111544724053,46.69678497314453,50999900
2015-10-27,^GSPC,2068.75,2070.3701171875,2058.840087890625,2065.889892578125,4216880000
2015-10-28,AAPL,26.25171183088282,26.78379623162936,26.05638931881799,26.77705955505371,342205600
2015-10-28,GOOG,35.10322326438328,35.38361768495184,34.892303656089545,35.38212966918945,43578000
2015-10-28,MSFT,46.56631334860393,46.94900131225586,45.9748843843437,46.94900131225586,47000800
2015-10-28,^GSPC,2066.47998046875,2090.35009765625,2063.110107421875,2090.35009765625,4698110000
2015-10-29,AAPL,26.649086661265095,27.095858609092918,26.55254819714031,27.0599365234375,204909200
2015-10-29,GOOG,35.26054541269647,35.64565375164805,35.23622600908147,35.57915496826172,29120000
2015-10-29,MSFT,46.56631444617419,46.818542193488405,46.28799531735358,46.409759521484375,30202100
2015-10-29,^GSPC,2088.35009765625,2092.52001953125,2082.6298828125,2089.409912109375,4008940000
2015-10-30,AAPL,27.163215466453153,27.21485304685405,26.81747302967664,26.828699111938477,197461200
2015-10-30,GOOG,35.52009176690267,35.63274931688685,35.23820556878569,35.27592468261719,38176000
2015-10-30,MSFT,46.37495619165939,46.95768899018876,45.76613201871784,45.78352737426758,46619800
2015-10-30,^GSPC,2090.0,2094.320068359375,2079.340087890625,2079.360107421875,4256200000
2015-11-02,AAPL,27.12055918351682,27.246283078771686,26.85339419324062,27.20587158203125,128813200
2015-11-02,GOOG,35.28833245000141,35.81240171251794,35.02976985522646,35.78709030151367,37726000
2015-11-02,MSFT,45.96618107815965,46.40975442198287,45.766139433664506,46.30538558959961,30285000
2015-11-02,^GSPC,2080.760009765625,2106.199951171875,2080.760009765625,2104.050048828125,3760020000
2015-11-03,AAPL,27.11831474782773,27.724485511182642,27.098108142190735,27.5179386138916,182076000
2015-11-03,GOOG,35.67543028178916,35.96277255171653,35.46997052509739,35.839202880859375,31308000
2015-11-03,MSFT,46.03576900756508,47.30560048718945,46.009677625243945,47.09686279296875,36596900
2015-11-03,^GSPC,2102.6298828125,2116.47998046875,2097.510009765625,2109.7900390625,4272060000
2015-11-04,AAPL,27.643654529359786,27.79856551401117,27.304648865270526,27.38996124267578,179544400
2015-11-04,GOOG,35.83126133783705,36.3821300862551,35.82630128518444,36.13448715209961,34134000
2015-11-04,MSFT,47.1229510837417,47.73177540129023,47.018582243478576,47.31429672241211,37087800
2015-11-04,^GSPC,2110.60009765625,2114.590087890625,2096.97998046875,2102.31005859375,4078870000
2015-11-05,AAPL,27.473392408705557,27.662787229444895,27.096859658670287,27.26370620727539,158210800
2015-11-05,GOOG,36.20197938201973,36.698753233890756,36.20197938201973,36.29031753540039,37232000
2015-11-05,MSFT,47.39257834531781,47.57522466127945,46.96640029024809,47.296905517578125,31468500
2015-11-05,^GSPC,2101.679931640625,2108.780029296875,2090.409912109375,2099.929931640625,4051890000
2015-11-06,AAPL,27.306545055534738,27.464372634674213,27.196065750137105,27.295270919799805,132169200
2015-11-06,GOOG,36.30272489749993,36.4967689581934,36.07989360206134,36.41488265991211,30232000
2015-11-06,MSFT,47.04467798457442,47.81875331410601,46.93160979507767,47.76656723022461,32851200
2015-11-06,^GSPC,2098.60009765625,2101.909912109375,2083.739990234375,2099.199951171875,4369020000
2015-11-09,AAPL,27.27272049186438,27.464368730775384,27.0675446681476,27.18478775024414,135485600
2015-11-09,GOOG,36.23820449639933,36.46202779081635,35.7037153477529,35.97468185424805,41396000
2015-11-09,MSFT,47.44476923926205,47.72308843064445,46.58372027774352,47.105567932128906,32513100
2015-11-09,^GSPC,2096.56005859375,2096.56005859375,2068.239990234375,2078.580078125,3882350000
2015-11-10,AAPL,26.357320716286395,26.6211189761139,26.167925902944273,26.3280086517334,236511600
2015-11-10,GOOG,35.950365040877855,36.25755884843655,35.657559170024605,36.14490509033203,32160000
2015-11-10,MSFT,47.02728618227509,47.0794722701059,46.3314882669951,46.540225982666016,55283700
2015-11-10,^GSPC,2077.18994140625,2083.669921875,2069.909912109375,2081.719970703125,3821440000
2015-11-11,AAPL,26.23781780258919,26.474559127116915,25.976273040035203,26.179195404052734,180872000
2015-11-11,GOOG,36.350375589872726,36.7741951088199,36.239705819744465,36.496280670166016,27328000
2015-11-11,MSFT,46.705477864759224,47.14035195415582,46.49673684200542,46.661991119384766,36516300
2015-11-11,^GSPC,2083.409912109375,2086.93994140625,2074.85009765625,2075.0,3692410000
2015-11-12,AAPL,26.213021985245653,26.339284053415074,26.075485780907535,26.09126853942871,130102400
2015-11-12,GOOG,36.27791002109212,36.615379110017145,36.161038314152194,36.28932571411133,36744000
2015-11-12,MSFT,46.5141367011656,46.94901083261011,46.26190890864947,46.374977111816406,35361100
2015-11-12,^GSPC,2072.2900390625,2072.2900390625,2045.6600341796875,2045.969970703125,4016370000
2015-11-13,AAPL,25.974024978310254,26.05744911751473,25.313400819202986,25.32918357849121,183249600
2015-11-13,GOOG,36.18709385315565,36.285355903473125,35.56972253871107,35.58312225341797,41510000
2015-11-13,MSFT,46.157542169290686,46.348887857632384,45.68787728944823,45.95750045776367,36848200
2015-11-13,^GSPC,2044.6400146484375,2044.6400146484375,2022.02001953125,2023.0400390625,4278750000
2015-11-16,AAPL,25.112731497775744,25.7575728443581,25.027053914454697,25.74404525756836,152426800
2015-11-16,GOOG,35.513639842847375,36.20296970949171,35.3017320291909,36.17667007446289,38118000
2015-11-16,MSFT,46.16622487415635,46.870718622226995,45.96617991688969,46.76634979248047,32165200
2015-11-16,^GSPC,2022.0799560546875,2053.219970703125,2019.3900146484375,2053.18994140625,3741240000
2015-11-17,AAPL,25.910889824535648,25.940201887265186,25.550139869410955,25.633563995361328,110467600
2015-11-17,GOOG,36.19304916393739,36.319848553352664,35.88222803829945,35.995033264160156,30218000
2015-11-17,MSFT,46.55621533912089,46.871435698626776,46.27602020626887,46.38109588623047,31551300
2015-11-17,^GSPC,2053.669921875,2066.68994140625,2045.9000244140625,2050.43994140625,4427350000
2015-11-18,AAPL,26.100280506254414,26.490340742347474,26.041658110240164,26.445247650146484,186698800
2015-11-18,GOOG,36.10818806903065,36.79453820510723,36.07940083170448,36.72456359863281,33686000
2015-11-18,MSFT,46.40736646752789,47.26546454101037,46.3898538529438,47.151634216308594,29710000
2015-11-18,^GSPC,2051.989990234375,2085.31005859375,2051.989990234375,2083.580078125,3926390000
2015-11-19,AAPL,26.524162176952128,26.999901710042927,26.325750157349685,26.78119659423828,173183200
2015-11-19,GOOG,36.66203233206336,36.82381713359952,36.59701777924965,36.64565658569336,26542000
2015-11-19,MSFT,47.27420616504217,47.86086351981596,47.09032544561306,47.23042297363281,28149200
2015-11-19,^GSPC,2083.699951171875,2086.739990234375,2078.760009765625,2081.239990234375,3628110000
2015-11-20,AAPL,26.875898765075483,27.038236688009746,26.796984974813444,26.898447036743164,137148400
2015-11-20,GOOG,37.048631924913074,37.613892390938666,36.87344741116427,37.54838562011719,44246000
2015-11-20,MSFT,47.501882481697514,47.545662350509026,46.64378436027028,47.449344635009766,37147600
2015-11-20,^GSPC,2082.820068359375,2097.06005859375,2082.820068359375,2089.169921875,3929600000
2015-11-23,AAPL,26.89167745721936,26.99539467467256,26.4565223707776,26.548965454101562,129930000
2015-11-23,GOOG,37.59056687586904,37.85150727789407,37.31116069122613,37.51761245727539,28290000
2015-11-23,MSFT,47.501882481697514,47.68575993481981,47.06407711320261,47.449344635009766,28235900
2015-11-23,^GSPC,2089.409912109375,2095.610107421875,2081.389892578125,2086.590087890625,3587980000
2015-11-24,AAPL,26.454267584551374,26.90971402520276,26.406919319943405,26.803743362426758,171212800
2015-11-24,GOOG,37.32009519163076,37.482826568880704,36.60694563242679,37.13548278808594,46662000
2015-11-24,MSFT,47.212923718929666,47.668241648824264,46.9152193103492,47.50187683105469,24600000
2015-11-24,^GSPC,2084.419921875,2094.1201171875,2070.2900390625,2089.139892578125,3884930000
2015-11-25,AAPL,26.878152111664146,26.882662453768145,26.587296972850158,26.612098693847656,85553200
2015-11-25,GOOG,37.12853612972556,37.32009639952421,37.02531023611339,37.129032135009766,22442000
2015-11-25,MSFT,47.36178124841861,47.484366207722296,47.01153564453125,47.01153564453125,21005100
2015-11-25,^GSPC,2089.300048828125,2093.0,2086.300048828125,2088.8701171875,2852940000
2015-11-27,AAPL,26.670723952232372,26.697780847175544,26.515149816644577,26.562498092651367,52185600
2015-11-27,GOOG,37.14441159747773,37.39007049168708,37.096272586350004,37.233741760253906,16770000
2015-11-27,MSFT,47.10783795831478,47.35301113699204,47.09908332416384,47.2216682434082,9009100
2015-11-27,^GSPC,2088.820068359375,2093.2900390625,2084.1298828125,2090.110107421875,1466840000
2015-11-30,AAPL,26.603080903346495,26.9232481193852,26.548968837052,26.672977447509766,156721200
2015-11-30,GOOG,37.16177774886515,37.46549953193352,36.78758536359188,36.85359191894531,41952000
2015-11-30,MSFT,47.75581138798879,48.12356630186417,47.28298077855762,47.58944320678711,56241400
2015-11-30,^GSPC,2090.949951171875,2093.81005859375,2080.409912109375,2080.409912109375,4275030000
2015-12-01,AAPL,26.774435917960403,26.787963503541896,26.348299770228813,26.456523895263672,139409600
2015-12-01,GOOG,37.07741412860622,38.16128402582052,37.05706655479201,38.066497802734375,42692000
2015-12-01,MSFT,47.6419658599076,48.359966182927415,47.54564817312879,48.35121154785156,39952800
2015-12-01,^GSPC,2082.929931640625,2103.3701171875,2082.929931640625,2102.6298828125,3712120000
2015-12-02,AAPL,26.456525834016308,26.63013788926134,26.17243619483793,26.217529296875,133546400
2015-12-02,GOOG,38.15880516464538,38.50892808158251,37.665507111924484,37.83523178100586,44608000
2015-12-02,MSFT,48.43877451087119,48.99916471863138,48.21111724153953,48.34245681762695,47274900
2015-12-02,^GSPC,2101.7099609375,2104.27001953125,2077.110107421875,2079.510009765625,3950640000
2015-12-03,AAPL,26.278402505713586,26.332514563195442,25.753059525427997,25.974018096923828,166278000
2015-12-03,GOOG,38.01537188840113,38.16351083092641,37.00396059426379,37.346885681152344,51812000
2015-12-03,MSFT,48.587637940300255,48.83280786101918,47.22168408160271,47.458099365234375,38627800
2015-12-03,^GSPC,2080.7099609375,2085.0,2042.3499755859375,2049.6201171875,4306490000
2015-12-04,AAPL,25.994314909336165,26.887171726276318,25.953730430375632,26.837568283081055,231108000
2015-12-04,GOOG,37.37468241391515,38.13845472632737,37.22083749720916,38.05508041381836,55146000
2015-12-04,MSFT,47.388058154823725,49.23559757839058,47.37054553704225,48.95540237426758,43963700
2015-12-04,^GSPC,2051.239990234375,2093.840087890625,2051.239990234375,2091.68994140625,4214910000
2015-12-07,AAPL,26.82629586177749,27.024707914321493,26.562495888498777,26.668466567993164,128336800
2015-12-07,GOOG,38.102729683437936,38.15037269646165,37.47345040810394,37.87841033935547,36246000
2015-12-07,MSFT,48.850311943137974,49.0079221046974,48.41250668107046,48.86782455444336,30709800
2015-12-07,^GSPC,2090.419921875,2090.419921875,2066.780029296875,2077.070068359375,4043820000
2015-12-08,AAPL,26.497111568669016,26.74061845965999,26.34830294874675,26.657196044921875,137238000
2015-12-08,GOOG,37.61240435308607,37.95533330150462,37.42927618270911,37.83473587036133,36590000
2015-12-08,MSFT,48.57011238977948,49.12174456447543,48.14981977754929,48.85030746459961,32878000
2015-12-08,^GSPC,2073.389892578125,2073.85009765625,2052.320068359375,2063.590087890625,4173570000
2015-12-09,AAPL,26.524164432155672,26.535438566581163,25.94696452955152,26.06871795654297,185445600
2015-12-09,GOOG,37.67592368974382,37.92703863444623,36.57572733216996,37.30073928833008,54000000
2015-12-09,MSFT,48.482555084007025,48.92036035779481,47.72952947866175,48.14106750488281,36373200
2015-12-09,^GSPC,2061.169921875,2080.330078125,2036.530029296875,2047.6199951171875,4385250000
2015-12-10,AAPL,26.163413887345484,26.366336260966918,26.043915634043792,26.192724227905273,116850800
2015-12-10,GOOG,37.36227881954174,37.51115989903572,36.91463599801292,37.19403839111328,39768000
2015-12-10,MSFT,48.50006515331716,48.73648038959194,48.167332227427956,48.39499282836914,31775800
2015-12-10,^GSPC,2047.9300537109375,2067.64990234375,2045.6700439453125,2052.22998046875,3715150000
2015-12-11,AAPL,25.971762912955295,26.016856004482076,25.44416479709781,25.518569946289062,187544800
2015-12-11,GOOG,36.782121866345676,37.00792916039392,36.56326621708553,36.66847610473633,44488000
2015-12-11,MSFT,47.90464741885067,48.246134963491805,47.2917194294028,47.33550262451172,39549500
2015-12-11,^GSPC,2047.27001953125,2047.27001953125,2008.800048828125,2012.3699951171875,4301060000
2015-12-14,AAPL,25.293106917837292,25.405841393006796,24.754236264142396,25.360748291015625,257274800
2015-12-14,GOOG,36.81339073492733,37.15780764353195,35.938948751007,37.110164642333984,48250000
2015-12-14,MSFT,47.57192365589408,48.342458549067366,47.002775451896575,48.281166076660156,46768900
2015-12-14,^GSPC,2013.3699951171875,2022.9200439453125,1993.260009765625,2021.93994140625,4612440000
2015-12-15,AAPL,25.23899653793419,25.432899985798112,24.880499988440032,24.912065505981445,213292400
2015-12-15,GOOG,37.36971765053585,37.62182457715883,36.87393588496243,36.893287658691406,53324000
2015-12-15,MSFT,48.73647828443198,48.94662626543971,48.23738058725107,48.33369827270508,39843000
2015-12-15,^GSPC,2025.550048828125,2053.8701171875,2025.550048828125,2043.4100341796875,4353540000
2015-12-16,AAPL,25.042836222258064,25.250267243532736,24.53102246234467,25.10371208190918,224954000
2015-12-16,GOOG,37.220838062979716,37.74639535742673,36.69651888845119,37.6223258972168,39866000
2015-12-16,MSFT,48.63140755907594,49.253090207156475,47.94842910354155,49.14801788330078,37503300
2015-12-16,^GSPC,2046.5,2076.719970703125,2042.4300537109375,2073.070068359375,4635450000
2015-12-17,AAPL,25.257029741860972,25.3088883546166,24.571605682373047,24.571605682373047,179091200
2015-12-17,GOOG,37.83721357594649,37.85011728446831,37.17121107548575,37.19255065917969,31068000
2015-12-17,MSFT,49.34941780005126,49.72593065463721,48.62265934206781,48.771514892578125,41280900
2015-12-17,^GSPC,2073.760009765625,2076.3701171875,2041.6600341796875,2041.8900146484375,4327390000
2015-12-18,AAPL,24.555820936504073,24.693355395316292,23.85686590739426,23.906469345092773,385813200
2015-12-18,GOOG,37.047632029552474,37.42579620254084,36.63274454375121,36.690311431884766,62974000
2015-12-18,MSFT,48.832809652925775,49.034199715219074,47.30924554923368,47.39680862426758,84684200
2015-12-18,^GSPC,2040.81005859375,2040.81005859375,2005.3299560546875,2005.550048828125,6683070000
2015-12-21,AAPL,24.18830510498164,24.208598201981307,23.802753463901215,24.1995792388916,190362400
2015-12-21,GOOG,37.028774357524995,37.22083437785138,36.7245565861467,37.110164642333984,30514000
2015-12-21,MSFT,48.05350351878313,48.465038168268464,47.48435537732685,48.00972366333008,37246300
2015-12-21,^GSPC,2010.27001953125,2022.9000244140625,2005.9300537109375,2021.1500244140625,3760280000
2015-12-22,AAPL,24.215357952596275,24.287507925080426,24.001161485396647,24.17702865600586,131157600
2015-12-22,GOOG,37.302719111277256,37.46152784654405,36.99899735775078,37.22083282470703,27308000
2015-12-22,MSFT,48.149825125217774,48.578872419854825,47.720774490391584,48.46504211425781,28322200
2015-12-22,^GSPC,2023.1500244140625,2042.739990234375,2020.489990234375,2038.969970703125,3520860000
2015-12-23,AAPL,24.18605844081739,24.54229986729605,24.170275679907167,24.488187789916992,130629600
2015-12-23,GOOG,37.39304604814513,37.429769365983574,36.923071635659646,37.23622131347656,31318000
2015-12-23,MSFT,48.77151076331783,48.92912093748361,48.54385013832754,48.876583099365234,27279800
2015-12-23,^GSPC,2042.199951171875,2064.72998046875,2042.199951171875,2064.2900390625,3484090000
2015-12-24,AAPL,24.576111739027386,24.576111739027386,24.33936869016207,24.357406616210938,54281600
2015-12-24,GOOG,37.19850839661029,37.28783856404282,37.053099345193395,37.14143371582031,10544000
2015-12-24,MSFT,48.911603577581616,48.99916329242465,48.53509079141635,48.745235443115234,9558500
2015-12-24,^GSPC,2063.52001953125,2067.360107421875,2058.72998046875,2060.989990234375,1411860000
2015-12-28,AAPL,24.258199309104633,24.28074757635794,23.940289039090082,24.0845890045166,106816800
2015-12-28,GOOG,37.365748386346645,37.865502013760775,37.1970157501463,37.841678619384766,30306000
2015-12-28,MSFT,48.46504907622167,48.99041748046875,48.14107406472589,48.99041748046875,22458300
2015-12-28,^GSPC,2057.77001953125,2057.77001953125,2044.199951171875,2056.5,2492510000
2015-12-29,AAPL,24.1161522240276,24.673060656543264,24.09360567910691,24.517486572265625,123724800
2015-12-29,GOOG,38.04912553223249,38.70867997077677,38.036221823592406,38.54093933105469,35300000
2015-12-29,MSFT,49.2881165098134,49.778456258689936,49.08672649292639,49.51577377319336,27731400
2015-12-29,^GSPC,2060.5400390625,2081.56005859375,2060.5400390625,2078.360107421875,2542000000
2015-12-30,AAPL,24.4814160775029,24.5084712473463,24.16575924119607,24.197324752807617,100855200
2015-12-30,GOOG,38.54093771853485,38.59056474378993,38.05954762233193,38.26301956176758,25866000
2015-12-30,MSFT,49.44572345469709,49.71716055798226,49.288113305607524,49.305625915527344,21704500
2015-12-30,^GSPC,2077.340087890625,2077.340087890625,2061.969970703125,2063.360107421875,2367430000
2015-12-31,AAPL,24.12743701837111,24.131945641271138,23.633659381512075,23.732866287231445,163649200
2015-12-31,GOOG,38.188582538509415,38.188582538509415,37.634737739991564,37.661537170410156,30018000
2015-12-31,MSFT,49.069223495188986,49.200563093573955,48.5263424665908,48.578880310058594,27334100
2015-12-31,^GSPC,2060.590087890625,2062.5400390625,2043.6199951171875,2043.93994140625,2655330000
2016-01-04,AAPL,23.13537399714397,23.7576689125985,22.99783777089873,23.753158569335938,270597600
2016-01-04,GOOG,36.87344669264344,36.92604975311906,36.29071625123408,36.81587600708008,65456000
2016-01-04,MSFT,47.56316301067075,47.983455657958984,46.74884496274072,47.983455657958984,53778000
2016-01-04,^GSPC,2038.199951171875,2038.199951171875,1989.6800537109375,2012.6600341796875,4304880000
2016-01-05,AAPL,23.843336986407703,23.865883533136742,23.090271660472062,23.15791130065918,223164000
2016-01-05,GOOG,37.04465634333568,37.320090685894435,36.65706424292037,36.85260009765625,39014000
2016-01-05,MSFT,48.097278306401066,48.50005827843187,47.75579079358414,48.20235061645508,34079700
2016-01-05,^GSPC,2013.780029296875,2021.93994140625,2004.1700439453125,2016.7099609375,3706620000
2016-01-06,AAPL,22.67315212759275,23.081252008015664,22.51757975567741,22.7047176361084,273829600
2016-01-06,GOOG,36.22828276755308,37.08088925824095,36.17468391203987,36.904212951660156,38940000
2016-01-06,MSFT,47.563163135291624,47.633213580117726,46.96774771502597,47.32674789428711,39518900
2016-01-06,^GSPC,2011.7099609375,2011.7099609375,1979.050048828125,1990.260009765625,4336660000
2016-01-07,AAPL,22.249279441028325,22.57620878020858,21.7419742263192,21.746482849121094,324377600
2016-01-07,GOOG,36.2436657348191,36.65011740335432,35.685353169745426,36.04912567138672,59274000
2016-01-07,MSFT,46.14468276635109,46.8364159941383,45.59304711151665,45.680606842041016,56564900
2016-01-07,^GSPC,1985.3199462890625,1985.3199462890625,1938.8299560546875,1943.0899658203125,5076590000
2016-01-08,AAPL,22.219965795163166,22.346227857182512,21.8163761667038,21.861469268798828,283192000
2016-01-08,GOOG,36.30024418597788,36.38858234607419,35.384614669814454,35.45756530761719,49018000
2016-01-08,MSFT,45.85571202967305,46.65251729606709,45.66308002847326,45.8206901550293,48754000
2016-01-08,^GSPC,1945.969970703125,1960.4000244140625,1918.4599609375,1922.030029296875,4664940000
2016-01-11,AAPL,22.314659068500887,22.334950445409778,21.947143631587423,22.215452194213867,198957600
2016-01-11,GOOG,35.56376800869546,35.67517987021035,34.915129476160566,35.53498077392578,41812000
2016-01-11,MSFT,45.9783110176299,46.27601875446898,45.05892055804105,45.79443359375,36943800
2016-01-11,^GSPC,1926.1199951171875,1935.6500244140625,1901.0999755859375,1923.6700439453125,4607290000
2016-01-12,AAPL,22.67089986748918,22.702465377662218,22.285346512877528,22.537872314453125,196616800
2016-01-12,GOOG,35.8153852209771,36.166254080307915,35.598858076131506,36.03325271606445,40490000
2016-01-12,MSFT,46.19721288190489,46.49492061368418,45.58428814605573,46.214725494384766,36095500
2016-01-12,^GSPC,1927.8299560546875,1947.3800048828125,1914.3499755859375,1938.6800537109375,4887260000
2016-01-13,AAPL,22.61904778838924,22.81520641838158,21.938132232188153,21.958423614501953,249758400
2016-01-13,GOOG,36.270467770657596,36.463519832308506,34.6704683981863,34.767242431640625,50034000
2016-01-13,MSFT,47.107848566614486,47.34426382419103,44.91882211519012,45.216529846191406,66883600
2016-01-13,^GSPC,1940.3399658203125,1950.3299560546875,1886.4100341796875,1890.280029296875,5087030000
2016-01-14,AAPL,22.086938192270384,22.655120911036093,21.58639684675493,22.438669204711914,252680400
2016-01-14,GOOG,35.00644436345509,35.82753361873415,34.19850492503122,35.469966888427734,44516000
2016-01-14,MSFT,45.53174164235824,46.77510683007054,45.15522889617749,46.50366973876953,52381900
2016-01-14,^GSPC,1891.6800537109375,1934.469970703125,1878.9300537109375,1921.8399658203125,5241110000
2016-01-15,AAPL,21.6901093682795,22.030567918385234,21.500716301587364,21.899795532226562,319335600
2016-01-15,GOOG,34.356818246284064,35.073943391421125,34.013397085834875,34.46401596069336,72162000
2016-01-15,MSFT,44.92756440550559,45.5054670533053,44.07822137003174,44.647369384765625,71820700
2016-01-15,^GSPC,1916.6800537109375,1916.6800537109375,1857.8299560546875,1880.3299560546875,5468460000
2016-01-19,AAPL,22.18840155832223,22.24251362799293,21.532286047822236,21.79383087158203,212350800
2016-01-19,GOOG,34.90321983772874,35.23473305656427,34.412401863430595,34.82828140258789,45362000
2016-01-19,MSFT,45.07644584058004,45.25156867738812,43.83308004560425,44.2708854675293,43564500
2016-01-19,^GSPC,1888.6600341796875,1901.43994140625,1864.5999755859375,1881.3299560546875,4928350000
2016-01-20,AAPL,21.442090504558703,22.138790249974615,21.063302710980896,21.82313346862793,289337600
2016-01-20,GOOG,34.17419098427219,35.07940059175905,33.412402624184665,34.66252899169922,68900000
2016-01-20,MSFT,43.76300628357236,44.98886214862242,42.992468215821226,44.472251892089844,63273000
2016-01-20,^GSPC,1876.1800537109375,1876.1800537109375,1812.2900390625,1859.3299560546875,6416070000
2016-01-21,AAPL,21.884016915860396,22.06890139601609,21.40602381702413,21.712661743164062,208646000
2016-01-21,GOOG,34.84763830921904,35.691805122815886,34.464510243957584,35.06649398803711,48244000
2016-01-21,MSFT,44.65613881749976,45.16399454851902,44.0432107539276,44.20082092285156,40191200
2016-01-21,^GSPC,1861.4599609375,1889.8499755859375,1848.97998046875,1868.989990234375,5078810000
2016-01-22,AAPL,22.238001152410096,22.876078671753593,22.179380465969416,22.8670597076416,263202000
2016-01-22,GOOG,35.91066360103038,36.13547890895012,35.73800835242589,35.992549896240234,40236000
2016-01-22,MSFT,45.015144354341,45.82070790662401,44.88380141793073,45.785682678222656,37555800
2016-01-22,^GSPC,1877.4000244140625,1908.8499755859375,1877.4000244140625,1906.9000244140625,4901760000
2016-01-25,AAPL,22.889605485347495,22.891860656347266,22.36877279684545,22.420631408691406,207178000
2016-01-25,GOOG,35.909671338089176,36.21240111111217,35.23622121578466,35.318603515625,34234000
2016-01-25,MSFT,45.47920179613899,46.10088770258774,45.22527732525607,45.347862243652344,34707700
2016-01-25,^GSPC,1906.280029296875,1906.280029296875,1875.969970703125,1877.0799560546875,4401380000
2016-01-26,AAPL,22.531113907212678,22.745308737463674,22.111741491608417,22.544641494750977,300308000
2016-01-26,GOOG,35.42679582213477,35.64664730618874,35.06103928446814,35.3865966796875,26634000
2016-01-26,MSFT,45.34787719389672,45.91702212268435,45.13772916437278,45.680606842041016,28900800
2016-01-26,^GSPC,1878.7900390625,1906.72998046875,1878.7900390625,1903.6300048828125,4357940000
2016-01-27,AAPL,21.654041900713786,21.787067778474743,21.04527459855925,21.063312530517578,533478800
2016-01-27,GOOG,35.41785884074535,35.64441206661583,34.46103825919902,34.73895263671875,43884000
2016-01-27,MSFT,45.540511507287704,45.706879679726036,44.673658775848175,44.84878158569336,36775200
2016-01-27,^GSPC,1902.52001953125,1916.989990234375,1872.699951171875,1882.949951171875,4754040000
2016-01-28,AAPL,21.1467310808786,21.31132243592467,20.83107423588885,21.214370727539062,222715200
2016-01-28,GOOG,35.84218135461987,36.41141366196646,35.35235532603922,36.27592849731445,53528000
2016-01-28,MSFT,45.40918196094403,45.71564444089713,44.87505877571962,45.58430480957031,62513800
2016-01-28,^GSPC,1885.219970703125,1902.9599609375,1873.6500244140625,1893.3599853515625,4693010000
2016-01-29,AAPL,21.37220070584501,21.947145462036133,21.27299382328388,21.947145462036133,257666000
2016-01-29,GOOG,36.30421180548731,36.97220209359434,36.06947260542966,36.8709602355957,69486000
2016-01-29,MSFT,47.92217204675943,48.23739242553711,47.282976652100096,48.23739242553711,83611700
2016-01-29,^GSPC,1894.0,1940.239990234375,1894.0,1940.239990234375,5497570000
2016-02-01,AAPL,21.75098902632416,21.80510109054244,21.509737328119584,21.74197006225586,163774000
2016-02-01,GOOG,37.243664795043365,37.61091311484829,36.886843943666825,37.320091247558594,102784000
2016-02-01,MSFT,48.05350716992287,48.237384580910145,47.720774230858424,47.9046516418457,44208500
2016-02-01,^GSPC,1936.93994140625,1947.199951171875,1920.300048828125,1939.3800048828125,4322530000
2016-02-02,AAPL,21.51424677193742,21.654038140049035,21.257212306842064,21.30230712890625,149428800
2016-02-02,GOOG,38.93299543132762,39.19949790632756,37.94788360595703,37.94788360595703,126962000
2016-02-02,MSFT,47.43182283757531,47.51062792225687,46.10089771435893,46.4073600769043,56313800
2016-02-02,^GSPC,1935.260009765625,1935.260009765625,1897.2900390625,1903.030029296875,4463190000
2016-02-03,AAPL,21.419553299141082,21.834415400506057,21.212122248458595,21.723936080932617,183857200
2016-02-03,GOOG,38.224315622579745,38.43671946100992,35.75682199595203,36.07691955566406,123420000
2016-02-03,MSFT,46.62626786941771,46.74885282797739,44.88380117794759,45.671852111816406,57559800
2016-02-03,^GSPC,1907.0699462890625,1918.010009765625,1872.22998046875,1912.530029296875,5172950000
2016-02-04,AAPL,21.73072950888564,22.063967550836807,21.578846044582523,21.898481369018555,185886800
2016-02-04,GOOG,35.871455748761534,36.079395516459414,34.831753123972895,35.136966705322266,103374000
2016-02-04,MSFT,45.61931709049644,46.24100323907651,44.98012166691618,45.53175735473633,46987100
2016-02-04,^GSPC,1911.6700439453125,1927.3499755859375,1900.52001953125,1915.449951171875,5193320000
2016-02-05,AAPL,21.880350638286867,21.97102794813434,21.238812432834692,21.31361961364746,185672400
2016-02-05,GOOG,34.9315119500435,34.93746779959066,33.754339990883004,33.924068450927734,102114000
2016-02-05,MSFT,45.4792212943894,45.53175914202165,43.39527010782594,43.92063522338867,62009000
2016-02-05,^GSPC,1913.0699462890625,1913.0699462890625,1872.6500244140625,1880.050048828125,4929940000
2016-02-08,AAPL,21.111863054884942,21.694462466550164,21.091461568607453,21.53804588317871,216085600
2016-02-08,GOOG,33.14391663514806,33.94689228465841,32.9061976164147,33.88287353515625,84948000
2016-02-08,MSFT,43.386516257027196,43.40402887457054,42.19568498560203,43.26393127441406,59290500
2016-02-08,^GSPC,1873.25,1873.25,1828.4599609375,1853.43994140625,5636460000
2016-02-09,AAPL,21.374828116060087,21.748870948433105,21.293218707923213,21.533512115478516,177324800
2016-02-09,GOOG,33.3657491978132,34.73448114940966,33.189568917976814,33.65309143066406,72178000
2016-02-09,MSFT,42.922428183214016,43.99067408876398,42.61596249644377,43.15008544921875,46740500
2016-02-09,^GSPC,1848.4599609375,1868.25,1834.93994140625,1852.2099609375,5183220000
2016-02-10,AAPL,21.74433548482184,21.84181329000121,21.33175536907968,21.37029266357422,169374400
2016-02-10,GOOG,34.08733998859648,34.80446135285707,33.852600770226466,33.95136260986328,52760000
2016-02-10,MSFT,43.68422536517739,44.12203079612155,43.36025028153202,43.526615142822266,38237000
2016-02-10,^GSPC,1857.0999755859375,1881.5999755859375,1850.3199462890625,1851.8599853515625,4471170000
2016-02-11,AAPL,21.26147872949399,21.472302714075532,20.989446833197306,21.24107551574707,200298800
2016-02-11,GOOG,33.498761372306,34.21091901356783,33.19444506238119,33.901241302490234,60480000
2016-02-11,MSFT,42.62473264304849,43.876856314073095,42.47587707492759,43.509098052978516,48878600
2016-02-11,^GSPC,1847.0,1847.0,1810.0999755859375,1829.0799560546875,5500800000
2016-02-12,AAPL,21.352155614340887,21.42242969799724,21.084658539407094,21.30681610107422,161405600
2016-02-12,GOOG,34.25607322506699,34.42927369928266,33.67741310626714,33.865997314453125,42828000
2016-02-12,MSFT,43.9994315534535,44.37594436928526,43.56162626436441,44.21833419799805,34243300
2016-02-12,^GSPC,1833.4000244140625,1864.780029296875,1833.4000244140625,1864.780029296875,4696920000
2016-02-16,AAPL,21.54031229523641,21.955159825592,21.447369305376494,21.907554626464844,196231600
2016-02-16,GOOG,34.39105912907694,34.6401938393045,33.99751117574858,34.29279708862305,50400000
2016-02-16,MSFT,44.888581595094216,45.0561408996582,44.20952015422154,45.0561408996582,37291200
2016-02-16,^GSPC,1871.43994140625,1895.77001953125,1871.43994140625,1895.5799560546875,4570670000
2016-02-17,AAPL,21.914348499463074,22.263454917085824,21.796469241466262,22.243053436279297,179452800
2016-02-17,GOOG,34.64466087390519,35.22332105183503,34.3116596045945,35.15632247924805,49852000
2016-02-17,MSFT,45.40888838035181,46.5377157216099,45.37361168489478,46.22904968261719,40789000
2016-02-17,^GSPC,1898.800048828125,1930.6800537109375,1898.800048828125,1926.8199462890625,5011540000
2016-02-18,AAPL,22.406272299451153,22.41760760939652,21.782868302016265,21.821407318115234,156084000
2016-02-18,GOOG,35.23572804892965,35.35235364889698,34.54242630362685,34.60793685913086,37664000
2016-02-18,MSFT,46.14969068590266,46.696466109768444,45.94685133165473,46.026222229003906,27176000
2016-02-18,^GSPC,1927.5699462890625,1930.0,1915.0899658203125,1917.8299560546875,4436490000
2016-02-19,AAPL,21.762469877436367,21.934756581566603,21.717132090335326,21.77153778076172,141496800
2016-02-19,GOOG,34.49279687292087,34.89234989561825,34.44416185807573,34.784610748291016,31786000
2016-02-19,MSFT,45.83219512596017,46.10558108440382,45.44415823396955,45.69990921020508,33559100
2016-02-19,^GSPC,1916.739990234375,1918.780029296875,1902.1700439453125,1917.780029296875,4142850000
2016-02-22,AAPL,21.832743339511882,21.9664927478139,21.744333446534984,21.961957931518555,137123200
2016-02-22,GOOG,35.10917817259746,35.39652044532099,34.864015276842444,35.0600471496582,38996000
2016-02-22,MSFT,46.105587984435346,46.74055509241421,46.105587984435346,46.43189239501953,25008300
2016-02-22,^GSPC,1924.43994140625,1946.699951171875,1924.43994140625,1945.5,4054710000
2016-02-23,AAPL,21.853147485168304,21.875816379034177,21.433766895309585,21.465503692626953,127770400
2016-02-23,GOOG,34.81140742077595,35.15632036812345,34.42083927479936,34.53349304199219,40186000
2016-02-23,MSFT,46.15851034696903,46.184966192604,44.95912933699987,45.1355094909668,28895300
2016-02-23,^GSPC,1942.3800048828125,1942.3800048828125,1919.43994140625,1921.27001953125,3890650000
2016-02-24,AAPL,21.30455044212464,21.848610765619725,21.154932642495577,21.785137176513672,145022800
2016-02-24,GOOG,34.18956835741018,34.739444991985735,33.78560054200175,34.71760940551758,39272000
2016-02-24,MSFT,44.70336619281586,45.41770410932613,44.27123846483748,45.29423904418945,33014500
2016-02-24,^GSPC,1917.56005859375,1932.0799560546875,1891.0,1929.800048828125,4317250000
2016-02-25,AAPL,21.77379826188423,21.934749603271484,21.592443712124563,21.934749603271484,110330800
2016-02-25,GOOG,34.73994473861081,35.03622266910347,34.27220423837553,35.02480697631836,32844000
2016-02-25,MSFT,45.62054875090832,45.94684982299805,44.63282467735026,45.94684982299805,26939500
2016-02-25,^GSPC,1931.8699951171875,1951.8299560546875,1925.4100341796875,1951.699951171875,4118210000
2016-02-26,AAPL,22.03450263155408,22.220390347611303,21.89395443741686,21.96876335144043,115964400
2016-02-26,GOOG,35.16525081572277,35.40594583530344,34.78212280500499,34.991058349609375,44870000
2016-02-26,MSFT,46.38779888049169,46.458352282710166,45.064952866437686,45.2413330078125,35975900
2016-02-26,^GSPC,1954.949951171875,1962.9599609375,1945.780029296875,1948.050048828125,4348510000
2016-02-29,AAPL,21.957423473167232,22.267992648023185,21.90981828219379,21.918886184692383,140865200
2016-02-29,GOOG,34.755322198638595,35.279887386035064,34.624304903073465,34.6287727355957,49622000
2016-02-29,MSFT,45.28543065716657,45.5500025715,44.6769226553773,44.870941162109375,31654000
2016-02-29,^GSPC,1947.1300048828125,1958.27001953125,1931.81005859375,1932.22998046875,4588180000
2016-03-01,AAPL,22.136511405643443,22.843790529227164,22.08437139689242,22.789384841918945,201628400
2016-03-01,GOOG,34.91910226005806,35.67294692993164,34.72803422534234,35.67294692993164,43028000
2016-03-01,MSFT,44.95031143022364,46.378984272304564,44.90621386900832,46.37016677856445,33024500
2016-03-01,^GSPC,1937.0899658203125,1978.3499755859375,1937.0899658203125,1978.3499755859375,4819750000
2016-03-02,AAPL,22.78485250487163,22.87099499007076,22.587629503793217,22.839258193969727,132678400
2016-03-02,GOOG,35.68237825206972,35.73200527992081,35.334981484512994,35.67493438720703,32580000
2016-03-02,MSFT,46.22024294629643,46.705285847102154,45.999768594641864,46.696468353271484,29289900
2016-03-02,^GSPC,1976.5999755859375,1986.510009765625,1968.800048828125,1986.449951171875,4666610000
2016-03-03,AAPL,22.80072076222286,23.056882537607784,22.771249644935427,23.00927734375,147822800
2016-03-03,GOOG,35.66649316543762,35.70470828485406,35.038206008932555,35.3558235168457,39160000
2016-03-03,MSFT,46.714106695048564,46.714106695048564,45.6646466283289,46.167327880859375,24427800
2016-03-03,^GSPC,1985.5999755859375,1993.68994140625,1977.3699951171875,1993.4000244140625,5081700000
2016-03-04,AAPL,23.20650049020174,23.51933536446856,22.97980810114662,23.35158348083496,184220400
2016-03-04,GOOG,35.48337152559591,35.557813962990494,35.03820870329005,35.2798957824707,39442000
2016-03-04,MSFT,46.211428692070534,46.255522892658306,45.60291728577502,45.88512420654297,33034200
2016-03-04,^GSPC,1994.010009765625,2009.1300048828125,1986.77001953125,1999.989990234375,6049930000
2016-03-07,AAPL,23.21103035749617,23.310775548293442,22.886860216930476,23.093151092529297,143315600
2016-03-07,GOOG,35.08187657578051,35.14098070134637,34.08932104135797,34.499244689941406,59702000
2016-03-07,MSFT,45.470627476313375,45.68228095125351,44.6063684979366,45.00321960449219,38407800
2016-03-07,^GSPC,1996.1099853515625,2006.1199951171875,1989.3800048828125,2001.760009765625,4968180000
2016-03-08,AAPL,22.846059749235305,23.06821906177893,22.759917260038176,22.902732849121094,126247600
2016-03-08,GOOG,34.173198496769565,34.92753919476325,34.01190591690502,34.4401969909668,41526000
2016-03-08,MSFT,44.800388226862246,45.97331340931419,44.62400807017084,45.55000305175781,33835100
2016-03-08,^GSPC,1996.8800048828125,1996.8800048828125,1977.4300537109375,1979.260009765625,4641650000
2016-03-09,AAPL,22.966208047637537,23.027415968321794,22.730447728110132,22.923137664794922,108806800
2016-03-09,GOOG,34.66351919946229,35.02133586405433,34.44168369623189,34.9995002746582,28430000
2016-03-09,MSFT,45.76166485791625,46.60828572675958,45.73520900706873,46.59946823120117,28251600
2016-03-09,^GSPC,1981.43994140625,1992.68994140625,1979.8399658203125,1989.260009765625,4038120000
2016-03-10,AAPL,22.988872819419413,23.17702616182926,22.70323996451378,22.934465408325195,134054400
2016-03-10,GOOG,35.14242401501762,35.555327533930644,34.90619679731429,35.375675201416016,56670000
2016-03-10,MSFT,46.67882245696704,46.687639949372574,45.11786389584227,45.90275192260742,38387800
2016-03-10,^GSPC,1990.969970703125,2005.0799560546875,1969.25,1989.5699462890625,4376790000
2016-03-11,AAPL,23.177027607735916,23.186095510150654,23.009275736877065,23.181562423706055,109632800
2016-03-11,GOOG,35.732007778241396,36.07543274160992,35.58932864333129,36.07046890258789,39416000
2016-03-11,MSFT,46.7405517057167,46.802284240722656,46.19377638244785,46.802284240722656,32275700
2016-03-11,^GSPC,1994.7099609375,2022.3699951171875,1994.7099609375,2022.18994140625,4078620000
2016-03-14,AAPL,23.102224438937156,23.328916849974,23.07275331860583,23.24050521850586,100304400
2016-03-14,GOOG,36.06997326609243,36.501240388951125,35.98759095446349,36.25260543823242,34366000
2016-03-14,MSFT,46.48481185343382,47.26088251920258,46.41426180973029,46.89048385620117,24083600
2016-03-14,^GSPC,2019.27001953125,2024.5699462890625,2012.050048828125,2019.6400146484375,3487850000
2016-03-15,AAPL,23.566942910499492,23.843507929470757,23.542006606852844,23.70749282836914,160270800
2016-03-15,GOOG,36.075430214194704,36.34192890610035,35.96872850734533,36.14540481567383,34420000
2016-03-15,MSFT,46.52008560183487,47.26087951660156,46.511268108496495,47.26087951660156,21104800
2016-03-15,^GSPC,2015.27001953125,2015.93994140625,2005.22998046875,2015.9300537109375,3560280000
2016-03-16,AAPL,23.71429264251982,24.099669039487516,23.709757825882104,24.022594451904297,153214000
2016-03-16,GOOG,36.048135437546726,36.59900416513917,35.955825453501745,36.530517578125,32488000
2016-03-16,MSFT,47.13741619325519,48.15159617378844,47.093321996566196,47.931121826171875,31691700
2016-03-16,^GSPC,2014.239990234375,2032.02001953125,2010.0400390625,2027.219970703125,4057020000
2016-03-17,AAPL,23.92057924604393,24.13593804538442,23.793632066323628,23.984054565429688,137682800
2016-03-17,GOOG,36.54838095212518,36.876918164211574,36.52604935737025,36.61438751220703,37216000
2016-03-17,MSFT,47.80765146556458,48.5043511347189,47.622453841360375,48.204505920410156,28223900
2016-03-17,^GSPC,2026.9000244140625,2046.239990234375,2022.1600341796875,2040.5899658203125,4530480000
2016-03-18,AAPL,24.10646755890895,24.142739170934313,23.8457726979607,24.01125717163086,176820800
2016-03-18,GOOG,36.81686530060881,36.82381315987963,36.31909945917154,36.60545349121094,59614000
2016-03-18,MSFT,48.433805393756856,48.477902956733494,47.13741845519949,47.17269515991211,67625500
2016-03-18,^GSPC,2041.1600341796875,2052.360107421875,2041.1600341796875,2049.580078125,6503140000
2016-03-21,AAPL,24.0135166973129,24.403427750968728,23.83442956315586,24.008983612060547,142010800
2016-03-21,GOOG,36.55086681984506,36.848632792219206,36.40277706345864,36.828285217285156,36730000
2016-03-21,MSFT,46.96103121408228,47.56072164707656,46.67882434728159,47.49898910522461,23925700
2016-03-21,^GSPC,2047.8800048828125,2053.909912109375,2043.1400146484375,2051.60009765625,3376600000
2016-03-22,AAPL,23.85937172934037,24.32182436755188,23.85030382707832,24.192609786987305,129777600
2016-03-22,GOOG,36.598510777185176,36.972703219990855,36.598510777185176,36.761783599853516,25394000
2016-03-22,MSFT,47.27850552756963,47.84291915071165,47.14621961282109,47.68417739868164,23124100
2016-03-22,^GSPC,2048.639892578125,2056.60009765625,2040.5699462890625,2049.800048828125,3418460000
2016-03-23,AAPL,24.13820831977842,24.271956010076394,24.00672630829763,24.05886459350586,102814000
2016-03-23,GOOG,36.841680253571596,37.008428874021476,36.53349063708343,36.62828063964844,28642000
2016-03-23,MSFT,47.719477234899536,47.83412485900713,47.393176081547956,47.596012115478516,20129000
2016-03-23,^GSPC,2048.550048828125,2048.550048828125,2034.8599853515625,2036.7099609375,3639510000
2016-03-24,AAPL,23.909248239848313,24.086068039081677,23.77776622981937,23.954586029052734,104532000
2016-03-24,GOOG,36.32802972616807,36.612744277954945,36.27790669786131,36.49130630493164,31898000
2016-03-24,MSFT,47.481354251491524,47.9134854404434,47.384345003104066,47.807655334472656,19950000
2016-03-24,^GSPC,2032.47998046875,2036.0400390625,2022.489990234375,2035.93994140625,3407720000
2016-03-28,AAPL,24.029392062238568,24.072464167496427,23.81630067352147,23.84577178955078,77645600
2016-03-28,GOOG,36.56525767075817,36.67443940815412,36.352354040096,36.40346908569336,26026000
2016-03-28,MSFT,47.807655046919315,47.87820845047545,47.03158779283052,47.2167854309082,17025100
2016-03-28,^GSPC,2037.8900146484375,2042.6700439453125,2031.9599609375,2037.050048828125,2809090000
2016-03-29,AAPL,23.77776810574284,24.43517647822734,23.775500697245995,24.410240173339844,124760400
2016-03-29,GOOG,36.45607113743088,37.08435826376169,36.16674108591393,36.961280822753906,38076000
2016-03-29,MSFT,47.32261600591886,48.38089359579724,47.137418352837365,48.24860763549805,23924300
2016-03-29,^GSPC,2035.75,2055.909912109375,2028.31005859375,2055.010009765625,3822330000
2016-03-30,AAPL,24.630127081007462,25.031371826883497,24.61879177035917,24.836416244506836,182404400
2016-03-30,GOOG,37.2257993948164,37.61190346840919,37.15830482545691,37.24713897705078,35648000
2016-03-30,MSFT,48.44261611276006,49.068762351581015,48.41616027184878,48.54844284057617,23008300
2016-03-30,^GSPC,2058.27001953125,2072.2099609375,2058.27001953125,2063.949951171875,3590310000
2016-03-31,AAPL,24.87268719566875,24.91349189158519,24.682264704883522,24.70720100402832,103553600
2016-03-31,GOOG,37.18361444210032,37.263016918582366,36.77120696792642,36.97021484375,34376000
2016-03-31,MSFT,48.460261279581836,49.02467505957315,48.380890381509836,48.707191467285156,26360500
2016-03-31,^GSPC,2063.77001953125,2067.919921875,2057.4599609375,2059.739990234375,3715280000
2016-04-01,AAPL,24.65959375818387,24.93615870417239,24.52811177902123,24.93389129638672,103496000
2016-04-01,GOOG,36.65508479282281,37.23771302911774,36.57567851400728,37.216373443603516,31534000
2016-04-01,MSFT,48.548443507991635,49.04230718487455,48.125133226736736,49.00703048706055,24399200
2016-04-01,^GSPC,2056.6201171875,2075.070068359375,2043.97998046875,2072.780029296875,3749990000
2016-04-04,AAPL,25.031373946976785,25.43262045636295,24.99736974167742,25.190059661865234,149424800
2016-04-04,GOOG,37.22381045420006,37.35979159916591,36.84515025634564,36.98708724975586,22684000
2016-04-04,MSFT,48.88357162475586,49.086407616721765,48.504355485463066,48.88357162475586,18928800
2016-04-04,^GSPC,2073.18994140625,2074.02001953125,2062.570068359375,2066.1298828125,3485710000
2016-04-05,AAPL,24.825084521379363,25.10164951845118,24.80468130659051,24.893091201782227,106314800
2016-04-05,GOOG,36.625307010868916,36.86351825962312,36.494785693402925,36.615379333496094,22646000
2016-04-05,MSFT,48.671926059067545,48.76893533079622,48.02814123161722,48.1163330078125,19272300
2016-04-05,^GSPC,2062.5,2062.5,2042.56005859375,2045.1700439453125,4154920000
2016-04-06,AAPL,24.988305030062563,25.15832433698267,24.754810395757254,25.153789520263672,105616400
2016-04-06,GOOG,36.514636732120444,37.034238181953405,36.50421304966016,37.00694274902344,21074000
2016-04-06,MSFT,47.93995445877225,48.68074858328072,47.807668472042295,48.61019515991211,21188700
2016-04-06,^GSPC,2045.56005859375,2067.330078125,2043.0899658203125,2066.659912109375,3750800000
2016-04-07,AAPL,24.92481982605249,25.031365492893798,24.509974195992385,24.60518455505371,127207600
2016-04-07,GOOG,36.99106348523636,37.07195398830519,36.53994482823693,36.73845672607422,29064000
2016-04-07,MSFT,48.38970736187019,48.424984063788436,47.825293587863946,48.02812957763672,19225100
2016-04-07,^GSPC,2063.010009765625,2063.010009765625,2033.800048828125,2041.9100341796875,3801250000
2016-04-08,AAPL,24.689062150322712,24.88401596027356,24.52130858317575,24.632389068603516,94326800
2016-04-08,GOOG,36.92158390030754,36.99503053654203,36.503716536932565,36.682376861572266,25816000
2016-04-08,MSFT,48.213337087286185,48.75129512707694,47.90467429273681,47.992862701416016,22167200
2016-04-08,^GSPC,2045.5400390625,2060.6298828125,2041.68994140625,2047.5999755859375,3359530000
2016-04-11,AAPL,24.70266902792122,25.07444439430326,24.670932232951458,24.71400260925293,117630000
2016-04-11,GOOG,36.87443843344407,36.9727004801927,36.52853346254341,36.53101348876953,24402000
2016-04-11,MSFT,48.05458911610726,48.636641245069036,47.88702646293078,47.89584732055664,21414200
2016-04-11,^GSPC,2050.22998046875,2062.929931640625,2041.8800048828125,2041.989990234375,3567840000
2016-04-12,AAPL,24.786546624674372,25.049510643502522,24.632397450289883,25.03590965270996,108929200
2016-04-12,GOOG,36.62530763642403,36.914637720101055,36.27840686738015,36.87791061401367,27060000
2016-04-12,MSFT,47.94875282125005,48.31033056130008,47.41079495733319,48.19568634033203,24944300
2016-04-12,^GSPC,2043.719970703125,2065.050048828125,2039.739990234375,2061.719970703125,4239740000
2016-04-13,AAPL,25.117514925595028,25.466619648378188,25.117514925595028,25.39861297607422,133029200
2016-04-13,GOOG,37.179148820971406,37.43820741446152,36.936022974651806,37.30619430541992,34142000
2016-04-13,MSFT,48.61018660330343,48.89239351875762,48.40735059308147,48.81302261352539,20818000
2016-04-13,^GSPC,2065.919921875,2083.179931640625,2065.919921875,2082.419921875,4191830000
2016-04-14,AAPL,25.303408607876353,25.47796101073229,25.237667598364762,25.412220001220703,101895600
2016-04-14,GOOG,37.419841623117655,37.58361420031784,37.35507697862214,37.379642486572266,22706000
2016-04-14,MSFT,48.698365676695715,49.015849214891674,48.566079747723755,48.82183074951172,20877100
2016-04-14,^GSPC,2082.889892578125,2087.840087890625,2078.1298828125,2082.780029296875,3765870000
2016-04-15,AAPL,25.41448207711589,25.457554181436986,24.874954851968493,24.902156829833984,187756000
2016-04-15,GOOG,37.41835717242139,37.76674214974042,37.35453531029808,37.66748809814453,36186000
2016-04-15,MSFT,48.768917256955355,49.31569261004116,48.601357990540464,49.07758331298828,28793800
2016-04-15,^GSPC,2083.10009765625,2083.219970703125,2076.31005859375,2080.72998046875,3701450000
2016-04-18,AAPL,24.684530185392465,24.698131173127415,24.24248078875262,24.36489486694336,243286000
2016-04-18,GOOG,37.739944777671205,38.11662100436653,37.5831238219671,38.04515838623047,31176000
2016-04-18,MSFT,48.93647038531684,49.90655582637765,48.68953691560452,49.791908264160156,23786000
2016-04-18,^GSPC,2078.830078125,2094.659912109375,2073.64990234375,2094.340087890625,3316880000
2016-04-19,AAPL,24.45557552402066,24.482779234688476,24.081534447111306,24.235685348510742,129539600
2016-04-19,GOOG,38.1890785915503,38.20843415646569,37.18759091807297,37.41587829589844,40610000
2016-04-19,MSFT,49.94185478000416,50.06531988781338,49.10405150879199,49.73019790649414,29596800
2016-04-19,^GSPC,2096.050048828125,2104.050048828125,2091.679931640625,2100.800048828125,3896830000
2016-04-20,AAPL,24.174474201468847,24.503177446199846,24.042992211766236,24.285552978515625,122444000
2016-04-20,GOOG,37.61785473602221,37.62440503282309,37.22132702904777,37.353336334228516,30584000
2016-04-20,MSFT,49.64200613795854,49.82720378711121,48.936488881063866,49.02467727661133,36195700
2016-04-20,^GSPC,2101.52001953125,2111.050048828125,2096.320068359375,2102.39990234375,4184880000
2016-04-21,AAPL,24.240218953318198,24.240218953318198,23.920581831865228,24.022594451904297,126210000
2016-04-21,GOOG,37.487834476598536,37.73944541975394,37.19850442045027,37.674434661865234,61210000
2016-04-21,MSFT,49.20987620640675,49.58909237263858,48.87475423909616,49.192237854003906,38909100
2016-04-21,^GSPC,2102.090087890625,2103.780029296875,2088.52001953125,2091.47998046875,4175290000
2016-04-22,AAPL,23.804974158055394,24.13821232927027,23.716564242777093,23.956857681274414,134732400
2016-04-22,GOOG,36.04465584436814,36.5320017727363,35.41488069915766,35.67095947265625,119038000
2016-04-22,MSFT,45.779301400830384,46.237888527675075,44.77393873835909,45.66465377807617,126834100
2016-04-22,^GSPC,2091.489990234375,2094.320068359375,2081.199951171875,2091.580078125,3790580000
2016-04-25,AAPL,23.802701214386417,23.950051615428237,23.69162242631981,23.820837020874023,112126400
2016-04-25,GOOG,35.53845558926234,35.927039705192314,35.513144178111574,35.88833236694336,39184000
2016-04-25,MSFT,45.66464925679533,45.97331538531513,45.53236665671982,45.9556770324707,33226900
2016-04-25,^GSPC,2089.3701171875,2089.3701171875,2077.52001953125,2087.7900390625,3319740000
2016-04-26,AAPL,23.55560625937674,23.870708532203164,23.55560625937674,23.655349731445312,224064800
2016-04-26,GOOG,36.00098772325792,36.018158591566674,34.88962173018415,35.1434211730957,54892000
2016-04-26,MSFT,46.087955073743146,46.167325971606175,45.056136765695186,45.36479949951172,33532600
2016-04-26,^GSPC,2089.840087890625,2096.8701171875,2085.800048828125,2091.699951171875,3557190000
2016-04-27,AAPL,21.76246876039029,22.376804910562402,21.689927267036683,22.175048828125,458408400
2016-04-27,GOOG,35.10123260581638,35.18510670884649,34.36054158328284,35.029273986816406,61972000
2016-04-27,MSFT,45.40007640246764,45.41771475364536,44.579911575646726,44.923851013183594,43369300
2016-04-27,^GSPC,2092.330078125,2099.889892578125,2082.31005859375,2095.14990234375,4100110000
2016-04-28,AAPL,22.12744071649844,22.18864689082226,21.365754271994227,21.497236251831055,328970800
2016-04-28,GOOG,35.1493753041683,35.44267722719702,34.220842087526414,34.293792724609375,57346000
2016-04-28,MSFT,44.64164721513567,44.77393317604667,43.706838087159944,44.006683349609375,43134800
2016-04-28,^GSPC,2090.929931640625,2099.300048828125,2071.6201171875,2075.81005859375,4309840000
2016-04-29,AAPL,21.306818058140756,21.472304270094504,20.971314276778763,21.250144958496094,274126000
2016-04-29,GOOG,34.27790984908636,34.62133477666476,34.19354352600306,34.39255142211914,49754000
2016-04-29,MSFT,43.521641309516575,44.31535042397298,43.521641309516575,43.980228424072266,48411700
2016-04-29,^GSPC,2071.820068359375,2073.85009765625,2052.280029296875,2065.300048828125,4704720000
2016-05-02,AAPL,21.302279284596402,21.327215580145463,20.94637238301696,21.22747039794922,192640400
2016-05-02,GOOG,34.62183605446401,34.77121694718035,34.2928028007712,34.65061950683594,32906000
2016-05-02,MSFT,44.094869808853595,44.756292855986395,43.900851305159726,44.63282775878906,33114500
2016-05-02,^GSPC,2067.169921875,2083.419921875,2066.110107421875,2081.429931640625,3841110000
2016-05-03,AAPL,21.35442264964809,21.70352914111735,21.236543366716273,21.576581954956055,227325200
2016-05-03,GOOG,34.58411387235226,34.63225288590896,34.34242679406445,34.360294342041016,30876000
2016-05-03,MSFT,44.394708251212904,44.456440790346306,43.74210279786841,43.90084457397461,26460200
2016-05-03,^GSPC,2077.179931640625,2077.179931640625,2054.889892578125,2063.3701171875,4173390000
2016-05-04,AAPL,21.58111759806483,21.739803329088275,21.268282682458565,21.35215950012207,164102000
2016-05-04,GOOG,34.26749174116074,34.72704249511249,34.19404131539606,34.52605056762695,33870000
2016-05-04,MSFT,43.95377257498107,44.147791106108656,43.618650575080366,43.980228424072266,24257600
2016-05-04,^GSPC,2060.300048828125,2060.300048828125,2045.550048828125,2051.1201171875,4058560000
2016-05-05,AAPL,21.438821402530515,21.454786412696134,21.137765682224863,21.265485763549805,143562000
2016-05-05,GOOG,34.62530119194874,34.854584327244005,34.527039154707474,34.8104133605957,33670000
2016-05-05,MSFT,43.980225302279,44.359441478471624,43.85676019638779,44.04195785522461,25390700
2016-05-05,^GSPC,2052.949951171875,2060.22998046875,2045.77001953125,2050.6298828125,4008530000
2016-05-06,AAPL,21.29513624976754,21.31338073272175,20.9484649728036,21.146888732910156,174799600
2016-05-06,GOOG,34.65905036150577,35.32803267477772,34.64550298217596,35.29130935668945,36586000
2016-05-06,MSFT,44.02431181689921,44.438804626464844,43.79501999801111,44.438804626464844,24787300
2016-05-06,^GSPC,2047.77001953125,2057.719970703125,2039.449951171875,2057.139892578125,3796350000
2016-05-09,AAPL,21.21074827018959,21.386363377339833,21.117237684524454,21.162853240966797,131745600
2016-05-09,GOOG,35.33498313840046,35.66798819705597,35.235729078052586,35.3796501159668,30206000
2016-05-09,MSFT,44.52701498290823,44.61520340452512,44.09488364297115,44.1566162109375,17951600
2016-05-09,^GSPC,2057.550048828125,2064.14990234375,2054.31005859375,2058.68994140625,3788620000
2016-05-10,AAPL,21.28601383900242,21.34075076977819,21.007765019137445,21.30653953552246,134747200
2016-05-10,GOOG,35.5707183593109,35.90570365460793,35.519599526765326,35.88982391357422,31392000
2016-05-10,MSFT,44.38589210697213,45.064950058064596,44.262423660784144,44.99440002441406,22891000
2016-05-10,^GSPC,2062.6298828125,2084.8701171875,2062.6298828125,2084.389892578125,3600200000
2016-05-11,AAPL,21.320222038678434,21.340747732276988,21.087587070895726,21.09899139404297,114876400
2016-05-11,GOOG,35.90123631206559,35.95433537449207,35.37468323066756,35.49825668334961,33842000
2016-05-11,MSFT,45.091400704985745,45.664631814704855,44.97675313737371,45.02084732055664,24039100
2016-05-11,^GSPC,2083.2900390625,2083.2900390625,2064.4599609375,2064.4599609375,3821980000
2016-05-12,AAPL,21.146898078974576,21.160581882251815,20.40566190714716,20.604084014892578,305258800
2016-05-12,GOOG,35.58609807941529,35.694783800668375,35.18609827673069,35.399993896484375,27214000
2016-05-12,MSFT,45.15314670953702,45.691104651757364,44.90621315451215,45.42653274536133,24102800
2016-05-12,^GSPC,2067.169921875,2073.989990234375,2053.1298828125,2064.110107421875,3782390000
2016-05-13,AAPL,20.526535072248734,20.90741591653148,20.526535072248734,20.645132064819336,177571200
2016-05-13,GOOG,35.33150736721752,35.56634500871806,35.19900203690533,35.27691650390625,26290000
2016-05-13,MSFT,45.36481308603622,45.77048855448468,45.012056050907226,45.047332763671875,22592300
2016-05-13,^GSPC,2062.5,2066.7900390625,2043.1300048828125,2046.6099853515625,3579880000
2016-05-16,AAPL,21.071623712008055,21.52776883271836,20.902850504560796,21.41145133972168,245039200
2016-05-16,GOOG,35.19254744359667,35.6565659593251,35.01984298705642,35.55780792236328,26342000
2016-05-16,MSFT,44.80038743561465,45.82338828935096,44.756293238263495,45.708744049072266,20032000
2016-05-16,^GSPC,2046.530029296875,2071.8798828125,2046.530029296875,2066.659912109375,3501360000
2016-05-17,AAPL,21.56426022160587,21.59846971193948,21.213028287052005,21.32250213623047,187667600
2016-05-17,GOOG,35.53299589332777,35.8074382302116,34.943419860282894,35.04862976074219,40024000
2016-05-17,MSFT,45.93075553091335,45.93963469663691,44.72298573041795,44.85619354248047,27803500
2016-05-17,^GSPC,2065.0400390625,2065.68994140625,2040.8199462890625,2047.2099609375,4108960000
2016-05-18,AAPL,21.475308337916452,21.714783428949463,21.413727785897137,21.56653594970703,168249600
2016-05-18,GOOG,34.921576803335874,35.31512850415148,34.77071172103921,35.068477630615234,35336000
2016-05-18,MSFT,44.82955253063872,45.41567571007772,44.669700446455224,45.122615814208984,24907500
2016-05-18,^GSPC,2044.3800048828125,2060.610107421875,2034.489990234375,2047.6300048828125,4101320000
2016-05-19,AAPL,21.58478660949253,21.58478660949253,21.340749043622374,21.484434127807617,121768400
2016-05-19,GOOG,34.856570994490674,35.0372153437786,34.58064063191037,34.75532913208008,33404000
2016-05-19,MSFT,44.82066539934508,44.95387318735643,44.243421488193135,44.68745422363281,23842400
2016-05-19,^GSPC,2044.2099609375,2044.2099609375,2025.9100341796875,2040.0400390625,3846770000
2016-05-20,AAPL,21.584792809510798,21.764970389719515,21.55742346844729,21.71707534790039,128104000
2016-05-20,GOOG,34.81984823411224,35.46302315470295,34.76525736700243,35.22282409667969,36568000
2016-05-20,MSFT,44.829544058174456,45.48671398980637,44.75850058290935,44.95387268066406,23905800
2016-05-20,^GSPC,2041.8800048828125,2058.35009765625,2041.8800048828125,2052.320068359375,3507650000
2016-05-23,AAPL,21.865321886590717,22.1663776641088,21.8197063202662,21.9930419921875,152074400
2016-05-23,GOOG,35.06351683655987,35.309073491011915,34.946891245687574,34.94987106323242,26614000
2016-05-23,MSFT,44.93611345152669,45.00716031842416,44.38551378387555,44.42991638183594,26118700
2016-05-23,^GSPC,2052.22998046875,2055.580078125,2047.260009765625,2048.0400390625,3055480000
2016-05-24,AAPL,22.17321677225564,22.371638805602565,22.086548077179312,22.328306198120117,140560800
2016-05-24,GOOG,35.07989467001935,35.78014426216064,35.07989467001935,35.736473083496094,38590000
2016-05-24,MSFT,45.02493721817717,45.92188219516301,44.758518152873606,45.81531524658203,34757900
2016-05-24,^GSPC,2052.64990234375,2079.669921875,2052.64990234375,2076.06005859375,3627340000
2016-05-25,AAPL,22.503922489891956,22.747960096493543,22.37620239374333,22.720592498779297,152675200
2016-05-25,GOOG,35.76971842120526,36.10470746473087,35.71736147460093,35.9935417175293,32584000
2016-05-25,MSFT,46.10835881888811,46.614559267114664,45.99291274382159,46.285972595214844,24040200
2016-05-25,^GSPC,2078.929931640625,2094.72998046875,2078.929931640625,2090.5400390625,3859160000
2016-05-26,AAPL,22.73427832024391,22.97375526188401,22.497082591968223,22.900772094726562,225324800
2016-05-26,GOOG,35.874439113631865,36.14540564519285,35.74590181448519,35.93647384643555,31526000
2016-05-26,MSFT,46.11723806038243,46.16164065435139,45.611041036194585,46.08171463012695,24335200
2016-05-26,^GSPC,2091.43994140625,2094.300048828125,2087.080078125,2090.10009765625,3230990000
2016-05-27,AAPL,22.67954358078764,22.914458118495805,22.636209222938362,22.887088775634766,145364800
2016-05-27,GOOG,35.931015038820995,36.42362020483819,35.93051903355783,36.360294342041016,39500000
2016-05-27,MSFT,46.108372500631184,46.463600158691406,45.97516466963511,46.463600158691406,17721400
2016-05-27,^GSPC,2090.06005859375,2099.06005859375,2090.06005859375,2099.06005859375,3079150000
2016-05-31,AAPL,22.716032130013996,22.898490918229353,22.5381357685348,22.775331497192383,169228800
2016-05-31,GOOG,36.31463752315086,36.711161529848496,36.290814126380795,36.51215362548828,42590000
2016-05-31,MSFT,46.410308126076,47.06747817993164,46.250459430074834,47.06747817993164,37653100
2016-05-31,^GSPC,2100.1298828125,2103.47998046875,2088.659912109375,2096.949951171875,4514410000
2016-06-01,AAPL,22.583742329196227,22.70234102539363,22.42637345855159,22.456022262573242,116693200
2016-06-01,GOOG,36.453094174853284,36.58609550260242,36.261034154069414,36.434234619140625,25072000
2016-06-01,MSFT,46.57016216496261,47.023077550369074,46.57016216496261,46.934268951416016,25324800
2016-06-01,^GSPC,2093.93994140625,2100.969970703125,2085.10009765625,2099.330078125,3525170000
2016-06-02,AAPL,22.25988309058161,22.314620021657646,22.038652413244066,22.28725242614746,160766400
2016-06-02,GOOG,36.35234868150088,36.37815609627384,35.93894918514588,36.248130798339844,26836000
2016-06-02,MSFT,46.747780386472854,46.83658899380625,46.03732846631561,46.605690002441406,22840800
2016-06-02,^GSPC,2097.7099609375,2105.260009765625,2088.590087890625,2105.260009765625,3632720000
2016-06-03,AAPL,22.303221669284163,22.412695552210707,22.225676073826534,22.332870483398438,114019600
2016-06-03,GOOG,36.19205401462339,36.20296991560521,35.75979493738125,35.8481330871582,24526000
2016-06-03,MSFT,46.516874922421955,46.552394970124,45.824181482862706,45.992916107177734,23368300
2016-06-03,^GSPC,2104.070068359375,2104.070068359375,2085.360107421875,2099.1298828125,3627780000
2016-06-06,AAPL,22.348830448630295,23.238313811742945,22.248479701959216,22.494796752929688,93170000
2016-06-06,GOOG,35.97567859785254,35.97567859785254,35.46451298539135,35.560791015625,31306000
2016-06-06,MSFT,46.17053219743745,46.49023296889589,46.08172360450337,46.29486083984375,18243300
2016-06-06,^GSPC,2100.830078125,2113.360107421875,2100.830078125,2109.409912109375,3442020000
2016-06-07,AAPL,22.636199567837128,22.777605168887384,22.570058322509848,22.586023330688477,89638000
2016-06-07,GOOG,35.724062866465,35.830264774231345,35.56078628374874,35.56575012207031,26724000
2016-06-07,MSFT,46.39254720581945,46.827697441181115,46.26821517944336,46.26821517944336,20866800
2016-06-07,^GSPC,2110.179931640625,2119.219970703125,2110.179931640625,2112.1298828125,3534730000
2016-06-08,AAPL,22.58374474225539,22.70690413682509,22.50620090496461,22.565500259399414,83392400
2016-06-08,GOOG,35.928533621771486,36.157316987125306,35.76078919182196,36.14292526245117,31674000
2016-06-08,MSFT,46.19718502364787,46.57017104728532,46.063973793661745,46.21494674682617,21149400
2016-06-08,^GSPC,2112.7099609375,2120.550048828125,2112.7099609375,2119.1201171875,3562060000
2016-06-09,AAPL,22.465154099986027,22.804981832150826,22.45603098596103,22.72743797302246,106405600
2016-06-09,GOOG,35.87443600039166,36.205453215034694,35.84793190542453,36.15781021118164,19778000
2016-06-09,MSFT,46.17941921269879,46.17941921269879,45.72650716870159,45.84195327758789,20305700
2016-06-09,^GSPC,2115.64990234375,2117.639892578125,2107.72998046875,2115.47998046875,3290320000
2016-06-10,AAPL,22.47199804085464,22.659017545207494,22.460595452330146,22.540420532226562,126851600
2016-06-10,GOOG,35.70570430311351,36.024313857221046,35.55483540197541,35.702728271484375,24328000
2016-06-10,MSFT,45.33574477010983,46.22381030287477,45.326865605370685,45.717613220214844,25833200
2016-06-10,^GSPC,2109.570068359375,2109.570068359375,2089.9599609375,2096.070068359375,3515010000
2016-06-13,AAPL,22.508479923356937,22.606551186875574,22.14584367358134,22.200580596923828,152082000
2016-06-13,GOOG,35.55880169460568,36.001976656267416,35.55880169460568,35.650611877441406,25178000
2016-06-13,MSFT,44.03029241497968,45.04268661879916,43.568497913856504,44.52760696411133,83217800
2016-06-13,^GSPC,2091.75,2098.1201171875,2078.4599609375,2079.06005859375,3392030000
2016-06-14,AAPL,22.196022935848493,22.460587958152097,22.06602163766294,22.22795295715332,127727600
2016-06-14,GOOG,35.55731452785006,35.85458445719985,35.39056212110339,35.646148681640625,26122000
2016-06-14,MSFT,44.314479849314196,44.492090279410206,44.02141654179254,44.252315521240234,42577100
2016-06-14,^GSPC,2076.64990234375,2081.300048828125,2064.10009765625,2075.320068359375,3759770000
2016-06-15,AAPL,22.31005959227909,22.444623318622153,22.129882046190804,22.154970169067383,117780800
2016-06-15,GOOG,35.68237758984491,35.879893687108535,35.59850727066218,35.67840576171875,24290000
2016-06-15,MSFT,44.20791296279647,44.50985546021562,44.127986907958984,44.127986907958984,33757600
2016-06-15,^GSPC,2077.60009765625,2085.64990234375,2069.800048828125,2071.5,3544720000
2016-06-16,AAPL,21.99760239641242,22.294097483519963,21.910935431592268,22.248483657836914,125307200
2016-06-16,GOOG,35.4793969796826,35.565751109157844,34.90123285389928,35.25359344482422,39650000
2016-06-16,MSFT,43.97701376576226,44.82067685629285,43.96813121167042,44.749629974365234,31188600
2016-06-16,^GSPC,2066.360107421875,2079.6201171875,2050.3701171875,2077.989990234375,3628280000
2016-06-17,AAPL,22.036376585256466,22.043218485265697,21.73532080445854,21.742162704467773,244032800
2016-06-17,GOOG,35.1687242282934,35.1771638888195,34.16634321078803,34.32852554321289,68048000
2016-06-17,MSFT,44.767387451347076,44.785149170145345,44.24342860375323,44.51873016357422,45710500
2016-06-17,^GSPC,2078.199951171875,2078.199951171875,2062.840087890625,2071.219970703125,4952630000
2016-06-20,AAPL,21.89497444313241,22.02497578428626,21.673743693787593,21.689708709716797,137647600
2016-06-20,GOOG,34.67841066940282,34.862530862861455,34.41240795345229,34.42729568481445,41650000
2016-06-20,MSFT,44.97164747576505,45.140382130532906,44.42992684505075,44.465450286865234,35607900
2016-06-20,^GSPC,2075.580078125,2100.659912109375,2075.580078125,2083.25,3467440000
2016-06-21,AAPL,21.65321047429848,21.97479189497669,21.59391111854967,21.874441146850586,142185600
2016-06-21,GOOG,34.66004553055746,34.876920994880514,34.34292399361762,34.5379638671875,29312000
2016-06-21,MSFT,44.58089984172744,45.673220271297836,44.5453763998629,45.4600830078125,34097800
2016-06-21,^GSPC,2085.18994140625,2093.659912109375,2083.02001953125,2088.89990234375,3232880000
2016-06-22,AAPL,21.951987540053324,22.097953863452847,21.746721854005294,21.79233741760254,116876400
2016-06-22,GOOG,34.692794353847106,34.78212450761372,34.39611889085455,34.6133918762207,23686000
2016-06-22,MSFT,45.36239292873684,45.699855420974,45.24694345102336,45.282466888427734,28816800
2016-06-22,^GSPC,2089.75,2099.7099609375,2084.360107421875,2085.449951171875,3168160000
2016-06-23,AAPL,21.881287301463182,21.961112368926514,21.72391663985264,21.91777801513672,128960800
2016-06-23,GOOG,34.612900807605904,34.83622433072377,34.0942875648373,34.832252502441406,43428000
2016-06-23,MSFT,45.540005002108266,46.23269850596404,45.424558907883615,46.0994873046875,29028800
2016-06-23,^GSPC,2092.800048828125,2113.320068359375,2092.800048828125,2113.320068359375,3297940000
2016-06-24,AAPL,21.190231578664132,21.589358731834025,21.13093220012027,21.301986694335938,301245600
2016-06-24,GOOG,33.50719025982029,34.21339568977937,33.421831924808835,33.509674072265625,88980000
2016-06-24,MSFT,44.23455380069027,45.238065603999566,43.97701393426854,44.252315521240234,133503000
2016-06-24,^GSPC,2103.81005859375,2103.81005859375,2032.5699462890625,2037.4100341796875,7597450000
2016-06-27,AAPL,21.210747847269868,21.222152171166954,20.868639011023582,20.991798400878906,181958400
2016-06-27,GOOG,33.30024202112495,33.364760563003216,32.91731463069898,33.16426086425781,52580000
2016-06-27,MSFT,43.60402027944353,43.648426270291594,42.662672897010445,43.00901794433594,50216300
2016-06-27,^GSPC,2031.449951171875,2031.449951171875,1991.6800537109375,2000.5400390625,5431220000
2016-06-28,AAPL,21.187950793302498,21.361286504828513,21.014615081776487,21.345319747924805,161779600
2016-06-28,GOOG,33.69577179618264,33.76326257109219,33.3994939203525,33.748870849609375,43476000
2016-06-28,MSFT,43.44418068341352,43.93261962150333,43.22216421617358,43.905975341796875,38140700
2016-06-28,^GSPC,2006.6700439453125,2036.0899658203125,2006.6700439453125,2036.0899658203125,4385810000
2016-06-29,AAPL,21.431982803418443,21.56426533090208,21.354437213493046,21.530054092407227,146124000
2016-06-29,GOOG,33.89577982569935,34.11557830632859,33.8168695548204,33.95086669921875,38652000
2016-06-29,MSFT,44.32336065649975,45.042695120743375,44.225672883709656,44.882843017578125,31304000
2016-06-29,^GSPC,2042.68994140625,2073.1298828125,2042.68994140625,2070.77001953125,4241740000
2016-06-30,AAPL,21.539172476208254,21.842507649454237,21.507242457971834,21.803735733032227,143345600
2016-06-30,GOOG,34.01835601015208,34.358308908889335,33.92803383607649,34.347389221191406,31954000
2016-06-30,MSFT,45.04267978441019,45.557755973243495,44.847304305352324,45.44230651855469,28527800
2016-06-30,^GSPC,2073.169921875,2098.93994140625,2070.0,2098.860107421875,4622820000
2016-07-01,AAPL,21.778649392197185,22.002161278167506,21.742158685541078,21.8698787689209,104106000
2016-07-01,GOOG,34.352352115979826,34.77170748957298,34.348876293153445,34.70024108886719,26894000
2016-07-01,MSFT,45.40680408758418,45.93076303107244,45.35351892143717,45.43344497680664,21400400
2016-07-01,^GSPC,2099.340087890625,2108.7099609375,2097.89990234375,2102.949951171875,3458890000
2016-07-05,AAPL,21.755846933839567,21.75812814723965,21.543739329087614,21.66461753845215,110820800
2016-07-05,GOOG,34.54391743807474,34.58758861670037,34.18758879055797,34.48883056640625,29252000
2016-07-05,MSFT,45.14036752393912,45.53999425808362,45.06044149957006,45.44230651855469,24806400
2016-07-05,^GSPC,2095.050048828125,2095.050048828125,2080.860107421875,2088.550048828125,3658380000
2016-07-06,AAPL,21.57566745362745,21.817425591090963,21.523211730443737,21.78777503967285,123796400
2016-07-06,GOOG,34.24217270196632,34.82281676011431,34.198001740776164,34.6287727355957,28238000
2016-07-06,MSFT,45.09597326703417,45.77090506778701,44.74962820061964,45.628814697265625,28167500
2016-07-06,^GSPC,2084.429931640625,2100.719970703125,2074.02001953125,2099.72998046875,3909380000
2016-07-07,AAPL,21.82654603962435,22.00900480658205,21.808301554973188,21.881284713745117,100558400
2016-07-07,GOOG,34.644163525775554,34.65011937491906,34.15458742536042,34.509178161621094,26084000
2016-07-07,MSFT,45.66433474911973,45.83306939315877,45.353513122260956,45.628814697265625,19585200
2016-07-07,^GSPC,2100.419921875,2109.080078125,2089.389892578125,2097.89990234375,3604550000
2016-07-08,AAPL,22.00672591897257,22.097955312091806,21.906375152591764,22.050060272216797,115648400
2016-07-08,GOOG,34.71463067046712,35.02282027538699,34.56252367505647,35.01885223388672,31504000
2016-07-08,MSFT,45.93964548526187,46.49912791287952,45.7797933630854,46.44584274291992,28391000
2016-07-08,^GSPC,2106.969970703125,2131.7099609375,2106.969970703125,2129.89990234375,3607500000
2016-07-11,AAPL,22.066017512244752,22.27128313943949,22.06145682722057,22.11847496032715,95179600
2016-07-11,GOOG,35.13895008550602,35.55880144114523,35.098750947258786,35.48833084106445,22236000
2016-07-11,MSFT,46.623446910824214,46.916510203217605,46.596806025225405,46.703372955322266,22269200
2016-07-11,^GSPC,2131.719970703125,2143.159912109375,2131.719970703125,2137.159912109375,3253340000
2016-07-12,AAPL,22.16180815929237,22.282686326347747,22.15040557639501,22.218826293945312,96670000
2016-07-12,GOOG,35.688336606432145,35.87791285056888,35.52903182910867,35.763771057128906,26738000
2016-07-12,MSFT,47.01418917920501,47.42270190843744,46.88098137881071,47.25396728515625,27317600
2016-07-12,^GSPC,2139.5,2155.39990234375,2139.5,2152.139892578125,4097820000
2016-07-13,AAPL,22.216550820282194,22.275848438154696,22.086547779420336,22.09339141845703,103568800
2016-07-13,GOOG,35.911659671058956,35.93051923006151,35.57567857737276,35.582130432128906,18718000
2016-07-13,MSFT,47.56478791126159,47.831206875385085,47.22732208326467,47.520381927490234,25356800
2016-07-13,^GSPC,2153.81005859375,2156.449951171875,2146.2099609375,2152.429931640625,3502320000
2016-07-14,AAPL,22.211982458068817,22.576898139995517,22.19601745136125,22.53128433227539,155676000
2016-07-14,GOOG,35.810415391348286,35.84168265249215,35.63423887632962,35.779151916503906,19004000
2016-07-14,MSFT,47.813452728171164,47.946663925170384,47.58255715943417,47.724647521972656,24545500
2016-07-14,^GSPC,2157.8798828125,2168.989990234375,2157.8798828125,2163.75,3465610000
2016-07-15,AAPL,22.560940796966456,22.647609497152324,22.465150724182323,22.529010772705078,120548000
2016-07-15,GOOG,36.01636602901106,36.016862034172995,35.685102734220344,35.72455596923828,25586000
2016-07-15,MSFT,47.91115296614924,47.955555580813225,47.25398275093425,47.68913650512695,32024400
2016-07-15,^GSPC,2165.1298828125,2169.050048828125,2155.7900390625,2161.739990234375,3122600000
2016-07-18,AAPL,22.510764780306978,22.83690866582766,22.487957868463706,22.76848793029785,145975600
2016-07-18,GOOG,35.86650133569499,36.532503903276904,35.79106688417232,36.41587829589844,25910000
2016-07-18,MSFT,47.689125481627045,48.257486948433076,47.55591428072495,47.920021057128906,31433900
2016-07-18,^GSPC,2162.0400390625,2168.35009765625,2159.6298828125,2166.889892578125,3009310000
2016-07-19,AAPL,22.706907090842087,22.80725958985531,22.656730841335474,22.777610778808594,95119600
2016-07-19,GOOG,36.222819737246034,36.575176522646885,36.17865255763587,36.57368850708008,24550000
2016-07-19,MSFT,47.69801502847158,47.86674970469803,47.00532476350661,47.14741516113281,53336500
2016-07-19,^GSPC,2163.7900390625,2164.6298828125,2159.010009765625,2163.780029296875,2968340000
2016-07-20,AAPL,22.80725123735332,22.912164384238526,22.747951896920753,22.798128128051758,105104000
2016-07-20,GOOG,36.59205109802481,36.830262316635796,36.58063540638047,36.78361511230469,25794000
2016-07-20,MSFT,49.86489738974028,50.47766158893709,49.314294139526275,49.65176010131836,89893300
2016-07-20,^GSPC,2166.10009765625,2175.6298828125,2164.889892578125,2173.02001953125,3211860000
2016-07-21,AAPL,22.76848500620575,23.03532949461918,22.608833163694822,22.677255630493164,130808000
2016-07-21,GOOG,36.742428562636505,36.80843133598498,36.5176624638363,36.65657043457031,20526000
2016-07-21,MSFT,49.7139063213919,49.935922696561235,49.518530827178566,49.554054260253906,32776700
2016-07-21,^GSPC,2172.909912109375,2174.56005859375,2159.75,2165.169921875,3438900000
2016-07-22,AAPL,22.638489269005735,22.64761238282225,22.421819230989637,22.501646041870117,113254800
2016-07-22,GOOG,36.816867332180074,36.88535391824283,36.55384067579976,36.86054229736328,25196000
2016-07-22,MSFT,49.802730373404906,50.29116587295113,49.536307930286874,50.23788070678711,32157200
2016-07-22,^GSPC,2166.469970703125,2175.110107421875,2163.239990234375,2175.030029296875,3023280000
2016-07-25,AAPL,22.40812744718286,22.54268941291135,22.10479054606062,22.200580596923828,161531600
2016-07-25,GOOG,36.75781318631254,36.85409121300379,36.60049243717689,36.7131462097168,20648000
2016-07-25,MSFT,50.14906355008567,50.38884165920989,49.96256720674375,50.37995910644531,25610600
2016-07-25,^GSPC,2173.7099609375,2173.7099609375,2161.949951171875,2168.47998046875,3057240000
2016-07-26,AAPL,22.081984592291768,22.344268377208238,21.990755222748366,22.047773361206055,224959200
2016-07-26,GOOG,36.67691615003534,36.80842947113085,36.44019292932329,36.646148681640625,23734000
2016-07-26,MSFT,50.193474706680824,50.877285714958774,50.184592152402146,50.40660858154297,28079000
2016-07-26,^GSPC,2168.969970703125,2173.5400390625,2160.179931640625,2169.179931640625,3442350000
2016-07-27,AAPL,23.78113162886701,23.799377856316067,23.434462007615018,23.48007583618164,369379200
2016-07-27,GOOG,36.63920034336357,36.94589815807279,36.57567381395452,36.812400817871094,30250000
2016-07-27,MSFT,50.27339904837358,50.442130309214384,49.829366205180314,49.90040969848633,32327500
2016-07-27,^GSPC,2169.81005859375,2174.97998046875,2159.070068359375,2166.580078125,3995500000
2016-07-28,AAPL,23.452704090793322,23.82218056103933,23.450422877751294,23.79709243774414,159479200
2016-07-28,GOOG,37.073939291085715,37.15383777828137,36.689819230143634,37.017860412597656,70604000
2016-07-28,MSFT,49.731681750137795,50.06026512743037,49.48302442545174,49.918174743652344,37550400
2016-07-28,^GSPC,2166.050048828125,2172.85009765625,2159.739990234375,2170.06005859375,3664240000
2016-07-29,AAPL,23.762887738344162,23.844994023871223,23.64657021050481,23.76744842529297,110934800
2016-07-29,GOOG,38.347887053303594,38.6377131318667,38.05309713614676,38.153343200683594,76830000
2016-07-29,MSFT,49.96257809410446,50.406610973456516,49.77608509782508,50.335567474365234,30558700
2016-07-29,^GSPC,2168.830078125,2177.090087890625,2163.489990234375,2173.60009765625,4038840000
2016-08-01,AAPL,23.813066172805925,24.209912095774907,23.813066172805925,24.187105178833008,152671600
2016-08-01,GOOG,37.77120372344215,38.73100394971732,37.77120372344215,38.35631561279297,54010000
2016-08-01,MSFT,50.264512023597625,50.39772321978777,49.85600265724329,50.24675369262695,26003400
2016-08-01,^GSPC,2173.14990234375,2178.2900390625,2166.2099609375,2170.840087890625,3505990000
2016-08-02,AAPL,24.18709916975644,24.19165985598927,23.719549658353124,23.829025268554688,135266400
2016-08-02,GOOG,38.14838114548327,38.50321796716653,38.10669399060329,38.26649475097656,35690000
2016-08-02,MSFT,50.486528425446906,50.53093441597792,50.00697557210555,50.24675369262695,35122000
2016-08-02,^GSPC,2169.93994140625,2170.199951171875,2147.580078125,2157.030029296875,3848750000
2016-08-03,AAPL,23.904289969174723,24.139204481737742,23.895166855864243,24.1278018951416,120810400
2016-08-03,GOOG,38.07344226152935,38.37269620651058,38.055574715520365,38.37120819091797,25748000
2016-08-03,MSFT,50.33555405764375,50.71742250311731,50.16682282803726,50.59309387207031,22075600
2016-08-03,^GSPC,2156.81005859375,2163.7900390625,2152.56005859375,2163.7900390625,3786530000
2016-08-04,AAPL,24.21035018620521,24.30665917059036,24.14155705479753,24.2768497467041,109634800
2016-08-04,GOOG,38.32356446094003,38.41537464263276,38.153589919676804,38.29329299926758,22806000
2016-08-04,MSFT,50.44213224541776,51.081540648224085,50.326682753199535,50.96609115600586,26587700
2016-08-04,^GSPC,2163.510009765625,2168.18994140625,2159.070068359375,2164.25,3709200000
2016-08-05,AAPL,24.36857368450575,24.685020016811045,24.347936792998272,24.646038055419922,162213600
2016-08-05,GOOG,38.40098771163548,38.86054225523338,38.32952509263564,38.819847106933594,36024000
2016-08-05,MSFT,51.19698423619854,51.69429881418279,51.01937043504638,51.47228240966797,29335200
2016-08-05,^GSPC,2168.7900390625,2182.8701171875,2168.7900390625,2182.8701171875,3663070000
2016-08-08,AAPL,24.655205358693667,24.85011863708496,24.572656054840465,24.85011863708496,112148800
2016-08-08,GOOG,38.80892405506693,38.84019131460653,38.61492922462727,38.79701614379883,22158000
2016-08-08,MSFT,51.561092376708984,51.587733261895494,51.312431693395745,51.561092376708984,19473500
2016-08-08,^GSPC,2183.760009765625,2185.43994140625,2177.85009765625,2180.889892578125,3327550000
2016-08-09,AAPL,24.81802188947373,24.980830466332375,24.767573816464672,24.951019287109375,105260800
2016-08-09,GOOG,38.76426442765847,39.1533445784556,38.73796100407354,38.92108917236328,26378000
2016-08-09,MSFT,51.65877671711994,51.951840004782134,51.52556890357478,51.685420989990234,16920700
2016-08-09,^GSPC,2182.239990234375,2187.659912109375,2178.610107421875,2181.739990234375,3334300000
2016-08-10,AAPL,24.928088343632055,24.971657451209737,24.710246304708292,24.76527976989746,96034000
2016-08-10,GOOG,38.89577768572317,39.04773703510581,38.84754022842674,38.941932678222656,15728000
2016-08-10,MSFT,51.64989474203471,51.79198510137546,51.34795230497293,51.52556610107422,15756900
2016-08-10,^GSPC,2182.81005859375,2183.409912109375,2172.0,2175.489990234375,3254950000
2016-08-11,AAPL,24.88451081502498,24.978527962827876,24.73087482906007,24.74921989440918,109938000
2016-08-11,GOOG,38.95781083864917,39.19354205780149,38.85706498215927,38.95036697387695,19502000
2016-08-11,MSFT,51.5344490083421,51.907438346007794,51.5344490083421,51.774227142333984,18162300
2016-08-11,^GSPC,2177.969970703125,2188.449951171875,2177.969970703125,2185.7900390625,3423160000
2016-08-12,AAPL,24.714825487012305,24.866169665102568,24.714825487012305,24.806549072265625,74641600
2016-08-12,GOOG,38.78411036232696,38.87815445907251,38.72951950207745,38.869468688964844,14810000
2016-08-12,MSFT,51.534443400468525,51.67653375466451,51.17033665610998,51.45451736450195,21655200
2016-08-12,^GSPC,2183.739990234375,2186.280029296875,2179.419921875,2184.050048828125,3000660000
2016-08-15,AAPL,24.797380514690566,25.118412239809015,24.78362258701534,25.10465431213379,103472800
2016-08-15,GOOG,38.895779352652085,39.081387554808146,38.71513498952473,38.83076858520508,18764000
2016-08-15,MSFT,51.51668830186008,51.951841973078025,51.47228569566274,51.614376068115234,19283900
2016-08-15,^GSPC,2186.080078125,2193.81005859375,2186.080078125,2190.14990234375,3078530000
2016-08-16,AAPL,25.139043556051398,25.276629800218757,25.042734584719657,25.081716537475586,135177600
2016-08-16,GOOG,38.72455849804794,38.75830578428831,38.38431027820971,38.56773376464844,20560000
2016-08-16,MSFT,51.480332610697914,51.48926711707918,51.176508261496856,51.32841873168945,20523500
2016-08-16,^GSPC,2186.239990234375,2186.239990234375,2178.139892578125,2178.14990234375,3196400000
2016-08-17,AAPL,25.017514897715923,25.079429068231157,24.843240241149804,25.045032501220703,101424000
2016-08-17,GOOG,38.576666699868724,38.749867165759085,38.38857471963011,38.7052001953125,18484000
2016-08-17,MSFT,51.417785078169004,51.54288863071476,51.14076763409189,51.4356575012207,18856400
2016-08-17,^GSPC,2177.840087890625,2183.080078125,2168.5,2182.219970703125,3388910000
2016-08-18,AAPL,25.047324573986195,25.13216745145734,24.999168333362828,25.012928009033203,87938800
2016-08-18,GOOG,38.710167271049144,38.85160827194415,38.56078640028379,38.585601806640625,14388000
2016-08-18,MSFT,51.31055280883766,51.560763333809746,51.176514743246905,51.47140121459961,14214300
2016-08-18,^GSPC,2181.89990234375,2187.030029296875,2180.4599609375,2187.02001953125,3300570000
2016-08-19,AAPL,24.941842391231983,25.152807182345406,24.847826975725802,25.07713508605957,101472400
2016-08-19,GOOG,38.461528707636134,38.5657465891332,38.36872651779079,38.48237228393555,17230000
2016-08-19,MSFT,51.3194901598844,51.58756969692933,51.11396240118942,51.48927307128906,17271000
2016-08-19,^GSPC,2184.239990234375,2185.0,2175.1298828125,2183.8701171875,3084800000
2016-08-22,AAPL,24.962480616661068,25.017514072372965,24.730878939212225,24.88222312927246,103280800
2016-08-22,GOOG,38.375677909106265,38.43870464898247,38.215873356468094,38.320091247558594,19028000
2016-08-22,MSFT,51.47139140914688,51.605432858018645,51.16756707934445,51.53394317626953,15221900
2016-08-22,^GSPC,2181.580078125,2185.14990234375,2175.9599609375,2182.639892578125,2777550000
2016-08-23,AAPL,24.900563506780394,25.067959174544544,24.886805581848094,24.96018409729004,85030800
2016-08-23,GOOG,38.48535252259468,38.5329955288163,38.30197825299927,38.316619873046875,18564000
2016-08-23,MSFT,51.73947914471024,51.989686236596064,51.694796385031225,51.73054122924805,18732400
2016-08-23,^GSPC,2187.81005859375,2193.419921875,2186.800048828125,2186.89990234375,3041490000
2016-08-24,AAPL,24.89597852188152,24.937254046834866,24.691894467801603,24.772151947021484,94700400
2016-08-24,GOOG,38.242173299059814,38.43671334472902,38.06798082453553,38.19552230834961,21440000
2016-08-24,MSFT,51.65011914712507,51.86458481238362,51.57863286458295,51.78416061401367,18151500
2016-08-24,^GSPC,2185.090087890625,2186.659912109375,2171.25,2175.43994140625,3148280000
2016-08-25,AAPL,24.625392417463175,24.737752876981034,24.4625839048405,24.666667938232422,100344800
2016-08-25,GOOG,38.064507141120934,38.30718999296785,37.875177032317545,38.184112548828125,18538000
2016-08-25,MSFT,51.72161701688254,52.087993220985815,51.63225488855452,51.98075866699219,18552600
2016-08-25,^GSPC,2173.2900390625,2179.0,2169.739990234375,2172.469970703125,2969310000
2016-08-26,AAPL,24.62998234039623,24.753807167208667,24.377742046380902,24.522207260131836,111065200
2016-08-26,GOOG,38.16376377649888,38.515128551604406,38.00743505706703,38.1905632019043,23334000
2016-08-26,MSFT,52.079044386839755,52.45435842951013,51.55181987108046,51.85564422607422,20971200
2016-08-26,^GSPC,2175.10009765625,2187.93994140625,2160.389892578125,2169.0400390625,3342340000
2016-08-29,AAPL,24.448830927280632,24.63686350449628,24.37315883231431,24.494691848754883,99881200
2016-08-29,GOOG,38.150862595704275,38.46103624286628,38.04540279840932,38.320091247558594,16952000
2016-08-29,MSFT,51.98968350181179,52.36499411989827,51.91819381713867,51.91819381713867,16417200
2016-08-29,^GSPC,2170.18994140625,2183.47998046875,2170.18994140625,2180.3798828125,2654780000
2016-08-30,AAPL,24.260800679956446,24.421315670013428,24.192007541656494,24.30666160583496,99455600
2016-08-30,GOOG,38.18014747842697,38.43503740424039,38.05657400721122,38.168235778808594,22600000
2016-08-30,MSFT,51.81096542432792,51.998620743242284,51.48033413736223,51.73054122924805,16930200
2016-08-30,^GSPC,2179.449951171875,2182.27001953125,2170.409912109375,2176.1201171875,3006800000
2016-08-31,AAPL,24.228697365586857,24.437366849936303,24.224110223369593,24.329591751098633,118649600
2016-08-31,GOOG,38.06500209161885,38.16822796581464,37.98411159621047,38.06698989868164,24972000
2016-08-31,MSFT,51.516073059786564,51.650111096967976,51.203310822065454,51.34628677368164,20860300
2016-08-31,^GSPC,2173.56005859375,2173.7900390625,2161.35009765625,2170.949951171875,3766390000
2016-09-01,AAPL,24.338763544324756,24.490107742203424,24.219524092542073,24.474056243896484,106806000
2016-09-01,GOOG,38.17617086404819,38.26400921668569,37.93051199265401,38.1528434753418,18502000
2016-09-01,MSFT,50.944173347455205,51.66799112657323,50.944173347455205,51.46246337890625,26075400
2016-09-01,^GSPC,2171.330078125,2173.56005859375,2157.090087890625,2170.860107421875,3392120000
2016-09-02,AAPL,24.69648461254312,24.765277750531908,24.494694090315328,24.703365325927734,107210000
2016-09-02,GOOG,38.362769158783564,38.40792834583788,38.134481838831675,38.28584671020508,21454000
2016-09-02,MSFT,51.53394317626953,51.99861588119182,51.31054303402703,51.53394317626953,18900500
2016-09-02,^GSPC,2177.489990234375,2184.8701171875,2173.590087890625,2179.97998046875,3091120000
2016-09-06,AAPL,24.742342463574488,24.834066046515076,24.652912451314922,24.69647979736328,107521600
2016-09-06,GOOG,38.38460892329311,38.80892434270885,38.26301949328135,38.71364212036133,28856000
2016-09-06,MSFT,51.63224571353397,51.65011813602365,51.122893603434086,51.4803352355957,16278400
2016-09-06,^GSPC,2181.610107421875,2186.570068359375,2175.10009765625,2186.47998046875,3447650000
2016-09-07,AAPL,24.726294888240826,24.939551508860745,24.552020227969834,24.847827911376953,169457200
2016-09-07,GOOG,38.70966779700522,38.845152936781616,38.52108359901055,38.7270393371582,17874000
2016-09-07,MSFT,51.355245283381464,51.68587666493582,51.301628001717134,51.525028228759766,17493400
2016-09-07,^GSPC,2185.169921875,2187.8701171875,2179.070068359375,2186.159912109375,3319420000
2016-09-08,AAPL,24.593290337008558,24.59787572860481,24.1323806296489,24.19658660888672,212008000
2016-09-08,GOOG,38.639697761255675,38.727043904903404,38.391062830616505,38.477413177490234,25406000
2016-09-08,MSFT,51.49820934733385,51.6411853231252,51.09608835016564,51.319488525390625,20146100
2016-09-08,^GSPC,2182.760009765625,2184.93994140625,2177.489990234375,2181.300048828125,3727840000
2016-09-09,AAPL,23.994798105717134,24.242451259779802,23.648542404174805,23.648542404174805,186228000
2016-09-09,GOOG,38.218354476488486,38.374433299517925,37.70024108886719,37.70024108886719,37710000
2016-09-09,MSFT,50.747587712251935,51.39991585457132,50.22929763793945,50.22929763793945,35113900
2016-09-09,^GSPC,2169.080078125,2169.080078125,2127.81005859375,2127.81005859375,4233960000
2016-09-12,AAPL,23.53847762093643,24.242453442063752,23.510960018180622,24.178247451782227,181171200
2016-09-12,GOOG,37.47543441114114,38.227791154229976,37.419355521722714,38.164764404296875,26220000
2016-09-12,MSFT,50.041635632549365,51.12289158435113,49.69313192980465,50.979915618896484,29303000
2016-09-12,^GSPC,2120.860107421875,2163.300048828125,2119.1201171875,2159.0400390625,4010480000
2016-09-13,AAPL,24.652922198023937,24.946436379891274,24.59100801153105,24.753816604614258,248704800
2016-09-13,GOOG,37.93945171523591,38.025805856480844,37.50868437847805,37.70173645019531,27900000
2016-09-13,MSFT,50.48844041433295,50.622481885154116,50.08631941068564,50.5152473449707,30130200
2016-09-13,^GSPC,2150.469970703125,2150.469970703125,2120.27001953125,2127.02001953125,4141670000
2016-09-14,AAPL,24.93267135538019,25.918695170200444,24.902860181668384,25.6297664642334,443554800
2016-09-14,GOOG,37.69776159031159,38.09825742736602,37.67294996922705,37.84069061279297,21748000
2016-09-14,MSFT,50.390148244738356,50.6046139352478,50.06845141338245,50.27397918701172,24062500
2016-09-14,^GSPC,2127.860107421875,2141.330078125,2119.89990234375,2125.77001953125,3664100000
2016-09-15,AAPL,26.1090163844229,26.537823095187903,26.024171770677892,26.50113296508789,359934400
2016-09-15,GOOG,37.86054410629812,38.401981186086545,37.71513505020546,38.300743103027344,26102000
2016-09-15,MSFT,50.17568029994693,51.247998405017,50.02376640947846,51.10502243041992,26847000
2016-09-15,^GSPC,2125.360107421875,2151.31005859375,2122.360107421875,2147.260009765625,3373720000
2016-09-16,AAPL,26.39795542359229,26.629555400428806,26.150302196408656,26.352092742919922,319547600
2016-09-16,GOOG,38.200989202021105,38.200989202021105,37.94838621365606,38.157814025878906,40986000
2016-09-16,MSFT,51.49821872723987,51.49821872723987,50.71184901274968,51.15864944458008,44607000
2016-09-16,^GSPC,2146.47998046875,2146.47998046875,2131.199951171875,2139.159912109375,5014360000
2016-09-19,AAPL,26.414001253586534,26.64101578835884,25.969142968725123,26.044815063476562,188092000
2016-09-19,GOOG,38.3334934585192,38.41190772428116,37.9375146684701,37.999996185302734,23456000
2016-09-19,MSFT,51.17651650630307,51.60544446683961,50.801202410323334,50.8726921081543,20937100
2016-09-19,^GSPC,2143.989990234375,2153.610107421875,2135.909912109375,2139.1201171875,3141820000
2016-09-20,AAPL,25.923281082326604,26.168640676295237,25.799454499929077,26.04252052307129,138057200
2016-09-20,GOOG,38.16376553382802,38.378653165856164,38.14043814367181,38.28336715698242,19572000
2016-09-20,MSFT,51.247998942132774,51.247998942132774,50.71183988397841,50.76545715332031,17384000
2016-09-20,^GSPC,2145.93994140625,2150.800048828125,2139.169921875,2139.760009765625,3117380000
2016-09-21,AAPL,26.106722811970585,26.13882580106485,25.78339935052643,26.037931442260742,144012800
2016-09-21,GOOG,38.34540316267145,38.56873046334074,38.129076729691796,38.52207946777344,23356000
2016-09-21,MSFT,51.39097209001208,51.694796448596726,51.006726945064635,51.61437225341797,33707300
2016-09-21,^GSPC,2144.580078125,2165.110107421875,2139.570068359375,2163.1201171875,3685450000
2016-09-22,AAPL,26.22137860905008,26.356671286037102,26.14112113091294,26.283292770385742,124296000
2016-09-22,GOOG,38.70967295492521,39.19850694834971,38.63225448743687,39.06748962402344,29724000
2016-09-22,MSFT,51.75735034368324,51.828840035135855,51.49820873420781,51.667991638183594,19822200
2016-09-22,^GSPC,2170.93994140625,2179.989990234375,2170.93994140625,2177.179931640625,3523860000
2016-09-23,AAPL,26.23743644977777,26.322281089744948,25.579323220417336,25.845319747924805,209924800
2016-09-23,GOOG,39.03671742883275,39.152847020423096,38.91562778491338,39.05210494995117,28238000
2016-09-23,MSFT,51.7126716066128,51.74841645276467,51.27480917210886,51.319488525390625,19955300
2016-09-23,^GSPC,2173.2900390625,2173.75,2163.969970703125,2164.68994140625,3289860000
2016-09-26,AAPL,25.599951104370202,26.001240200371413,25.579314219184173,25.884292602539062,119477600
2016-09-26,GOOG,38.845648482578255,38.845648482578255,38.36574643948063,38.42232131958008,30664000
2016-09-26,MSFT,51.00672699157842,51.0603408492025,50.7833268279688,50.84587860107422,21688700
2016-09-26,^GSPC,2158.5400390625,2158.5400390625,2145.0400390625,2146.10009765625,3199910000
2016-09-27,AAPL,25.91181626549997,25.953091795017215,25.76047207410939,25.932453155517578,98429600
2016-09-27,GOOG,38.48634638124525,39.00693981425454,38.4271892413167,38.85905075073242,23064000
2016-09-27,MSFT,50.87268750209301,51.88245723522317,50.64928732982273,51.78416061401367,28065100
2016-09-27,^GSPC,2146.0400390625,2161.1298828125,2141.550048828125,2159.929931640625,3414090000
2016-09-28,AAPL,26.070040800957965,26.287882815819597,26.010420199723853,26.12965965270996,118564400
2016-09-28,GOOG,38.60297391721462,38.799498004874934,38.46004489854382,38.78709030151367,22196000
2016-09-28,MSFT,51.72160617490446,51.882454563360916,51.5339474491613,51.85564422607422,20536400
2016-09-28,^GSPC,2161.85009765625,2172.39990234375,2151.7900390625,2171.3701171875,3860390000
2016-09-29,AAPL,25.948506207497637,26.09526325590385,25.636647042263935,25.723783493041992,143548000
2016-09-29,GOOG,38.781137879295095,38.9975173404931,38.42342341901402,38.462032318115234,26294000
2016-09-29,MSFT,51.65905880623942,51.98075220175895,51.12289632940775,51.29268264770508,25463500
2016-09-29,^GSPC,2168.89990234375,2172.669921875,2145.199951171875,2151.1298828125,4215620000
2016-09-30,AAPL,25.78799562038384,25.996666887003563,25.63665314359494,25.923288345336914,145516400
2016-09-30,GOOG,38.52753702211991,38.75632036670652,38.41636749047011,38.57517623901367,31706000
2016-09-30,MSFT,51.44459428324472,51.623315112848694,51.23906652228585,51.47140121459961,29910800
2016-09-30,^GSPC,2156.510009765625,2175.300048828125,2156.510009765625,2168.27001953125,4158800000
2016-10-03,AAPL,25.845315466780058,25.92328112968327,25.746712914847194,25.801746368408203,86807200
2016-10-03,GOOG,38.42431294721575,38.51438522378574,38.188577946196496,38.34043884277344,25576000
2016-10-03,MSFT,51.301608554487345,51.426712088796705,50.98884971871394,51.310543060302734,19189500
2016-10-03,^GSPC,2164.330078125,2164.409912109375,2154.77001953125,2161.199951171875,3113850000
2016-10-04,AAPL,25.925575478019944,26.212210627916615,25.826972916476205,25.91181755065918,118947200
2016-10-04,GOOG,38.51264965171149,38.645654785325476,38.3568207038916,38.532501220703125,24028000
2016-10-04,MSFT,51.176510908838566,51.47139735809686,50.90843138892665,51.14970397949219,20085900
2016-10-04,^GSPC,2163.3701171875,2165.4599609375,2144.010009765625,2150.489990234375,3716100000
2016-10-05,AAPL,26.00354585192818,26.063166463745592,25.84073726727663,25.923288345336914,85812400
2016-10-05,GOOG,38.67542989434933,38.812403068737645,38.49379352986027,38.534488677978516,29224000
2016-10-05,MSFT,51.19438603967145,51.79309688552104,51.16757570009069,51.507144927978516,16726400
2016-10-05,^GSPC,2155.14990234375,2163.949951171875,2155.14990234375,2159.72998046875,3883710000
2016-10-06,AAPL,26.072332843886418,26.219089902414694,25.941627283963353,26.115901947021484,115117200
2016-10-06,GOOG,38.66004251632807,38.733489149079844,38.48833005927445,38.553836822509766,21414000
2016-10-06,MSFT,51.59651565551758,51.703746805286436,51.18545666523951,51.59651565551758,16212600
2016-10-06,^GSPC,2158.219970703125,2162.929931640625,2150.280029296875,2160.77001953125,3438040000
2016-10-07,AAPL,26.212211369981162,26.269538401583418,26.028765918543243,26.154884338378906,97433600
2016-10-07,GOOG,38.69280286711069,38.69280286711069,38.250616065491144,38.46550750732422,18664000
2016-10-07,MSFT,51.69480295273086,51.81097200678654,51.31055435062208,51.650123596191406,20089000
2016-10-07,^GSPC,2164.18994140625,2165.860107421875,2144.85009765625,2153.739990234375,3578770000
2016-10-10,AAPL,26.375017239017144,26.771721027005228,26.306225857801827,26.6112060546875,144944000
2016-10-10,GOOG,38.59602748433919,39.17518365888751,38.50470951036048,39.00446319580078,23498000
2016-10-10,MSFT,51.74842063618531,52.17734859823454,51.712675787143766,51.86458969116211,18196500
2016-10-10,^GSPC,2160.389892578125,2169.60009765625,2160.389892578125,2163.659912109375,2881970000
2016-10-11,AAPL,26.989567133394818,27.216583449562872,26.64560492651477,26.668537139892578,256164000
2016-10-11,GOOG,39.04019052455215,39.31909689793913,38.73845276684865,38.86202621459961,27450000
2016-10-11,MSFT,51.73054359758821,51.84671264220338,50.8369429041524,51.10502243041992,26497400
2016-10-11,^GSPC,2161.35009765625,2161.56005859375,2128.840087890625,2136.72998046875,3393060000
2016-10-12,AAPL,26.909308417932255,27.053773657956466,26.771723891299526,26.907014846801758,150347200
2016-10-12,GOOG,38.89627541586519,39.113150882035484,38.811909083750336,39.01438903808594,18748000
2016-10-12,MSFT,51.033538818359375,51.17651480043908,50.39908311093171,51.033538818359375,22177500
2016-10-12,^GSPC,2137.669921875,2145.360107421875,2132.77001953125,2139.179931640625,2959510000
2016-10-13,AAPL,26.780893790844086,26.92994440897911,26.53553418849209,26.824462890625,140769600
2016-10-13,GOOG,38.77021923005526,38.77021923005526,38.362279531777254,38.61984634399414,27306000
2016-10-13,MSFT,50.66716062079241,51.20331967990117,50.3275913986549,50.86375045776367,25313700
2016-10-13,^GSPC,2130.260009765625,2138.18994140625,2114.719970703125,2132.550048828125,3538030000
2016-10-14,AAPL,27.030835854869157,27.09733540804211,26.858854794778285,26.973508834838867,142608800
2016-10-14,GOOG,38.791563302124416,38.90570510113356,38.511165071267214,38.636722564697266,17050000
2016-10-14,MSFT,51.042463571237576,51.596498378629974,51.042463571237576,51.310543060302734,27402500
2016-10-14,^GSPC,2139.679931640625,2149.18994140625,2132.97998046875,2132.97998046875,3187910000
2016-10-17,AAPL,26.904715901068748,27.021661755525344,26.778595764519427,26.955163955688477,94499600
2016-10-17,GOOG,38.69974750803206,38.99999347996453,38.58560193921761,38.70768737792969,21860000
2016-10-17,MSFT,51.256916552738424,51.34627522409278,50.819050881946545,51.131813049316406,23830000
2016-10-17,^GSPC,2132.949951171875,2135.610107421875,2124.429931640625,2126.5,2832440000
2016-10-18,AAPL,27.09963910843529,27.106518073493167,26.932243377602987,26.936830520629883,98214000
2016-10-18,GOOG,39.09925466230559,39.782132753778534,38.98585498478284,39.46699523925781,41138000
2016-10-18,MSFT,51.40885915622886,51.784173310245286,51.301628001717134,51.525028228759766,19149500
2016-10-18,^GSPC,2138.31005859375,2144.3798828125,2135.489990234375,2139.60009765625,3172940000
2016-10-19,AAPL,26.88637298937741,27.003320602682926,26.095260795239643,26.856563568115234,80138400
2016-10-19,GOOG,39.614879977989716,39.93051346317294,39.60446008221917,39.776668548583984,35336000
2016-10-19,MSFT,51.35523775854355,51.68586909165207,51.292685976842385,51.408851623535156,22878400
2016-10-19,^GSPC,2140.81005859375,2148.43994140625,2138.14990234375,2144.2900390625,3364990000
2016-10-20,AAPL,26.796946845905822,26.916186297655965,26.675413823117566,26.84280776977539,96503200
2016-10-20,GOOG,39.865990959013,39.89924223331106,39.50519456549654,39.55184555053711,35150000
2016-10-20,MSFT,51.38204966049528,51.3999220868265,50.631424798667545,51.15864944458008,49455600
2016-10-20,^GSPC,2142.510009765625,2147.179931640625,2133.43994140625,2141.340087890625,3339320000
2016-10-21,AAPL,26.785476340635917,26.808408548286152,26.663943337809673,26.737321853637695,92770800
2016-10-21,GOOG,39.45408781596988,39.67741132682353,39.40446078981344,39.67095947265625,25324000
2016-10-21,MSFT,53.86625304717578,54.01816694987742,53.16031103321437,53.31222152709961,80032200
2016-10-21,^GSPC,2139.429931640625,2142.6298828125,2130.090087890625,2141.159912109375,3456390000
2016-10-24,AAPL,26.85197586429112,26.998732895785007,26.82904540614804,26.97809600830078,94154800
2016-10-24,GOOG,39.94540057313152,40.455574110252655,39.941432531489696,40.35284423828125,33950000
2016-10-24,MSFT,53.56242182225272,54.509639739990234,53.55348731561699,54.509639739990234,54067000
2016-10-24,^GSPC,2148.5,2154.7900390625,2146.909912109375,2151.330078125,3359950000
2016-10-25,AAPL,27.046889472701864,27.14090663267976,26.90013242986774,27.11568260192871,192516000
2016-10-25,GOOG,40.53002114829669,40.53002114829669,39.957316813511,40.0828742980957,31528000
2016-10-25,MSFT,54.37559495732682,54.840267676768335,54.330915609245395,54.500701904296875,35137200
2016-10-25,^GSPC,2149.719970703125,2151.43994140625,2141.929931640625,2143.159912109375,3756200000
2016-10-26,AAPL,26.21221362085354,26.530951803973917,25.98290547475357,26.505727767944336,264536800
2016-10-26,GOOG,40.01686331966422,40.048622795097266,39.51959353586305,39.65606689453125,32954000
2016-10-26,MSFT,54.339856873948015,54.688360582808826,54.0360325159229,54.17900848388672,29911600
2016-10-26,^GSPC,2136.969970703125,2145.72998046875,2131.590087890625,2139.429931640625,3778120000
2016-10-27,AAPL,26.459863476954137,26.567638571846132,26.164055796127844,26.25119400024414,138248000
2016-10-27,GOOG,39.751852830123774,39.875426280555786,39.28039041320761,39.471458435058594,54984000
2016-10-27,MSFT,54.161129113152214,54.3577223221864,53.69645642468129,53.70539093017578,28479900
2016-10-27,^GSPC,2144.06005859375,2147.1298828125,2132.52001953125,2133.0400390625,4209400000
2016-10-28,AAPL,26.11131421352364,26.41858623055785,26.01500348104425,26.07691764831543,151446800
2016-10-28,GOOG,40.11661714039689,40.470961745499025,39.38411210767544,39.472450256347656,85398000
2016-10-28,MSFT,53.624985317528285,54.080723658341626,53.240740089508925,53.499881744384766,33574700
2016-10-28,^GSPC,2132.22998046875,2140.719970703125,2119.360107421875,2126.409912109375,4028270000
2016-10-31,AAPL,26.060870473969867,26.19386961511233,25.95768076122874,26.035646438598633,105677600
2016-10-31,GOOG,39.47741133612491,39.54639392463621,38.908182872751446,38.93498229980469,48546000
2016-10-31,MSFT,53.75901368543173,53.991348349011254,53.54454803466797,53.54454803466797,26434700
2016-10-31,^GSPC,2129.780029296875,2133.25,2125.530029296875,2126.14990234375,3926560000
2016-11-01,AAPL,26.017302443885708,26.088387410427927,25.345429495573054,25.56556510925293,175303200
2016-11-01,GOOG,38.853089347010005,39.18063069187257,38.48832489926163,38.88882064819336,48128000
2016-11-01,MSFT,53.589249901646994,53.63392926724961,52.945856128754585,53.43733596801758,24533000
2016-11-01,^GSPC,2128.679931640625,2131.449951171875,2097.85009765625,2111.719970703125,4539190000
2016-11-02,AAPL,25.544918375778984,25.762760334196265,25.505936425238065,25.588485717773438,113326800
2016-11-02,GOOG,38.62033858988159,38.79155503822043,37.888329585595976,38.14887619018555,37448000
2016-11-02,MSFT,53.45518549849328,53.55348210600395,52.99051279587099,53.10668182373047,22147000
2016-11-02,^GSPC,2109.429931640625,2111.760009765625,2094.0,2097.93994140625,4289120000
2016-11-03,AAPL,25.57927715209678,25.689909188275905,25.24968287360292,25.314218521118164,107730400
2016-11-03,GOOG,38.07691350502245,38.21091063155155,37.66897384948779,37.822818756103516,38864000
2016-11-03,MSFT,53.19605099381005,53.29434762068058,52.82074031901306,52.910099029541016,21600400
2016-11-03,^GSPC,2098.800048828125,2102.56005859375,2085.22998046875,2088.659912109375,3892100000
2016-11-04,AAPL,25.014579144402724,25.41101429733442,24.917775702444235,25.086029052734375,123348000
2016-11-04,GOOG,37.2535913543117,38.23125925447601,37.24867673789414,37.81736373901367,42696000
2016-11-04,MSFT,52.40967350227907,52.972639393156314,52.293504476573915,52.463287353515625,28697000
2016-11-04,^GSPC,2083.7900390625,2099.070068359375,2083.7900390625,2085.179931640625,3841910000
2016-11-07,AAPL,25.371838245750364,25.470947057587843,25.228936636588486,25.447898864746094,130240000
2016-11-07,GOOG,38.43671626827202,38.96723738762346,38.33994224325345,38.83473205566406,31702000
2016-11-07,MSFT,53.41944818481567,54.08071419563439,53.41944818481567,53.99135208129883,31664800
2016-11-07,^GSPC,2100.590087890625,2132.0,2100.590087890625,2131.52001953125,3739720000
2016-11-08,AAPL,25.424845594318782,25.749830873894304,25.284249350334726,25.59770965576172,97016800
2016-11-08,GOOG,38.878401810165116,39.48550081160877,38.71909705725263,39.231258392333984,27338000
2016-11-08,MSFT,54.10751991141937,54.313047656555206,53.75008168854593,54.036033630371094,22935400
2016-11-08,^GSPC,2129.919921875,2146.8701171875,2123.56005859375,2139.56005859375,3921850000
2016-11-09,AAPL,25.325733713740757,25.65763323403363,24.903946791576512,25.55621910095215,236705600
2016-11-09,GOOG,38.70669164808257,39.26684051773109,38.296268188573094,38.97319030761719,52142000
2016-11-09,MSFT,53.61603768010609,54.14326218697976,52.901157859467844,53.767948150634766,49632500
2016-11-09,^GSPC,2131.56005859375,2170.10009765625,2125.35009765625,2163.260009765625,6267590000
2016-11-10,AAPL,25.6046215890325,25.6046215890325,24.392269682040972,24.84402084350586,228538000
2016-11-10,GOOG,39.2640129424451,39.2640129424451,37.329028367172356,37.84416198730469,94904000
2016-11-10,MSFT,54.04496123178962,54.05389914628867,51.49820101005767,52.45435333251953,57822400
2016-11-10,^GSPC,2167.489990234375,2182.300048828125,2151.169921875,2167.47998046875,6458450000
2016-11-11,AAPL,24.689599836882564,25.092949338438874,24.55822321242851,24.991535186767578,136575600
2016-11-11,GOOG,37.545399133328864,37.75582270085439,37.239693351196415,37.42033767700195,48636000
2016-11-11,MSFT,52.03438039325514,52.829684654886485,51.83778710294018,52.740325927734375,38767800
2016-11-11,^GSPC,2162.7099609375,2165.919921875,2152.489990234375,2164.449951171875,4993990000
2016-11-14,AAPL,24.82558923152891,24.848637426342865,23.988927626376935,24.3646183013916,204702000
2016-11-14,GOOG,37.498753993117816,37.61041954096461,36.10619843528943,36.53002166748047,73088000
2016-11-14,MSFT,52.74030757358063,52.79392483650271,51.18544103699771,51.936065673828125,41328400
2016-11-14,^GSPC,2165.639892578125,2171.360107421875,2156.080078125,2164.199951171875,5373670000
2016-11-15,AAPL,24.562827870397335,24.818666793229063,24.468329775173924,24.68729019165039,129058000
2016-11-15,GOOG,37.070465295336334,37.93627081948035,37.070465295336334,37.64217758178711,47680000
2016-11-15,MSFT,52.47584549857553,53.51942463213148,52.46684720371852,52.961647033691406,35904100
2016-11-15,^GSPC,2168.2900390625,2180.840087890625,2166.3798828125,2180.389892578125,4548110000
2016-11-16,AAPL,24.59279597647149,25.40641106445219,24.569747783947065,25.351093292236328,235362000
2016-11-16,GOOG,37.4788989858322,38.03274748182516,37.24614759808376,37.93944549560547,29452000
2016-11-16,MSFT,53.02463064977657,53.67237071907937,52.90768025092044,53.66337585449219,27332500
2016-11-16,^GSPC,2177.530029296875,2179.219970703125,2172.199951171875,2176.93994140625,3847900000
2016-11-17,AAPL,25.309605348348004,25.434067695708052,25.083730604166846,25.341873168945312,110528000
2016-11-17,GOOG,38.060545113104105,38.34739140498322,37.92704396597484,38.27444076538086,26080000
2016-11-17,MSFT,54.34710750563328,54.83291263530442,53.95126819544483,54.55402374267578,32132700
2016-11-17,^GSPC,2178.610107421875,2188.06005859375,2176.64990234375,2187.1201171875,3811730000
2016-11-18,AAPL,25.28886334695961,25.477861341821512,25.275034782946232,25.36722755432129,113715600
2016-11-18,GOOG,38.28138068457017,38.46152900873246,37.717112318240865,37.74391174316406,30942000
2016-11-18,MSFT,54.67996189260836,55.003831916476216,54.24813633806603,54.29311752319336,27686300
2016-11-18,^GSPC,2186.85009765625,2189.889892578125,2180.3798828125,2181.89990234375,3580900000
2016-11-21,AAPL,25.381054571082597,25.812061172364825,25.35570103471727,25.75213623046875,117058400
2016-11-21,GOOG,37.846645393443254,38.19850620258191,37.74689154777913,38.17369079589844,26612000
2016-11-21,MSFT,54.428067822634006,54.85089853861996,54.35609517657484,54.75193786621094,19652600
2016-11-21,^GSPC,2186.429931640625,2198.699951171875,2186.429931640625,2198.179931640625,3611500000
2016-11-22,AAPL,25.802838078743356,25.911166490759495,25.676072172408844,25.768266677856445,103862000
2016-11-22,GOOG,38.34391624947282,38.5588038948387,38.06451005956321,38.127540588378906,31862000
2016-11-22,MSFT,54.85989115016428,55.11178853733573,54.70695443133719,54.98583984375,23206700
2016-11-22,^GSPC,2201.56005859375,2204.800048828125,2194.510009765625,2202.93994140625,3960520000
2016-11-23,AAPL,25.666856697844196,25.70142986278753,25.429456994878407,25.63689422607422,109705600
2016-11-23,GOOG,38.10073599788054,38.12817909339079,37.481380771973406,37.76624298095703,29568000
2016-11-23,MSFT,54.886868659170524,54.96783615122589,54.20314583991484,54.33809280395508,21848900
2016-11-23,^GSPC,2198.550048828125,2204.719970703125,2194.510009765625,2204.719970703125,3419850000
2016-11-25,AAPL,25.613845187632812,25.784405671825745,25.572357739918893,25.765966415405273,45903600
2016-11-25,GOOG,37.9285287974949,37.965252113188455,37.74292062566132,37.80048751831055,11748000
2016-11-25,MSFT,54.24814282969171,54.45505905151367,54.09520609558867,54.45505905151367,8409600
2016-11-25,^GSPC,2206.27001953125,2213.35009765625,2206.27001953125,2213.35009765625,1584590000
2016-11-28,AAPL,25.682991732231596,25.92269679228589,25.67377210394517,25.715259552001953,108776000
2016-11-28,GOOG,37.71711355358646,38.68634557029054,37.7071896633598,38.12604522705078,43764000
2016-11-28,MSFT,54.2841321989323,54.895886033339494,54.16717835157194,54.527034759521484,20732600
2016-11-28,^GSPC,2210.2099609375,2211.139892578125,2200.360107421875,2201.719970703125,3515100000
2016-11-29,AAPL,25.5331806949905,25.82128753937063,25.369536218398338,25.689910888671875,114115200
2016-11-29,GOOG,38.28932446918368,38.63522943005835,38.12604787704736,38.25508117675781,32332000
2016-11-29,MSFT,54.56301162596212,55.24673456430094,54.446057798880474,54.9588508605957,22366700
2016-11-29,^GSPC,2200.760009765625,2210.4599609375,2198.14990234375,2204.659912109375,3709190000
2016-11-30,AAPL,25.722170274626517,25.860461162860155,25.415624270758183,25.47324562072754,144649200
2016-11-30,GOOG,38.21686617273224,38.36177919851358,37.46053778060396,37.619842529296875,47858000
2016-11-30,MSFT,54.75194280169235,55.039826548190284,54.17617530869648,54.212158203125,34655400
2016-11-30,^GSPC,2204.969970703125,2214.10009765625,2198.81005859375,2198.81005859375,5538400000
2016-12-01,AAPL,25.438671917417164,25.57004851312999,25.129820595105677,25.235843658447266,148347600
2016-12-01,GOOG,37.590073009773256,37.70967464490287,36.57691978910331,37.11761474609375,60358000
2016-12-01,MSFT,54.0772149747078,54.11320130121242,53.024637231439925,53.258544921875,34542100
2016-12-01,^GSPC,2200.169921875,2202.60009765625,2187.43994140625,2191.080078125,5067470000
2016-12-02,AAPL,25.16209383181276,25.374140004207796,25.088338564959518,25.33034896850586,106112000
2016-12-02,GOOG,36.95235314709294,37.419351554264765,36.878406715777096,37.24565505981445,29050000
2016-12-02,MSFT,53.15057967596821,53.501437715755756,52.89867886824446,53.30351638793945,25515700
2016-12-02,^GSPC,2191.1201171875,2197.949951171875,2188.3701171875,2191.949951171875,3782370000
2016-12-05,AAPL,25.353395811251954,25.360310092391664,24.95004633243658,25.148263931274414,137298000
2016-12-05,GOOG,37.603467299469365,37.910661109240465,37.36475628261027,37.8421745300293,27884000
2016-12-05,MSFT,53.70836222768401,54.5090390952014,53.5824135202334,54.17617416381836,23552700
2016-12-05,^GSPC,2200.64990234375,2209.419921875,2199.969970703125,2204.7099609375,3898530000
2016-12-06,AAPL,25.238155425377442,25.436373042454814,25.166705502406877,25.341873168945312,104782000
2016-12-06,GOOG,37.95185330638222,38.155329028877595,37.58510478698611,37.67294692993164,33814000
2016-12-06,MSFT,54.36508740395002,54.39207542728695,53.798314890964726,53.93326187133789,19907000
2016-12-06,^GSPC,2207.260009765625,2212.780029296875,2202.2099609375,2212.22998046875,3857290000
2016-12-07,AAPL,25.18283898036046,25.6276759377741,25.15979078868156,25.590797424316406,119994800
2016-12-07,GOOG,37.76673625533861,38.28088155238309,37.50867348968653,38.27244567871094,35220000
2016-12-07,MSFT,53.98724680154803,55.21975269168706,53.79832374341397,55.21075439453125,30809000
2016-12-07,^GSPC,2210.719970703125,2241.6298828125,2208.929931640625,2241.35009765625,4504070000
2016-12-08,AAPL,25.551615523052224,25.91347758648894,25.49168881744554,25.84202766418457,108273200
2016-12-08,GOOG,38.33647322377535,38.61935145657632,38.07592658628243,38.532005310058594,29762000
2016-12-08,MSFT,55.147778482607265,55.399679318175444,54.73394605310597,54.88688278198242,21220800
2016-12-08,^GSPC,2241.1298828125,2251.68994140625,2237.570068359375,2246.18994140625,4203270000
2016-12-09,AAPL,25.885818948944532,26.436679004446273,25.885818948944532,26.26381492614746,137610400
2016-12-09,GOOG,38.7096727796035,39.177663191726936,38.661086983627996,39.17071533203125,36438000
2016-12-09,MSFT,55.03980834794137,55.768515770712256,54.994827170896116,55.75052261352539,27349400
2016-12-09,^GSPC,2249.72998046875,2259.800048828125,2249.22998046875,2259.530029296875,3886460000
2016-12-12,AAPL,26.11168925218868,26.505819046119658,25.927300242395322,26.113994598388672,105497600
2016-12-12,GOOG,38.959795916830316,39.26798555744158,38.92580251920134,39.16972351074219,42082000
2016-12-12,MSFT,55.615593923627195,56.04741954246131,55.52563153997861,55.93046569824219,20198100
2016-12-12,^GSPC,2258.830078125,2264.030029296875,2252.3701171875,2256.9599609375,4038850000
2016-12-13,AAPL,26.23845913893912,26.717869230371825,26.217716295383603,26.54961585998535,174935200
2016-12-13,GOOG,39.39949670763077,39.9195979343639,39.3717052702511,39.5086784362793,42904000
2016-12-13,MSFT,56.227335092325916,57.05499981759974,55.99343088835328,56.65916061401367,35718900
2016-12-13,^GSPC,2263.320068359375,2277.530029296875,2263.320068359375,2271.719970703125,3875630000
2016-12-14,AAPL,26.515042695595305,26.782404866052346,26.501214133224963,26.54961585998535,136127200
2016-12-14,GOOG,39.57319184529478,39.90073702009994,39.40495521108618,39.55681610107422,34084000
2016-12-14,MSFT,56.67715830129365,57.08199583267178,56.25432760942711,56.38927459716797,30352700
2016-12-14,^GSPC,2268.35009765625,2276.199951171875,2248.43994140625,2253.280029296875,4409670000
2016-12-15,AAPL,26.593410060054524,26.904566818149384,26.558838650012337,26.69482421875,186098000
2016-12-15,GOOG,39.57021242596467,39.85110658376121,39.35085698447513,39.595523834228516,32530000
2016-12-15,MSFT,56.407264301326556,56.81210180789846,56.04740797729726,56.29930877685547,27669900
2016-12-15,^GSPC,2253.77001953125,2272.1201171875,2253.77001953125,2262.030029296875,4173360000
2016-12-16,AAPL,26.84463762476321,26.85155190613154,26.655639647350466,26.729394912719727,177404400
2016-12-16,GOOG,39.72207750197712,39.74470821299963,39.22033983417767,39.24565124511719,48876000
2016-12-16,MSFT,56.63218630096787,56.63218630096787,55.88548546289406,56.047420501708984,42453100
2016-12-16,^GSPC,2266.81005859375,2268.050048828125,2254.239990234375,2258.070068359375,5928980000
2016-12-19,AAPL,26.690216456175612,27.054382139512974,26.67869148001228,26.88382339477539,111117600
2016-12-19,GOOG,39.216870644716025,39.586099222095044,39.020838769604794,39.41438674926758,24642000
2016-12-19,MSFT,56.28132597515544,57.36988657950222,56.15537383627472,57.23493957519531,34338200
2016-12-19,^GSPC,2259.239990234375,2267.469970703125,2258.2099609375,2262.530029296875,3252840000
2016-12-20,AAPL,26.906872844999217,27.082042291767106,26.8930442797291,26.95527458190918,85700000
2016-12-20,GOOG,39.541438373977385,39.63523259304221,39.36823787515204,39.52456283569336,19020000
2016-12-20,MSFT,57.297911248033465,57.39687192231601,56.70415063418292,57.162967681884766,26028400
2016-12-20,^GSPC,2266.5,2272.56005859375,2266.139892578125,2270.760009765625,3306250000
2016-12-21,AAPL,26.920694494703337,27.05898537823991,26.916083802122525,26.980619430541992,95132800
2016-12-21,GOOG,39.495777540322244,39.5372678117788,39.062030412447754,39.432254791259766,24226000
2016-12-21,MSFT,57.06400700760222,57.30690954488354,56.78511814661003,57.162967681884766,17096300
2016-12-21,^GSPC,2270.5400390625,2271.22998046875,2265.14990234375,2265.179931640625,2854880000
2016-12-22,AAPL,26.816978739738055,26.853857251653306,26.653334299658653,26.803150177001953,104343600
2016-12-22,GOOG,39.323069256492985,39.370712260262756,39.13547705894284,39.26847839355469,19444000
2016-12-22,MSFT,57.432854605941074,57.6667588315475,57.046010230179114,57.171958923339844,22176600
2016-12-22,^GSPC,2262.929931640625,2263.179931640625,2256.080078125,2260.9599609375,2880670000
2016-12-23,AAPL,26.641809600606074,26.85616111755371,26.641809600606074,26.85616111755371,56998000
2016-12-23,GOOG,39.250611886163526,39.34192985448051,39.070959553436765,39.201480865478516,12468000
2016-12-23,MSFT,57.082004731854134,57.16297225075274,56.49723893627035,56.89308166503906,12403800
2016-12-23,^GSPC,2260.25,2263.7900390625,2258.840087890625,2263.7900390625,2021230000
2016-12-27,AAPL,26.856157679805523,27.151180465021366,26.84924339925103,27.026718139648438,73187600
2016-12-27,GOOG,39.23969607447078,39.596024709427724,39.08967153400856,39.28287124633789,15782000
2016-12-27,MSFT,56.86607991604212,57.63976863846626,56.86607991604212,56.929054260253906,11763200
2016-12-27,^GSPC,2266.22998046875,2273.820068359375,2266.14990234375,2268.8798828125,1989730000
2016-12-28,AAPL,27.086647614892843,27.201890332679678,26.78240691027418,26.911479949951172,83623600
2016-12-28,GOOG,39.38957589979145,39.41587553727747,38.868482621840066,38.96029281616211,23076000
2016-12-28,MSFT,57.03700683001344,57.03700683001344,56.5242138378315,56.668155670166016,14653300
2016-12-28,^GSPC,2270.22998046875,2271.31005859375,2249.110107421875,2249.919921875,2402750000
2016-12-29,AAPL,26.84003031451712,26.992151557651038,26.8285070969389,26.90456771850586,60158000
2016-12-29,GOOG,38.87493251484795,39.003965814683895,38.65607304624801,38.8481330871582,14886000
2016-12-29,MSFT,56.55121002885412,56.85708689573525,56.43425620073485,56.587196350097656,10250600
2016-12-29,^GSPC,2249.5,2254.510009765625,2244.56005859375,2249.260009765625,2338700000
2016-12-30,AAPL,26.886127560483953,27.0128935003889,26.60493503571152,26.69482421875,122345200
2016-12-30,GOOG,38.84615143548052,38.847639451265266,38.2337439620144,38.30371856689453,35400000
2016-12-30,MSFT,56.64117150024343,56.668162956669505,55.804508419768084,55.90346908569336,25579900
2016-12-30,^GSPC,2251.610107421875,2253.580078125,2233.6201171875,2238.830078125,2671550000
2017-01-03,AAPL,26.690215911425863,26.81237291902027,26.450510831529634,26.770885467529297,115127600
2017-01-03,GOOG,38.650616498625105,39.187589536078114,38.501239398966405,39.01438903808594,33146000
2017-01-03,MSFT,56.48823180264094,56.53321298518354,55.894471270283574,56.29930877685547,20694100
2017-01-03,^GSPC,2251.570068359375,2263.8798828125,2245.1298828125,2257.830078125,3773010000
2017-01-04,AAPL,26.701737011653545,26.85385824121325,26.67868882008931,26.74091911315918,84472400
2017-01-04,GOOG,39.124559576949736,39.27245243494324,38.86649676275968,39.05210494995117,21460000
2017-01-04,MSFT,56.2093555405239,56.452258098746285,55.88548546289406,56.047420501708984,21340000
2017-01-04,^GSPC,2261.60009765625,2272.820068359375,2261.60009765625,2270.75,3768890000
2017-01-05,AAPL,26.717868039905976,26.934524885863468,26.692514504380565,26.876903533935547,88774400
2017-01-05,GOOG,39.011404988212746,39.42827651036876,38.95879814962205,39.40544891357422,26704000
2017-01-05,MSFT,55.94845981889486,56.371290579338826,55.8045179434866,56.047420501708984,24876000
2017-01-05,^GSPC,2268.179931640625,2271.5,2260.449951171875,2269.0,3785080000
2017-01-06,AAPL,26.916085022469183,27.23415600333469,26.84463511040302,27.17653465270996,127007600
2017-01-06,GOOG,39.46698985128682,40.09428497678741,39.31532584919204,40.0074348449707,32804000
2017-01-06,MSFT,56.04741711142768,56.81211106665217,55.81351286497989,56.53322219848633,19922900
2017-01-06,^GSPC,2271.139892578125,2282.10009765625,2264.06005859375,2276.97998046875,3342080000
2017-01-09,AAPL,27.18575953863893,27.526878796112335,27.18345595011346,27.425464630126953,134247600
2017-01-09,GOOG,40.01984556185832,40.19681720135895,39.8426732484832,40.03225326538086,25492000
2017-01-09,MSFT,56.46124991532337,56.74913708243749,56.26333199222875,56.353294372558594,20382700
2017-01-09,^GSPC,2273.590087890625,2275.489990234375,2268.89990234375,2268.89990234375,3219730000
2017-01-10,AAPL,27.37475522048423,27.51535148102723,27.266428539664876,27.453121185302734,97848400
2017-01-10,GOOG,40.092305920969146,40.155332665814186,39.87642247084123,39.939945220947266,23536000
2017-01-10,MSFT,56.43424201469178,56.74011880468375,56.02940458207834,56.33528137207031,18593000
2017-01-10,^GSPC,2269.719970703125,2279.27001953125,2265.27001953125,2268.89990234375,3640560000
2017-01-11,AAPL,27.367839033525733,27.642117253601786,27.33557121451258,27.600629806518555,110354400
2017-01-11,GOOG,39.950359145593936,40.106687849518394,39.77021083606038,40.09477615356445,21318000
2017-01-11,MSFT,56.32631073101686,56.884085082554975,56.16437568833723,56.84809875488281,21517300
2017-01-11,^GSPC,2268.60009765625,2275.320068359375,2260.830078125,2275.320068359375,3625080000
2017-01-12,AAPL,27.404725859513135,27.496920409718523,27.24569030437046,27.485395431518555,108344800
2017-01-12,GOOG,40.05656393309818,40.06897163508812,39.661031989040474,40.01785659790039,27062000
2017-01-12,MSFT,56.73113527348151,57.03701212456635,55.732537217532645,56.326297760009766,20968200
2017-01-12,^GSPC,2271.139892578125,2271.780029296875,2254.25,2270.43994140625,3466220000
2017-01-13,AAPL,27.45311510823008,27.570663150205,27.38396878742978,27.436981201171875,104447600
2017-01-13,GOOG,40.07344448261714,40.259249559195055,40.034237351038385,40.09329605102539,21984000
2017-01-13,MSFT,56.33529588123824,56.56020524263298,56.09239335911058,56.40726852416992,19422300
2017-01-13,^GSPC,2272.739990234375,2278.679931640625,2271.510009765625,2274.639892578125,3090680000
2017-01-17,AAPL,27.275647923726257,27.71357064028986,27.247990794520106,27.658254623413086,137759200
2017-01-17,GOOG,40.05358881983703,40.05656485095926,39.720587596975214,39.931007385253906,27242000
2017-01-17,MSFT,56.389265202563024,56.407258360053724,55.804499595568764,56.25431823730469,20664000
2017-01-17,^GSPC,2269.139892578125,2272.080078125,2262.81005859375,2267.889892578125,3586950000
2017-01-18,AAPL,27.658252078277247,27.773494795270068,27.591411091405693,27.655946731567383,94852000
2017-01-18,GOOG,39.990567665249664,40.01016933862105,39.75136061124463,40.00347137451172,25888000
2017-01-18,MSFT,56.3802850678023,56.40727652865416,55.88548508888809,56.22734832763672,19670100
2017-01-18,^GSPC,2269.139892578125,2272.010009765625,2263.35009765625,2271.889892578125,3317670000
2017-01-19,AAPL,27.519960116795648,27.678993864406134,27.513045835394877,27.6075439453125,102389200
2017-01-19,GOOG,39.95632417265596,40.172699838599954,39.791559557204245,39.8101692199707,18386000
2017-01-19,MSFT,55.99344444333402,56.659174330155345,55.9574581165207,56.047420501708984,18451700
2017-01-19,^GSPC,2271.89990234375,2274.330078125,2258.409912109375,2263.68994140625,3168390000
2017-01-20,AAPL,27.761972374865096,27.761972374865096,27.596024324234772,27.658254623413086,130391600
2017-01-20,GOOG,40.045152969062585,40.045152969062585,39.78609438190762,39.95135498046875,33400000
2017-01-20,MSFT,56.380270977094526,56.51521795209254,56.11038045894262,56.4432487487793,30213500
2017-01-20,^GSPC,2269.9599609375,2276.9599609375,2265.010009765625,2271.31005859375,3536850000
2017-01-23,AAPL,27.658255610889704,27.844948273554557,27.60524318057777,27.676694869995117,88200800
2017-01-23,GOOG,40.06202979463292,40.73796000274862,39.88783729432724,40.66054153442383,39272000
2017-01-23,MSFT,56.407273883042905,56.785119998797306,56.29032004309019,56.641178131103516,23097600
2017-01-23,^GSPC,2267.780029296875,2271.780029296875,2257.02001953125,2265.199951171875,3155240000
2017-01-24,AAPL,27.554533213623724,27.681299142071996,27.54300823900832,27.651336669921875,92844000
2017-01-24,GOOG,40.80893016189478,40.98758670839739,40.586644085131496,40.886844635009766,29480000
2017-01-24,MSFT,56.85708623726023,57.342891272888366,56.62317858373064,57.14496994018555,24672900
2017-01-24,^GSPC,2267.8798828125,2284.6298828125,2266.679931640625,2280.070068359375,3816950000
2017-01-25,AAPL,27.75505000095624,28.142265523135183,27.722782187313324,28.0915584564209,129510400
2017-01-25,GOOG,41.1722042890725,41.47741790998571,40.94590094074895,41.47245407104492,29890000
2017-01-25,MSFT,57.53180476021144,57.66674829314697,57.08198612007194,57.288902282714844,23672700
2017-01-25,^GSPC,2288.8798828125,2299.550048828125,2288.8798828125,2298.3701171875,3849340000
2017-01-26,AAPL,28.043162311530395,28.220637080316127,28.027028401501173,28.10539436340332,105350400
2017-01-26,GOOG,41.578654215537,41.58808588775149,41.04267322182403,41.297760009765625,59478000
2017-01-26,MSFT,57.68476581308067,58.06261196061261,57.171969219959294,57.819705963134766,43554600
2017-01-26,^GSPC,2298.6298828125,2300.989990234375,2294.080078125,2296.679931640625,3611510000
2017-01-27,AAPL,28.151485505487884,28.199887226564023,28.02702318337896,28.10769271850586,82251600
2017-01-27,GOOG,41.424807175314875,41.78411184040554,40.716617741001976,40.85905075073242,59316000
2017-01-27,MSFT,58.827288329618185,59.29510361565924,58.3774696350264,59.17814636230469,44818000
2017-01-27,^GSPC,2299.02001953125,2299.02001953125,2291.6201171875,2294.68994140625,3137420000
2017-01-30,AAPL,27.872596487653084,28.033935546875,27.810366210085732,28.033935546875,121510000
2017-01-30,GOOG,40.42976727971729,40.48832617969212,39.69229846911345,39.817359924316406,64932000
2017-01-30,MSFT,59.097185420989355,59.18714779193342,58.29650865131598,58.5933837890625,31651400
2017-01-30,^GSPC,2286.010009765625,2286.010009765625,2268.0400390625,2280.89990234375,3595040000
2017-01-31,AAPL,27.923307841853358,27.97862384801942,27.801150855607247,27.969404220581055,196804000
2017-01-31,GOOG,39.54639501026497,39.76426246920867,39.23175730896048,39.54292297363281,43212000
2017-01-31,MSFT,58.35049839982464,58.61139414139398,57.81071718374934,58.16157531738281,25270500
2017-01-31,^GSPC,2274.02001953125,2279.090087890625,2267.2099609375,2278.8701171875,4089730000
2017-02-01,AAPL,29.27856025070639,30.07604128678682,29.273951316403803,29.67499542236328,447940000
2017-02-01,GOOG,39.68634094147592,39.76127936765324,39.26500160916933,39.48857498168945,40594000
2017-02-01,MSFT,57.90067170780073,58.13457938633462,57.099994858958546,57.19895553588867,39671500
2017-02-01,^GSPC,2285.590087890625,2289.139892578125,2272.43994140625,2279.550048828125,3919190000
2017-02-02,AAPL,29.49752074323268,29.822504226057607,29.45142261053357,29.624286651611328,134841600
2017-02-02,GOOG,39.39452946445316,39.83621639304953,39.30519931112473,39.629268646240234,30642000
2017-02-02,MSFT,56.90207366273027,57.046015529978796,56.452254898598014,56.830101013183594,45827000
2017-02-02,^GSPC,2276.68994140625,2283.969970703125,2271.64990234375,2280.85009765625,3809760000
2017-02-03,AAPL,29.57358571546973,29.77641402446415,29.539014306858704,29.751060485839844,98029200
2017-02-03,GOOG,39.85061506934635,39.999992151074885,39.72058976356617,39.77617263793945,29268000
2017-02-03,MSFT,57.126967297717115,57.306895440141695,56.74012299264963,57.288902282714844,30301800
2017-02-03,^GSPC,2288.5400390625,2298.31005859375,2287.8798828125,2297.419921875,3605970000
2017-02-06,AAPL,29.762588726142692,30.07835268252664,29.70957453788497,30.029949188232422,107383600
2017-02-06,GOOG,39.68733606313546,39.78510209254238,39.4664925947486,39.76872634887695,23690000
2017-02-06,MSFT,57.12697718086916,57.26192416899483,56.80310715484314,57.252925872802734,19796400
2017-02-06,^GSPC,2294.280029296875,2296.179931640625,2288.570068359375,2292.56005859375,3112390000
2017-02-07,AAPL,30.0875682667614,30.44482140780631,30.06682542089571,30.315750122070312,152735200
2017-02-07,GOOG,39.900240973470495,40.22331831483494,39.79056324344866,40.04813003540039,24824000
2017-02-07,MSFT,57.34289949876482,57.37888239290893,56.884082422016945,57.06401062011719,20277200
2017-02-07,^GSPC,2295.8701171875,2299.39990234375,2290.159912109375,2293.080078125,3452460000
2017-02-08,AAPL,30.274266100290518,30.474787321910643,30.244301865545825,30.433298110961914,92016400
2017-02-08,GOOG,40.0496126412837,40.28981164618659,39.86053245548568,40.118099212646484,23106000
2017-02-08,MSFT,57.18994841373924,57.40586289661825,56.87507670104514,56.9830322265625,18096400
2017-02-08,^GSPC,2289.550048828125,2295.909912109375,2285.3798828125,2294.669921875,3611950000
2017-02-09,AAPL,30.474965442589138,30.6601539460953,30.3522788096039,30.653209686279297,113399600
2017-02-09,GOOG,40.174186261992716,40.2312609406138,39.927539140144845,40.17667007446289,19794000
2017-02-09,MSFT,57.144970032395314,57.97263825352445,56.96504185981554,57.63077163696289,22644400
2017-02-09,^GSPC,2296.699951171875,2311.080078125,2296.610107421875,2307.8701171875,3681600000
2017-02-10,AAPL,30.662466795138403,30.773578468937934,30.5675572146001,30.583759307861328,80262000
2017-02-10,GOOG,40.28287588847433,40.45905620743384,40.187589866103544,40.38064193725586,22700000
2017-02-10,MSFT,57.801710680127144,57.84669530161864,57.55880813782119,57.57680130004883,18170700
2017-02-10,^GSPC,2312.27001953125,2319.22998046875,2311.10009765625,2316.10009765625,3496600000
2017-02-13,AAPL,30.80598918233789,30.977289159070857,30.729598795369544,30.854598999023438,92141600
2017-02-13,GOOG,40.4962697854316,40.74237545533249,40.47096216073557,40.657066345214844,24266000
2017-02-13,MSFT,57.79271168588499,58.35048941267848,57.69375101074921,58.22454071044922,22920100
2017-02-13,^GSPC,2321.719970703125,2331.580078125,2321.419921875,2328.25,3352370000
2017-02-14,AAPL,30.896265803548964,31.271269918955483,30.8453388826695,31.255067825317383,132904800
2017-02-14,GOOG,40.64515487577535,40.84366676426118,40.49627001283614,40.71711349487305,21094000
2017-02-14,MSFT,58.29695376507102,58.577529953754826,57.943961685199795,58.44176483154297,23108400
2017-02-14,^GSPC,2326.1201171875,2337.580078125,2322.169921875,2337.580078125,3528040000
2017-02-15,AAPL,31.37080541920422,31.54441893250592,31.162467083936598,31.368488311767578,142492400
2017-02-15,GOOG,40.66301699435409,40.84366511522525,40.61884981424967,40.644161224365234,26272000
2017-02-15,MSFT,58.3784078967841,58.441764032242986,58.070680068926855,58.40555953979492,17005200
2017-02-15,^GSPC,2335.580078125,2351.300048828125,2334.81005859375,2349.25,3785870000
2017-02-16,AAPL,31.40551702606009,31.45875749804826,31.21338437338334,31.331443786621094,90338400
2017-02-16,GOOG,40.69130609200783,40.913145370846635,40.64416287881749,40.9012336730957,25752000
2017-02-16,MSFT,58.59562086554139,59.04816660850575,58.3240975629428,58.39649963378906,20546300
2017-02-16,^GSPC,2349.639892578125,2351.31005859375,2338.8701171875,2347.219970703125,3675900000
2017-02-17,AAPL,31.273585333005407,31.44256818013,31.273585333005407,31.417104721069336,88792800
2017-02-17,GOOG,40.844664532864165,41.09528350830078,40.7769200553897,41.09528350830078,32220000
2017-02-17,MSFT,58.351264888850736,58.550386174131496,58.19740095215265,58.487030029296875,21248800
2017-02-17,^GSPC,2343.010009765625,2351.159912109375,2339.580078125,2351.159912109375,3516830000
2017-02-21,AAPL,31.535164751079183,31.655537803399596,31.477293566795087,31.643962860107422,98028800
2017-02-21,GOOG,41.12455645434048,41.362275468445574,41.10917272035874,41.273441314697266,25246000
2017-02-21,MSFT,58.47796772390373,58.78569554754699,58.33314975609459,58.369354248046875,20655900
2017-02-21,^GSPC,2354.909912109375,2366.7099609375,2354.909912109375,2365.3798828125,3587520000
2017-02-22,AAPL,31.58145347814862,31.741178473918914,31.50738021662056,31.73886489868164,83347600
2017-02-22,GOOG,41.1245571349592,41.35234847611755,41.12356512453096,41.22877502441406,19658000
2017-02-22,MSFT,58.22453064470324,58.278833918285045,57.97110616092249,58.25168228149414,19292700
2017-02-22,^GSPC,2361.110107421875,2365.1298828125,2358.340087890625,2362.820068359375,3473170000
2017-02-23,AAPL,31.801370041393547,31.82451639268836,31.551366135045967,31.60460662841797,83152800
2017-02-23,GOOG,41.19701792296539,41.31314751685952,40.83771323964309,41.2570686340332,29456000
2017-02-23,MSFT,58.306007540268055,58.58659067193726,58.09784030951227,58.487030029296875,20273100
2017-02-23,^GSPC,2367.5,2368.260009765625,2355.090087890625,2363.81005859375,4021770000
2017-02-24,AAPL,31.46108914249746,31.634702682495117,31.315252638602946,31.634702682495117,87106400
2017-02-24,GOOG,41.07840648094415,41.14143322067306,40.90321819423765,41.123565673828125,27844000
2017-02-24,MSFT,58.40556818290843,58.64994681677187,58.05258296092959,58.487030029296875,21796800
2017-02-24,^GSPC,2355.72998046875,2367.340087890625,2352.8701171875,2367.340087890625,3832410000
2017-02-27,AAPL,31.745812209863693,31.815258327596492,31.546735222857016,31.69719886779785,81029600
2017-02-27,GOOG,40.920595237505495,41.21588119442175,40.89329980149727,41.15533447265625,22030000
2017-02-27,MSFT,58.41460170726943,58.41460170726943,57.971108840156326,58.13402557373047,15871500
2017-02-27,^GSPC,2365.22998046875,2371.5400390625,2361.8701171875,2369.75,3584680000
2017-02-28,AAPL,31.73192668021619,31.815261322905997,31.643961353994563,31.71109390258789,93931600
2017-02-28,GOOG,40.97319345157122,41.1186024958721,40.704706957159814,40.854087829589844,45216000
2017-02-28,MSFT,57.99826803177678,58.106874598104504,57.70863556008509,57.90775680541992,23239800
2017-02-28,^GSPC,2366.080078125,2367.7900390625,2358.9599609375,2363.639892578125,4212460000
2017-03-01,AAPL,31.919418248747473,32.44257228618946,31.85228925440144,32.35923767089844,145658400
2017-03-01,GOOG,41.1339855486726,41.5014799476348,41.05507529028573,41.451107025146484,29930000
2017-03-01,MSFT,58.043513064710154,58.821892275695376,57.9439524513074,58.776641845703125,26937500
2017-03-01,^GSPC,2380.1298828125,2400.97998046875,2380.1298828125,2395.9599609375,4347630000
2017-03-02,AAPL,32.40785678261157,32.472672213602706,32.12081449381077,32.1671142578125,104844000
2017-03-02,GOOG,41.38213278411697,41.414884277453694,41.17319718812772,41.22233200073242,18850000
2017-03-02,MSFT,58.55037232709531,58.6046756083104,57.81724695684039,57.93490982055664,24539600
2017-03-02,^GSPC,2394.75,2394.75,2380.169921875,2381.919921875,3824030000
2017-03-03,AAPL,32.12545645060398,32.36851616820702,32.0814737786729,32.35694122314453,84432400
2017-03-03,GOOG,41.21885524398015,41.258558382864635,40.980197199905504,41.14540481567383,17928000
2017-03-03,MSFT,57.916807851052916,58.179281767689645,57.58192150293512,58.152130126953125,18135900
2017-03-03,^GSPC,2380.919921875,2383.889892578125,2375.389892578125,2383.1201171875,3556670000
2017-03-06,AAPL,32.262025436029056,32.35462144660669,32.0837847384983,32.25508117675781,87000000
2017-03-06,GOOG,41.03969568936762,41.13547770594073,40.81388836421494,41.08088684082031,22180000
2017-03-06,MSFT,57.898711340618654,58.43271207545835,57.75389682126457,58.17023468017578,18750300
2017-03-06,^GSPC,2375.22998046875,2378.800048828125,2367.97998046875,2375.31005859375,3251800000
2017-03-07,AAPL,32.190260787540375,32.403226280869475,32.127758931529584,32.29674530029297,69785200
2017-03-07,GOOG,41.062031015005466,41.36029677937437,41.01835983346017,41.28585433959961,20752000
2017-03-07,MSFT,58.09783061454744,58.63183133114286,58.09783061454744,58.287899017333984,18521000
2017-03-07,^GSPC,2370.739990234375,2375.1201171875,2365.510009765625,2368.389892578125,3526300000
2017-03-08,AAPL,32.16481284021857,32.36157633667844,32.13472221755061,32.176387786865234,74828800
2017-03-08,GOOG,41.36524771019027,41.59552283881184,41.27988938700232,41.457557678222656,19796000
2017-03-08,MSFT,58.1611864325356,58.90336124641418,58.152133583318594,58.8218994140625,21510900
2017-03-08,^GSPC,2369.81005859375,2373.090087890625,2361.010009765625,2362.97998046875,3814080000
2017-03-09,AAPL,32.116194602915954,32.12776601435599,31.724984821031658,32.10230255126953,88623600
2017-03-09,GOOG,41.4888286398716,41.78659460077291,41.399994478221274,41.621829986572266,25230000
2017-03-09,MSFT,59.00291964852515,59.01196559210059,58.36030548434684,58.586578369140625,19846800
2017-03-09,^GSPC,2363.489990234375,2369.080078125,2354.5400390625,2364.8701171875,3718450000
2017-03-10,AAPL,32.234245655264324,32.25970911448372,32.09303984180699,32.20878219604492,78451200
2017-03-10,GOOG,41.85012079984047,41.93101130424177,41.66252480044583,41.848628997802734,34080000
2017-03-10,MSFT,58.930502485035476,59.06626757811951,58.60466902375358,58.76758575439453,19538200
2017-03-10,^GSPC,2372.52001953125,2376.860107421875,2363.0400390625,2372.60009765625,3434400000
2017-03-13,AAPL,32.14165778323444,32.2759158250435,32.13471352356076,32.22267532348633,69686800
2017-03-13,GOOG,41.88585381314129,42.11835912141027,41.848630700375764,41.9622802734375,24472000
2017-03-13,MSFT,58.840000212714216,59.0029169585503,58.44175774393709,58.5684700012207,20100000
2017-03-13,^GSPC,2371.56005859375,2374.419921875,2368.52001953125,2373.469970703125,3166650000
2017-03-14,AAPL,32.24582433903701,32.326841877099305,32.1393398066237,32.17406463623047,61236400
2017-03-14,GOOG,41.86797789792606,42.04663820185852,41.727036704487716,41.96623992919922,15598000
2017-03-14,MSFT,58.40556550647836,58.423671207202496,58.06163315103711,58.296958923339844,14280200
2017-03-14,^GSPC,2368.550048828125,2368.550048828125,2358.179931640625,2365.449951171875,3173760000
2017-03-15,AAPL,32.271294973252054,32.58148373981974,32.1833296239774,32.51435470581055,102767200
2017-03-15,GOOG,42.0640142233651,42.115625270336174,41.7255531346855,42.04465866088867,27630000
2017-03-15,MSFT,58.42365975302561,58.758539192450435,58.15212953781069,58.60467529296875,24833800
2017-03-15,^GSPC,2370.340087890625,2390.010009765625,2368.93994140625,2385.260009765625,3909490000
2017-03-16,AAPL,32.574529250303875,32.64397537096826,32.46804472766163,32.56758499145508,76928000
2017-03-16,GOOG,42.13547746646631,42.22579963973736,41.991556438245574,42.123069763183594,19552000
2017-03-16,MSFT,58.6046837713901,58.61373662128701,58.19739529494494,58.505123138427734,20674300
2017-03-16,^GSPC,2387.7099609375,2388.10009765625,2377.179931640625,2381.3798828125,3368880000
2017-03-17,AAPL,32.63935408204473,32.63935408204473,32.382405834154305,32.405555725097656,175540000
2017-03-17,GOOG,42.2635183635105,42.35234873397759,42.04019106538763,42.28882598876953,34246000
2017-03-17,MSFT,58.749495658746476,59.04817062137264,58.541321564503505,58.71329116821289,49219700
2017-03-17,^GSPC,2383.7099609375,2385.7099609375,2377.639892578125,2378.25,5179820000
2017-03-20,AAPL,32.50044997587236,32.75508455489394,32.461098001328324,32.745826721191406,86168000
2017-03-20,GOOG,42.184112176519314,42.19453585881693,41.94292111729657,42.104209899902344,24630000
2017-03-20,MSFT,58.749486964456416,58.9938586077681,58.57751738619667,58.76758575439453,14598100
2017-03-20,^GSPC,2378.239990234375,2379.550048828125,2369.659912109375,2373.469970703125,3061560000
2017-03-21,AAPL,32.8962980947936,33.056023138078004,32.34536325730292,32.370826721191406,158119600
2017-03-21,GOOG,42.25309288446713,42.35731077130629,41.14242364895355,41.21388626098633,49270000
2017-03-21,MSFT,59.002913677468584,59.283489816522625,58.04351204742944,58.11592102050781,26640500
2017-03-21,^GSPC,2379.320068359375,2381.929931640625,2341.89990234375,2344.02001953125,4278890000
2017-03-22,AAPL,32.373135507438455,32.77823371741696,32.35229920075717,32.73656463623047,103440800
2017-03-22,GOOG,41.28584909240162,41.46649343146167,41.05110989540507,41.170711517333984,28030000
2017-03-22,MSFT,58.03447495368368,58.95766533264907,58.03447495368368,58.85810470581055,20680000
2017-03-22,^GSPC,2343.0,2351.81005859375,2336.449951171875,2348.449951171875,3575160000
2017-03-23,AAPL,32.69952685533957,32.773603653436076,32.549063215948244,32.62082290649414,81385200
2017-03-23,GOOG,40.744408797073135,40.822327051095456,40.31051403843853,40.574684143066406,69742000
2017-03-23,MSFT,58.776647300321535,59.04817062137264,58.622776489228684,58.71329116821289,19269200
2017-03-23,^GSPC,2345.969970703125,2358.919921875,2342.1298828125,2345.9599609375,3262400000
2017-03-24,AAPL,32.75509204042147,32.81064965186172,32.48888599147964,32.55601501464844,89582400
2017-03-24,GOOG,40.698756049579096,40.79056624138942,40.143419492633335,40.418357849121094,39620000
2017-03-24,MSFT,59.1567717383462,59.23822664605989,58.61371830435777,58.81283950805664,22617100
2017-03-24,^GSPC,2350.419921875,2356.219970703125,2335.739990234375,2343.97998046875,2978530000
2017-03-27,AAPL,32.266651172541444,32.69026858402224,32.088406970162104,32.61156463623047,94300400
2017-03-27,GOOG,40.047136473143844,40.7756734264578,39.8694681745933,40.67045974731445,37886000
2017-03-27,MSFT,58.49605748547074,59.03006502769051,58.24263298623412,58.921451568603516,18614700
2017-03-27,^GSPC,2329.110107421875,2344.89990234375,2322.25,2341.590087890625,3242300000
2017-03-28,AAPL,32.61851161249007,33.343056359100096,32.55137906799777,33.28750228881836,133499200
2017-03-28,GOOG,40.71512514550849,40.99204747773985,40.39835201688216,40.74043655395508,32410000
2017-03-28,MSFT,58.794747689392906,59.25634632460424,58.514171511764786,59.09342956542969,20080400
2017-03-28,^GSPC,2339.7900390625,2363.780029296875,2337.6298828125,2358.570068359375,3369120000
2017-03-29,AAPL,33.259726043365966,33.44723165146104,33.14630078035101,33.36157989501953,116760000
2017-03-29,GOOG,40.942918609359964,41.32827677727922,40.81289331047598,41.26103210449219,35726000
2017-03-29,MSFT,58.93956318568221,59.28349548272729,58.78569237685904,59.256343841552734,13618400
2017-03-29,^GSPC,2356.5400390625,2363.360107421875,2352.93994140625,2361.1298828125,3107670000
2017-03-30,AAPL,33.37777326287626,33.449532941408705,33.21804828437474,33.31758499145508,84829200
2017-03-30,GOOG,41.36476080650256,41.37369268765522,41.141437273587634,41.265506744384766,21106000
2017-03-30,MSFT,59.21106778392026,59.717923578377636,59.15676451873841,59.47354507446289,15122800
2017-03-30,^GSPC,2361.31005859375,2370.419921875,2358.580078125,2368.06005859375,3159680000
2017-03-31,AAPL,33.26898113760583,33.39629842816483,33.10462544757945,33.25509262084961,78646800
2017-03-31,GOOG,41.139944332799736,41.27244966361733,41.06153007399209,41.16922378540039,28038000
2017-03-31,MSFT,59.419264631891174,59.90801492214873,59.238242169591594,59.60933303833008,21040300
2017-03-31,^GSPC,2364.820068359375,2370.35009765625,2362.60009765625,2362.719970703125,3356740000
2017-04-03,AAPL,33.26667562864649,33.36158169355204,33.11389484292969,33.26435852050781,79942800
2017-04-03,GOOG,41.15234899560436,41.729521114707175,41.15234899560436,41.615379333496094,33430000
2017-04-03,MSFT,59.56408091811072,59.681747255245874,59.00292849904081,59.32876205444336,20400900
2017-04-03,^GSPC,2362.340087890625,2365.8701171875,2344.72998046875,2358.840087890625,3418730000
2017-04-04,AAPL,33.16018524535114,33.53982003462168,33.141666044389595,33.51204299926758,79565600
2017-04-04,GOOG,41.2585533686381,41.448129586377426,41.14321890682425,41.4178581237793,20908000
2017-04-04,MSFT,59.1839491731997,59.56408605216764,59.08438852795066,59.49168395996094,12997400
2017-04-04,^GSPC,2354.760009765625,2360.530029296875,2350.719970703125,2360.159912109375,3208340000
2017-04-05,AAPL,33.38473619227167,33.67177859912132,33.28982658208216,33.33843994140625,110871600
2017-04-05,GOOG,41.46450782045926,41.80892473574078,41.22678881503915,41.26103210449219,31106000
2017-04-05,MSFT,60.007571782774,60.05282221653239,59.22919250700514,59.337799072265625,21448600
2017-04-05,^GSPC,2366.590087890625,2378.360107421875,2350.52001953125,2352.949951171875,3780650000
2017-04-06,AAPL,33.40092557896612,33.45416960276654,33.20647928002665,33.25509262084961,84596000
2017-04-06,GOOG,41.310169115657374,41.508185016988755,41.015382966778716,41.085853576660156,25088000
2017-04-06,MSFT,59.37401761268367,59.79035899040599,59.265411021722585,59.49168395996094,18103500
2017-04-06,^GSPC,2353.7900390625,2364.159912109375,2348.89990234375,2357.489990234375,3203250000
2017-04-07,AAPL,33.27129390354365,33.37546130885718,33.16481292288576,33.18101501464844,66688800
2017-04-07,GOOG,41.089820816312624,41.11587813028926,40.720243896820406,40.92654800415039,21146000
2017-04-07,MSFT,59.600263559770006,59.69982415993107,59.22917969986881,59.4463996887207,14108500
2017-04-07,^GSPC,2356.590087890625,2363.760009765625,2350.739990234375,2355.5400390625,3054700000
2017-04-10,AAPL,33.241202850950295,33.30601828148667,33.079160742433295,33.14166259765625,75733600
2017-04-10,GOOG,40.962282563315725,41.158806674321184,40.88188427083172,40.929527282714844,19578000
2017-04-10,MSFT,59.383058855180046,59.57312725750843,59.15678596117473,59.31064987182617,17952700
2017-04-10,^GSPC,2357.159912109375,2366.3701171875,2351.5,2357.159912109375,2792570000
2017-04-11,AAPL,33.088431229506256,33.18334082616107,32.421754009148394,32.785186767578125,121517600
2017-04-11,GOOG,40.928525144271006,41.06336282362716,40.54688892465334,40.86103057861328,21594000
2017-04-11,MSFT,59.373998860125816,59.383051708280696,58.69518025980738,59.2653923034668,18791500
2017-04-11,^GSPC,2353.919921875,2355.219970703125,2337.25,2353.780029296875,3120900000
2017-04-12,AAPL,32.77823532106274,32.90554908182955,32.64165666199132,32.82453155517578,81400000
2017-04-12,GOOG,40.790562449013635,41.025301641213936,40.74539947202176,40.90917205810547,18010000
2017-04-12,MSFT,59.21109770766211,59.29255955190179,58.93052148869572,59.03913497924805,17108500
2017-04-12,^GSPC,2352.14990234375,2352.719970703125,2341.179931640625,2344.929931640625,3201300000
2017-04-13,AAPL,32.8499940329233,32.958792122537375,32.650917053222656,32.650917053222656,71291600
2017-04-13,GOOG,40.800981760030545,41.011405335682156,40.76624246526485,40.871456146240234,22448000
2017-04-13,MSFT,59.09342500913094,59.60932688918915,58.78569030761719,58.78569030761719,17896500
2017-04-13,^GSPC,2341.97998046875,2348.260009765625,2328.949951171875,2328.949951171875,3146380000
2017-04-17,AAPL,32.750464664944516,32.84306069336584,32.60925881225714,32.831485748291016,66328400
2017-04-17,GOOG,40.94341475405886,41.57567370497537,40.916615328630456,41.54689025878906,17900000
2017-04-17,MSFT,58.86714984825068,59.274438246321786,58.83999820908593,59.2653923034668,16689300
2017-04-17,^GSPC,2332.6201171875,2349.139892578125,2332.510009765625,2349.010009765625,2826890000
2017-04-18,AAPL,32.734251768139586,32.88008472500291,32.664805652779066,32.685638427734375,58790000
2017-04-18,GOOG,41.40048864317392,41.63423583973453,41.3255539907542,41.52952194213867,16734000
2017-04-18,MSFT,59.12961473239018,59.4735469314444,58.97575087270528,59.18391799926758,15155600
2017-04-18,^GSPC,2342.530029296875,2348.35009765625,2334.5400390625,2342.18994140625,3272210000
2017-04-19,AAPL,32.843061660879215,32.87083870413523,32.51203658930954,32.565277099609375,69313600
2017-04-19,GOOG,41.676913585433226,41.79751100510896,41.50321710407866,41.59850311279297,19084000
2017-04-19,MSFT,59.41926339668187,59.50977117329975,58.731391864844696,58.867156982421875,26992800
2017-04-19,^GSPC,2346.7900390625,2352.6298828125,2335.050048828125,2338.169921875,3521160000
2017-04-20,AAPL,32.690267539552906,33.08379079811462,32.67637902358353,32.972679138183594,93278400
2017-04-20,GOOG,41.7588023915611,41.94540259222108,41.65359248600058,41.76922607421875,19180000
2017-04-20,MSFT,59.24730761532133,59.509785062484156,58.9576785193662,59.283512115478516,22299500
2017-04-20,^GSPC,2342.68994140625,2361.3701171875,2340.909912109375,2355.840087890625,3648990000
2017-04-21,AAPL,32.972682512554464,33.0282365821173,32.836107381977364,32.93333053588867,69283600
2017-04-21,GOOG,41.830265985205344,41.87989301005637,41.71711243079374,41.84564971923828,26472000
2017-04-21,MSFT,59.437348500101706,60.36959150462029,59.23822729422412,60.09806823730469,32522600
2017-04-21,^GSPC,2354.739990234375,2356.179931640625,2344.510009765625,2348.68994140625,3524160000
2017-04-24,AAPL,33.21804242929186,33.322209800161275,33.143965656653656,33.250450134277344,68537200
2017-04-24,GOOG,42.24316775453992,42.851107303078415,42.17666519647529,42.816864013671875,27450000
2017-04-24,MSFT,61.07558391398308,61.23850067741529,60.73164468823683,61.12083435058594,29770000
2017-04-24,^GSPC,2370.330078125,2376.97998046875,2369.18994140625,2374.14990234375,3711170000
2017-04-25,AAPL,33.31296635455001,33.54213396298466,33.30370498788361,33.456485748291016,75486000
2017-04-25,GOOG,42.92803304718076,43.424310885876494,42.81934732208493,43.29031753540039,33440000
2017-04-25,MSFT,61.45572475259673,61.58243703186652,61.184194493989295,61.47382354736328,30242700
2017-04-25,^GSPC,2381.510009765625,2392.47998046875,2381.14990234375,2388.610107421875,4005820000
2017-04-26,AAPL,33.44260241016007,33.472696558222246,33.190284878156184,33.259727478027344,80164800
2017-04-26,GOOG,43.386097204266136,43.47642316642792,43.064413194152735,43.262027740478516,24744000
2017-04-26,MSFT,61.618629743026254,61.826796916888505,61.202288490001756,61.392356872558594,26190800
2017-04-26,^GSPC,2388.97998046875,2398.159912109375,2386.780029296875,2387.449951171875,4111350000
2017-04-27,AAPL,33.31528473001229,33.37084234148573,33.17407889150549,33.28519058227539,56985200
2017-04-27,GOOG,43.35482950657582,43.44415966325513,43.19502874945928,43.387088775634766,40536000
2017-04-27,MSFT,61.68198944357709,61.89015662949777,61.166087545238334,61.79059600830078,34971000
2017-04-27,^GSPC,2389.699951171875,2392.10009765625,2382.679931640625,2388.77001953125,4099940000
2017-04-28,AAPL,33.354630936915555,33.40324428005763,33.16481531189833,33.252777099609375,83441600
2017-04-28,GOOG,45.19403608915759,45.501229903641274,44.95135702705564,44.960784912109375,65526000
2017-04-28,MSFT,62.3698578746118,62.578025050290925,61.26564515224409,61.962562561035156,39548800
2017-04-28,^GSPC,2393.679931640625,2393.679931640625,2382.360107421875,2384.199951171875,3721350000
2017-05-01,AAPL,33.588441433328384,34.07455732948006,33.55603370691827,33.93103790283203,134411600
2017-05-01,GOOG,44.76128091985482,45.44316690346249,44.73696152002966,45.28882598876953,42320000
2017-05-01,MSFT,62.16169823354374,62.94913049846921,61.998781451328185,62.822418212890625,31954400
2017-05-01,^GSPC,2388.5,2394.489990234375,2384.830078125,2388.330078125,3201500000
2017-05-02,AAPL,34.15325697324642,34.28057428663632,33.99121836173965,34.14631271362305,181408800
2017-05-02,GOOG,45.14241967574052,45.695772141910005,45.13413146704207,45.48088073730469,31744000
2017-05-02,MSFT,63.0939386030015,63.0939386030015,62.568983784484736,62.72285461425781,23906100
2017-05-02,^GSPC,2391.050048828125,2392.929931640625,2385.820068359375,2391.169921875,3861360000
2017-05-03,AAPL,33.701865706818786,34.14168887464234,33.396307657212596,34.04214859008789,182788000
2017-05-03,GOOG,45.4024751798246,46.05954580790922,45.287489050457125,46.00694274902344,29990000
2017-05-03,MSFT,62.79525457652739,62.79525457652739,62.188844843891445,62.52373123168945,28928000
2017-05-03,^GSPC,2386.5,2389.820068359375,2379.75,2388.1298828125,3896760000
2017-05-04,AAPL,33.91713909182939,34.06065847493561,33.75278340135599,33.91945266723633,93487600
2017-05-04,GOOG,45.95880294057706,46.44813291994641,45.885352517944334,46.23622131347656,28442000
2017-05-04,MSFT,62.478452401524926,62.52370972941755,62.125467340918476,62.27933120727539,21749400
2017-05-04,^GSPC,2389.7900390625,2391.429931640625,2380.35009765625,2389.52001953125,4367860000
2017-05-05,AAPL,33.972694921289396,34.48659126238202,33.972694921289396,34.481964111328125,109310800
2017-05-05,GOOG,46.32951946362046,46.39701403717178,45.91562392826819,46.01140594482422,38226000
2017-05-05,MSFT,62.36080905972504,62.47846847509736,61.98971821037307,62.451316833496094,19128800
2017-05-05,^GSPC,2392.3701171875,2399.2900390625,2389.3798828125,2399.2900390625,3543240000
2017-05-08,AAPL,34.49815621710092,35.579189080856345,34.49815621710092,35.419464111328125,195009600
2017-05-08,GOOG,45.961281438629335,46.497508504904445,45.91860227287905,46.36723709106445,26596000
2017-05-08,MSFT,62.42416244362855,62.49657142157774,61.92635935185312,62.397010803222656,18566100
2017-05-08,^GSPC,2399.93994140625,2401.360107421875,2393.919921875,2399.3798828125,3429990000
2017-05-09,AAPL,35.61856265518479,35.85236454808707,35.52133946957119,35.64634323120117,156521600
2017-05-09,GOOG,46.49875489135773,46.526050325667434,46.13051831710457,46.26153564453125,31636000
2017-05-09,MSFT,62.32458634448907,62.70472302634998,62.16166963722032,62.48750305175781,22858400
2017-05-09,^GSPC,2401.580078125,2403.8701171875,2392.43994140625,2396.919921875,3657840000
2017-05-10,AAPL,35.56298095979094,35.63474062211902,35.21112337154467,35.47732925415039,103222800
2017-05-10,GOOG,46.252104820933006,46.25309683146434,45.91364370106052,46.09329605102539,23478000
2017-05-10,MSFT,62.442277807505675,62.95817982803754,62.378921661310606,62.73190689086914,17977800
2017-05-10,^GSPC,2396.7900390625,2399.739990234375,2392.7900390625,2399.6298828125,3649370000
2017-05-11,AAPL,35.43550038676426,35.81205584398719,35.40295890742453,35.78416061401367,109020400
2017-05-11,GOOG,45.92157819450625,46.27939483674108,45.80793242117971,46.18361282348633,16700000
2017-05-11,MSFT,61.872054793118146,62.206941130241155,61.6548347690573,61.962562561035156,28789400
2017-05-11,^GSPC,2394.840087890625,2395.719970703125,2381.739990234375,2394.43994140625,3727710000
2017-05-12,AAPL,35.9584905058487,36.35828784770253,35.951517585087146,36.28390884399414,130108000
2017-05-12,GOOG,46.22976809202903,46.324558095443024,46.047139730748015,46.26401138305664,21012000
2017-05-12,MSFT,62.098337535698,62.098337535698,61.58243558074162,61.89016342163086,18714100
2017-05-12,^GSPC,2392.43994140625,2392.43994140625,2387.18994140625,2390.89990234375,3304620000
2017-05-15,AAPL,36.26299675628336,36.41175835238627,36.03985613550709,36.190940856933594,104038800
2017-05-15,GOOG,46.300239502540094,46.563266148117194,46.121083174608216,46.50520324707031,22162000
2017-05-15,MSFT,61.67293598958831,61.980670698986756,61.15703409631182,61.9354133605957,31530300
2017-05-15,^GSPC,2393.97998046875,2404.050048828125,2393.93994140625,2402.320068359375,3490080000
2017-05-16,AAPL,36.24672122535091,36.27461291121088,35.96314392992262,36.137474060058594,80194000
2017-05-16,GOOG,46.650118728908936,46.804459658771954,46.53002109246596,46.79900360107422,19390000
2017-05-16,MSFT,62.108372670380405,63.209810020106254,62.04465338386342,63.18250274658203,34956000
2017-05-16,^GSPC,2404.550048828125,2405.77001953125,2396.050048828125,2400.669921875,3421810000
2017-05-17,AAPL,35.70281313875219,35.928280397547645,34.79862097859771,34.924137115478516,203070800
2017-05-17,GOOG,46.43523000344474,46.61701402845444,45.565255754992194,45.638702392578125,47242000
2017-05-17,MSFT,62.709145674162635,62.90030350978914,61.380138618225615,61.425655364990234,30548800
2017-05-17,^GSPC,2382.949951171875,2384.8701171875,2356.2099609375,2357.030029296875,4164760000
2017-05-18,AAPL,35.161224445133115,35.642373738162306,35.128682964187924,35.4564208984375,134272800
2017-05-18,GOOG,45.707189883773566,46.31116145954097,45.5955281231808,46.16575241088867,31938000
2017-05-18,MSFT,61.35284439482943,62.017344591663964,61.11616976210934,61.63502883911133,25201300
2017-05-18,^GSPC,2354.68994140625,2375.739990234375,2352.719970703125,2365.719970703125,4319440000
2017-05-19,AAPL,35.65168742408364,35.791149448940445,35.477357232945025,35.57730484008789,107843200
2017-05-19,GOOG,46.226794569259525,46.53870235136343,46.20346717789845,46.352848052978516,27860000
2017-05-19,MSFT,61.44387357048889,61.990039946583444,61.38015427569256,61.61682891845703,26961100
2017-05-19,^GSPC,2371.3701171875,2389.06005859375,2370.429931640625,2381.72998046875,3831700000
2017-05-22,AAPL,35.795787785616746,35.93060351587456,35.542428840173685,35.79346466064453,91865600
2017-05-22,GOOG,46.401975104063155,46.743563658891276,46.401975104063155,46.7424201965332,22408000
2017-05-22,MSFT,61.79886622514376,62.35413719959188,61.44385782441535,62.30862045288086,16237600
2017-05-22,^GSPC,2387.2099609375,2395.4599609375,2386.919921875,2394.02001953125,3176580000
2017-05-23,AAPL,36.00498783317736,36.00498783317736,35.63540874307871,35.749305725097656,79675600
2017-05-23,GOOG,47.04316643242572,47.21919527031774,46.777905880382555,47.087833404541016,25416000
2017-05-23,MSFT,62.554421206659775,62.58172848609063,62.24492250171675,62.518009185791016,15425800
2017-05-23,^GSPC,2397.0400390625,2400.85009765625,2393.8798828125,2398.419921875,3216560000
2017-05-24,AAPL,35.75858838045589,35.83529404817811,35.4866338567616,35.64236831665039,76712000
2017-05-24,GOOG,47.29428558921976,47.39900327659687,47.12158110665361,47.39255142211914,20496000
2017-05-24,MSFT,62.69094805143892,62.70004584559985,62.308625405367394,62.59991455078125,14593900
2017-05-24,^GSPC,2401.409912109375,2405.580078125,2397.989990234375,2404.389892578125,3389240000
2017-05-25,AAPL,35.733030108877166,35.87714544126716,35.570322682071584,35.76557159423828,76942400
2017-05-25,GOOG,47.51016385295752,48.26941906529254,47.417853879354325,48.116119384765625,33210000
2017-05-25,MSFT,62.78197420052564,63.61032488107245,62.727359656389645,63.3736572265625,21854100
2017-05-25,^GSPC,2409.5400390625,2418.7099609375,2408.010009765625,2415.070068359375,3538210000
2017-05-26,AAPL,35.79579069602269,35.8515776206928,35.63540639100761,35.70513916015625,87710400
2017-05-26,GOOG,48.1240604755882,48.38609510213997,47.892297311616,48.2119026184082,25040000
2017-05-26,MSFT,63.53752917030422,63.91984499758362,63.28264500723463,63.683170318603516,19827900
2017-05-26,^GSPC,2414.5,2416.679931640625,2412.199951171875,2415.820068359375,2806930000
2017-05-30,AAPL,35.660971833916435,35.89573513785693,35.64005306902935,35.71908187866211,80507600
2017-05-30,GOOG,48.15434065922652,48.44665058759631,48.11364550741545,48.43076705932617,29334000
2017-05-30,MSFT,63.52839773091707,64.0927734375,63.51018825447997,64.0927734375,17072800
2017-05-30,^GSPC,2411.669921875,2415.260009765625,2409.429931640625,2412.909912109375,3205860000
2017-05-31,AAPL,35.78881875413772,35.83530608592491,35.4192396783089,35.507564544677734,97804800
2017-05-31,GOOG,48.38807922893853,48.598998815949265,47.651602372064126,47.88386154174805,48962000
2017-05-31,MSFT,64.2020086182639,64.39316646973828,63.54660630184827,63.57391357421875,30436400
2017-05-31,^GSPC,2415.6298828125,2415.989990234375,2403.590087890625,2411.800048828125,4518040000
2017-06-01,AAPL,35.602870966240275,35.640062255685365,35.382053448639454,35.605194091796875,65616400
2017-06-01,GOOG,48.0868410314482,48.21339430753962,47.643170023015905,47.987586975097656,28210000
2017-06-01,MSFT,63.93802358332275,64.27482946396557,63.218902018629656,63.810585021972656,21603600
2017-06-01,^GSPC,2415.64990234375,2430.06005859375,2413.5400390625,2430.06005859375,3860620000
2017-06-02,AAPL,35.698158189615405,36.13282012939453,35.53777392075964,36.13282012939453,111082800
2017-06-02,GOOG,48.112148696505194,48.4307582060517,47.940436239079666,48.41686248779297,35020000
2017-06-02,MSFT,64.1200866772903,65.41268182945693,63.93802662037039,65.3216552734375,34770300
2017-06-02,^GSPC,2431.280029296875,2440.22998046875,2427.7099609375,2439.070068359375,3465500000
2017-06-05,AAPL,35.87482710996299,35.90039567917375,35.67028210303369,35.77952575683594,101326800
2017-06-05,GOOG,48.46401480046152,48.97816021871293,48.39205617526641,48.8178596496582,25042000
2017-06-05,MSFT,65.51282135576085,66.35027688816957,65.36717329192527,65.79500579833984,33316800
2017-06-05,^GSPC,2437.830078125,2439.550048828125,2434.320068359375,2436.10009765625,2916720000
2017-06-06,AAPL,35.772547796944366,36.21650946039384,35.74465610600721,35.900390625,106499600
2017-06-06,GOOG,48.79205315453999,49.04465612208582,48.394037356767114,48.465003967285156,36292000
2017-06-06,MSFT,65.81323304502126,66.10452230644391,65.78591881701718,66.01348876953125,31511100
2017-06-06,^GSPC,2431.919921875,2436.2099609375,2428.1201171875,2429.330078125,3376750000
2017-06-07,AAPL,36.032875365239036,36.256015937417885,35.907355689977415,36.114227294921875,84278400
2017-06-07,GOOG,48.63522614293724,48.832746016902654,48.43373822733793,48.68187713623047,29078000
2017-06-07,MSFT,66.12272681965513,66.24106069833475,65.4946315096144,65.89515686035156,22301800
2017-06-07,^GSPC,2432.030029296875,2435.280029296875,2424.75,2433.139892578125,3576220000
2017-06-08,AAPL,36.08634642269079,36.15375253015387,35.88877080457249,36.02591323852539,85003200
2017-06-08,GOOG,48.751851776074254,48.862025512300626,48.49626900259317,48.80445861816406,29638000
2017-06-08,MSFT,66.00437493979636,66.0134727353708,65.0849906103834,65.49461364746094,24588300
2017-06-08,^GSPC,2434.27001953125,2439.27001953125,2427.93994140625,2433.7900390625,3735980000
2017-06-09,AAPL,36.07239580899807,36.07239580899807,33.940919564947656,34.62894058227539,259530800
2017-06-09,GOOG,48.858551420704245,48.858551420704245,46.43324490847689,47.13795852661133,66188000
2017-06-09,MSFT,65.57653853992167,65.61295055471032,62.436069976996684,64.01085662841797,49187400
2017-06-09,^GSPC,2436.389892578125,2446.199951171875,2415.699951171875,2431.77001953125,4029860000
2017-06-12,AAPL,33.87583137826169,33.95718330904948,33.125047081578536,33.801448822021484,289229200
2017-06-12,GOOG,46.628280252393715,47.11438429413952,45.42098462870696,46.794036865234375,75270000
2017-06-12,MSFT,63.03685155885436,63.6649465981926,62.017336080416804,63.5192985534668,47761700
2017-06-12,^GSPC,2425.8798828125,2430.3798828125,2419.969970703125,2429.389892578125,4031840000
2017-06-13,AAPL,34.20590265827269,34.27330875959209,33.738695559372296,34.07341003417969,136661600
2017-06-13,GOOG,47.241185683309524,47.641681513848184,46.853093769961546,47.315128326416016,40266000
2017-06-13,MSFT,63.73776824319405,64.46599462924654,63.68315369494864,64.31124877929688,25258600
2017-06-13,^GSPC,2434.14990234375,2441.489990234375,2431.280029296875,2440.35009765625,3278240000
2017-06-14,AAPL,34.28493329430688,34.28493329430688,33.434201216935094,33.741024017333984,126124800
2017-06-14,GOOG,47.63870325532692,47.699745978004984,46.76178111519976,47.184112548828125,29794000
2017-06-14,MSFT,64.54793264932249,64.72088105851861,63.200715725468804,63.96534729003906,25510700
2017-06-14,^GSPC,2443.75,2443.75,2428.340087890625,2437.919921875,3558640000
2017-06-15,AAPL,33.31333552540285,33.5829634971484,33.05532672777286,33.53879928588867,128661600
2017-06-15,GOOG,46.35086730315322,46.815828703688254,45.877913023761096,46.76476287841797,42662000
2017-06-15,MSFT,63.05502169176081,63.91068615264702,62.62719640619515,63.628501892089844,26068700
2017-06-15,^GSPC,2424.139892578125,2433.949951171875,2418.530029296875,2432.4599609375,3371980000
2017-06-16,AAPL,33.42024683259305,33.587604036098135,33.05299094416554,33.06926345825195,201444400
2017-06-16,GOOG,46.65012180663497,46.75136367783875,46.23300029935963,46.63920211791992,61894000
2017-06-16,MSFT,63.473801530741284,63.74688125227445,63.00955697578777,63.719573974609375,48345100
2017-06-16,^GSPC,2431.239990234375,2433.14990234375,2422.8798828125,2433.14990234375,5299380000
2017-06-19,AAPL,33.39235892227018,34.10827514113461,33.39235892227018,34.015296936035156,130165600
2017-06-19,GOOG,47.14440549068235,47.642171290524914,47.099242516046345,47.51214599609375,30666000
2017-06-19,MSFT,64.1747220093975,64.57524731947838,64.03817865869871,64.51152801513672,23798300
2017-06-19,^GSPC,2442.550048828125,2453.820068359375,2441.7900390625,2453.4599609375,3271480000
2017-06-20,AAPL,34.13848894224757,34.13848894224757,33.68988108624399,33.70615005493164,99600400
2017-06-20,GOOG,47.51959502424593,47.72307075535797,47.14689064032308,47.17766189575195,22520000
2017-06-20,MSFT,64.46600808125307,64.51152484420982,63.60124514413854,63.637657165527344,21512200
2017-06-20,^GSPC,2450.659912109375,2450.659912109375,2436.60009765625,2437.030029296875,3422700000
2017-06-21,AAPL,33.82469208079515,33.95253487438368,33.61317069019916,33.906044006347656,85063200
2017-06-21,GOOG,47.327037467885646,47.64763478887066,47.18410845545118,47.61537551879883,24044000
2017-06-21,MSFT,63.910732733964764,64.28395072015918,63.6649602867479,63.96534729003906,19891100
2017-06-21,^GSPC,2439.31005859375,2442.22998046875,2430.739990234375,2435.610107421875,3599190000
2017-06-22,AAPL,33.882814623906064,34.09898234368049,33.731726340538756,33.85027313232422,76425200
2017-06-22,GOOG,47.57816278332514,47.67840885758129,47.3722070041605,47.498260498046875,18828000
2017-06-22,MSFT,64.2111111046288,64.25662090868929,63.45557751944045,63.956233978271484,22965700
2017-06-22,^GSPC,2437.39990234375,2441.6201171875,2433.27001953125,2434.5,3477250000
2017-06-23,AAPL,33.734041820737275,34.20589506550318,33.72939202440925,34.001346588134766,141757600
2017-06-23,GOOG,47.48535439826307,47.94044111063055,47.354833077148434,47.92009353637695,30558000
2017-06-23,MSFT,63.801491165332095,64.8574187907672,63.646745306567894,64.82100677490234,27617300
2017-06-23,^GSPC,2434.64990234375,2441.39990234375,2431.110107421875,2438.300048828125,5282460000
2017-06-26,AAPL,34.20822036352045,34.466229101408445,33.79215400799219,33.89442825317383,102769600
2017-06-26,GOOG,48.13398653420813,48.303218973533276,47.18560182557011,47.25904846191406,31968000
2017-06-26,MSFT,64.99394131525433,65.27612566680244,64.12007404879077,64.20199584960938,19607000
2017-06-26,^GSPC,2443.320068359375,2450.419921875,2437.030029296875,2439.070068359375,3243660000
2017-06-27,AAPL,33.706138161305624,33.973446408618095,33.38304655902705,33.40861511230469,99047600
2017-06-27,GOOG,46.77220424569464,47.06153432870879,45.99751220479918,46.02133560180664,51598000
2017-06-27,MSFT,63.819676111201744,63.88339537824886,62.97311616621618,63.000423431396484,25215100
2017-06-27,^GSPC,2436.340087890625,2440.14990234375,2419.3798828125,2419.3798828125,3564770000
2017-06-28,AAPL,33.58528619780466,33.96183819158504,33.27614030230056,33.89675521850586,88329600
2017-06-28,GOOG,46.104210414593794,46.7865924197481,45.45904773156456,46.674434661865234,54428000
2017-06-28,MSFT,63.00042628862989,63.573899718062464,62.618110669008175,63.53749465942383,25806200
2017-06-28,^GSPC,2428.699951171875,2442.969970703125,2428.02001953125,2440.68994140625,3479980000
2017-06-29,AAPL,33.636419820909026,33.73404427035426,33.07158834234401,33.397003173828125,125997600
2017-06-29,GOOG,46.149865808451395,46.21636836965115,45.19204945658739,45.547882080078125,65984000
2017-06-29,MSFT,63.155168224399866,63.255299491718375,61.98090722620206,62.34502029418945,28918700
2017-06-29,^GSPC,2442.3798828125,2442.72998046875,2405.699951171875,2419.699951171875,3869560000
2017-06-30,AAPL,33.57598364779478,33.694530410775855,33.420249151153556,33.476036071777344,92096400
2017-06-30,GOOG,45.957809467703996,45.957809467703996,45.07741157977461,45.0982551574707,41804000
2017-06-30,MSFT,62.60902400538775,63.155190326064556,62.57261199135842,62.745567321777344,24161100
2017-06-30,^GSPC,2429.199951171875,2432.7099609375,2421.64990234375,2423.409912109375,3366030000
2017-07-03,AAPL,33.675935987269554,33.77356044182153,33.26219273127294,33.355167388916016,57111200
2017-07-03,GOOG,45.26947675416433,45.356819116545346,44.40644652313796,44.600494384765625,34196000
2017-07-03,MSFT,63.109684350205626,63.35545677872882,61.917213389184525,62.05375671386719,16165500
2017-07-03,^GSPC,2431.389892578125,2439.169921875,2428.68994140625,2429.010009765625,1901480000
2017-07-05,AAPL,33.39933109934542,33.65501317746531,33.17386383379753,33.492305755615234,86278400
2017-07-05,GOOG,44.75235311306236,45.38510434941178,44.59056453309868,45.24614715576172,36278000
2017-07-05,MSFT,62.135692979056955,63.20982328059528,62.09928095842549,62.88212203979492,21176300
2017-07-05,^GSPC,2430.780029296875,2434.89990234375,2422.050048828125,2432.5400390625,3368150000
2017-07-06,AAPL,33.24359906815151,33.35516937331201,33.10181040141911,33.17618942260742,96515200
2017-07-06,GOOG,44.86947540429192,45.406645302913574,44.65011992254255,44.99701690673828,28490000
2017-07-06,MSFT,62.144771526073896,62.60901596422081,62.00823517210186,62.4178581237793,21117600
2017-07-06,^GSPC,2423.43994140625,2424.280029296875,2407.699951171875,2409.75,3368710000
2017-07-07,AAPL,33.21569860923733,33.64571433900802,33.21569860923733,33.513221740722656,76806800
2017-07-07,GOOG,45.104211330756115,45.733986499354074,45.104211330756115,45.58758544921875,32756000
2017-07-07,MSFT,62.53618641411968,63.573904281803834,62.53618641411968,63.22800064086914,16878300
2017-07-07,^GSPC,2413.52001953125,2426.919921875,2413.52001953125,2425.179931640625,2929390000
2017-07-10,AAPL,33.496959755780594,33.92464890309907,33.32495271866597,33.717777252197266,84362400
2017-07-10,GOOG,45.745399285346814,46.17269449719142,45.6372095749869,46.09428024291992,23856000
2017-07-10,MSFT,63.228009593307604,63.94713119025636,62.9913349923784,63.701358795166016,15014500
2017-07-10,^GSPC,2424.510009765625,2432.0,2422.27001953125,2427.429931640625,3009880000
2017-07-11,AAPL,33.64106588649704,33.90140129701359,33.55971395244957,33.82701873779297,79127200
2017-07-11,GOOG,46.1310106896659,46.2248048976662,45.7568145092016,46.15830612182617,22264000
2017-07-11,MSFT,63.71955395673886,64.33854418725667,63.49198412117908,63.71044921875,17460000
2017-07-11,^GSPC,2427.35009765625,2429.300048828125,2412.7900390625,2425.530029296875,3108800000
2017-07-12,AAPL,33.906050232366475,33.97810612559624,33.66199086413815,33.87583541870117,99538000
2017-07-12,GOOG,46.584600533981394,46.96276471532122,46.3756687710078,46.840187072753906,30642000
2017-07-12,MSFT,64.34766778209662,64.88472941785916,64.22022919242815,64.76639556884766,17750900
2017-07-12,^GSPC,2435.75,2445.760009765625,2435.75,2443.25,3176900000
2017-07-13,AAPL,33.82004656011226,34.515043982750065,33.80610071664055,34.347686767578125,100797600
2017-07-13,GOOG,46.96227605698227,47.367239725721824,46.79949925287977,47.005455017089844,25894000
2017-07-13,MSFT,65.08496192796946,65.57651352276898,64.91200665992544,65.33073425292969,20269800
2017-07-13,^GSPC,2444.989990234375,2449.320068359375,2441.68994140625,2447.830078125,3068510000
2017-07-14,AAPL,34.394177936687996,34.710296762129296,34.24541634511304,34.642887115478516,80528400
2017-07-14,GOOG,47.245652462319704,47.489327353894744,47.047390449678595,47.443668365478516,21076000
2017-07-14,MSFT,65.75858559220178,66.69617231550131,65.5037084571162,66.25013732910156,25868100
2017-07-14,^GSPC,2449.159912109375,2463.5400390625,2446.68994140625,2459.27001953125,2738460000
2017-07-17,AAPL,34.59175991164333,35.0752325133514,34.533649848800295,34.763763427734375,95174000
2017-07-17,GOOG,47.49378849364798,47.67939668123599,47.108729407514986,47.316123962402344,23310000
2017-07-17,MSFT,66.26835522707168,66.86003138946184,66.19553119497131,66.76900482177734,21803900
2017-07-17,^GSPC,2459.5,2462.820068359375,2457.159912109375,2459.139892578125,2800580000
2017-07-18,AAPL,34.68008735403194,34.89625864807044,34.556894295456196,34.88463592529297,71475200
2017-07-18,GOOG,47.29528013717621,48.041680925509745,47.17617072825531,47.91066360473633,23080000
2017-07-18,MSFT,66.53231544648708,66.80540203390714,66.14090198666828,66.72348022460938,26435300
2017-07-18,^GSPC,2455.8798828125,2460.919921875,2450.340087890625,2460.610107421875,2974090000
2017-07-19,AAPL,34.97760300729341,35.196097379667826,34.854409975508894,35.10312271118164,83692000
2017-07-19,GOOG,48.03175202254625,48.28981861565639,47.84267180413118,48.1831169128418,24490000
2017-07-19,MSFT,66.90556744370248,67.3971193848382,66.8600506742906,67.23326873779297,22416200
2017-07-19,^GSPC,2463.85009765625,2473.830078125,2463.85009765625,2473.830078125,3063810000
2017-07-20,AAPL,35.21468838383295,35.270475305629525,34.91019230588272,34.9450569152832,68974800
2017-07-20,GOOG,48.38709114988681,48.431754339678285,47.717612804161895,48.047142028808594,32490000
2017-07-20,MSFT,67.5245087153585,67.6337447152791,66.7052560781513,67.56092071533203,42361000
2017-07-20,^GSPC,2475.56005859375,2477.6201171875,2468.429931640625,2473.449951171875,3223820000
2017-07-21,AAPL,34.863704264059535,34.96830163687555,34.60569551951031,34.92878723144531,105010400
2017-07-21,GOOG,47.75433395090197,48.29924680210186,47.65011605983089,48.28386306762695,34220000
2017-07-21,MSFT,66.86000372238755,67.62464185326564,66.60512666038788,67.16950225830078,46717100
2017-07-21,^GSPC,2467.39990234375,2472.5400390625,2465.06005859375,2472.5400390625,3066880000
2017-07-24,AAPL,35.000842323222585,35.43318119486807,34.84278115834666,35.35182571411133,85972800
2017-07-24,GOOG,48.2491199808548,48.942917642689814,48.17716136635039,48.652095794677734,64966000
2017-07-24,MSFT,66.93284748814612,67.13311008024444,66.56873431568383,66.99656677246094,21394800
2017-07-24,^GSPC,2472.0400390625,2473.10009765625,2466.320068359375,2469.909912109375,3019920000
2017-07-25,AAPL,35.28443146533073,35.75860802558907,35.28443146533073,35.502925872802734,75415600
2017-07-25,GOOG,47.3354741915687,47.62778407569378,46.91810662548244,47.18113327026367,93220000
2017-07-25,MSFT,67.17864473137429,67.64288237870414,66.90555804304135,67.53365325927734,22018700
2017-07-25,^GSPC,2477.8798828125,2481.239990234375,2474.909912109375,2477.1298828125,4116360000
2017-07-26,AAPL,35.64470045262379,35.77951262616226,35.57729081909913,35.67026901245117,63124000
2017-07-26,GOOG,47.37864943513754,47.39452917345917,46.763213024547845,47.037208557128906,41766000
2017-07-26,MSFT,67.67016386609988,67.70657587365805,67.18771691949475,67.40618896484375,16252200
2017-07-26,^GSPC,2479.969970703125,2481.68994140625,2474.93994140625,2477.830078125,3597830000
2017-07-27,AAPL,35.73768546482756,35.79347239701961,34.238446686386084,34.99620056152344,129905200
2017-07-27,GOOG,47.23473323529776,47.23473323529776,45.65756155364598,46.356815338134766,64260000
2017-07-27,MSFT,67.1422204088687,67.74300129029646,65.83141565683472,66.59605407714844,36844200
2017-07-27,^GSPC,2482.760009765625,2484.0400390625,2459.929931640625,2475.419921875,4035740000
2017-07-28,AAPL,34.84046079961032,34.919489614945064,34.6777533719341,34.74980926513672,68854800
2017-07-28,GOOG,46.12406000121661,46.84018926128604,46.02976600748313,46.726043701171875,36928000
2017-07-28,MSFT,66.14998771433198,66.73256584601158,66.03165391863678,66.4867935180664,18306700
2017-07-28,^GSPC,2469.1201171875,2473.530029296875,2464.659912109375,2472.10009765625,3302850000
2017-07-31,AAPL,34.84277822839334,34.942729340539685,34.43136170283531,34.570823669433594,79383600
2017-07-31,GOOG,46.743917997993954,46.82828432757248,45.95731423845978,46.17865753173828,39402000
2017-07-31,MSFT,66.7234956891221,66.85093427415315,65.91334742218959,66.17732238769531,23600100
2017-07-31,^GSPC,2475.93994140625,2477.9599609375,2468.530029296875,2470.300048828125,3475930000
2017-08-01,AAPL,34.65683374347769,34.91716562128409,34.49644944491631,34.87765121459961,141474400
2017-08-01,GOOG,46.271956492745254,46.5234198040954,46.11711955092044,46.19503402709961,25554000
2017-08-01,MSFT,66.54142697912597,66.83271612783952,65.98615595425309,66.06808471679688,22132300
2017-08-01,^GSPC,2477.10009765625,2478.510009765625,2471.139892578125,2476.35009765625,3470260000
2017-08-02,AAPL,37.023060271629454,37.132307406581674,36.29784826663139,36.525638580322266,279747200
2017-08-02,GOOG,46.08485292526832,46.2828687978108,45.492793114690585,46.17319107055664,36488000
2017-08-02,MSFT,66.04078396521359,66.04988176037592,65.03037311165117,65.77680206298828,26499200
2017-08-02,^GSPC,2480.3798828125,2480.3798828125,2466.47998046875,2477.570068359375,3487150000
2017-08-03,AAPL,36.50474285451318,36.54193414663406,36.0328894193446,36.16073226928711,108389200
2017-08-03,GOOG,46.17071240541818,46.26500640976916,45.76872855326852,45.83870315551758,24050000
2017-08-03,MSFT,65.71306300531819,65.94063282379359,65.4035644408542,65.67665100097656,18214400
2017-08-03,^GSPC,2476.030029296875,2476.030029296875,2468.85009765625,2472.159912109375,3662410000
2017-08-04,AAPL,36.27694315553541,36.58608549561025,36.18861474593922,36.351322174072266,82239600
2017-08-04,GOOG,45.992546313658536,46.16907115063898,45.807930155485806,46.05259323120117,21646000
2017-08-04,MSFT,65.90422628689826,66.48680451493588,65.75857825744872,66.15910339355469,22579000
2017-08-04,^GSPC,2476.8798828125,2480.0,2472.080078125,2476.830078125,3239980000
2017-08-07,AAPL,36.50704811114128,36.93938691684847,36.41639659769082,36.913818359375,87481200
2017-08-07,GOOG,46.107190211828495,46.23820753722908,45.980144714718676,46.12207794189453,20644000
2017-08-07,MSFT,66.26834134982019,66.35936789844281,65.77678965340145,65.90422821044922,18705700
2017-08-07,^GSPC,2477.139892578125,2480.949951171875,2475.8798828125,2480.909912109375,2935130000
2017-08-08,AAPL,36.865019625255286,37.61580052880393,36.78831392847075,37.20903015136719,144823600
2017-08-08,GOOG,46.00942126794548,46.44237324213131,45.935970846445734,45.99453353881836,21232000
2017-08-08,MSFT,65.62205455384476,66.56874619320767,65.3125628162035,66.2592544555664,22044600
2017-08-08,^GSPC,2478.35009765625,2490.8701171875,2470.320068359375,2474.919921875,3347480000
2017-08-09,AAPL,37.01842788168521,37.485634990292006,36.9835632676502,37.43682098388672,104526000
2017-08-09,GOOG,45.68783358825149,45.954336065452665,45.52108495789973,45.801483154296875,23842000
2017-08-09,MSFT,65.76768633535141,66.0043609227857,65.58563323417467,65.96794891357422,22213400
2017-08-09,^GSPC,2465.35009765625,2474.409912109375,2462.080078125,2474.02001953125,3310960000
2017-08-10,AAPL,37.31314608199693,37.336482808025735,36.08337824320041,36.24439239501953,163217200
2017-08-10,GOOG,45.535968791269354,45.62083490118997,44.96922038414177,45.02430725097656,36480000
2017-08-10,MSFT,65.44910205851689,65.71308396553508,64.94844552022688,65.00306701660156,24734500
2017-08-10,^GSPC,2465.3798828125,2465.3798828125,2437.75,2438.2099609375,3635820000
2017-08-11,AAPL,36.543083925509904,37.00278965434573,36.41940711122255,36.74843215942383,105028400
2017-08-11,GOOG,45.06054087063862,45.54739086054097,44.941931245779145,45.379154205322266,24136000
2017-08-11,MSFT,65.18512150201433,66.17732291405956,64.88472757281671,65.99526977539062,21443700
2017-08-11,^GSPC,2441.0400390625,2448.090087890625,2437.85009765625,2441.320068359375,3161830000
2017-08-14,AAPL,37.17780253158527,37.38548656397579,37.0447896093712,37.30147933959961,88490800
2017-08-14,GOOG,45.7831179060402,45.889221373235564,45.567734266479526,45.79006576538086,21290000
2017-08-14,MSFT,66.5049951588248,67.10578275559674,66.40486389269614,66.98744201660156,20096600
2017-08-14,^GSPC,2454.9599609375,2468.219970703125,2454.9599609375,2465.840087890625,2824320000
2017-08-15,AAPL,37.4905016903041,37.8498638189036,37.36915710788604,37.70985412597656,117862000
2017-08-15,GOOG,45.867476939196365,45.982614498386354,45.64862129789609,45.76772689819336,17668000
2017-08-15,MSFT,67.34435352367521,67.34435352367521,66.84103665992691,67.0057601928711,19181400
2017-08-15,^GSPC,2468.659912109375,2468.89990234375,2461.610107421875,2464.610107421875,2922430000
2017-08-16,AAPL,37.789187267230616,37.92219663228328,37.371483382494226,37.55816650390625,110686400
2017-08-16,GOOG,45.92009333820899,46.287833896195636,45.82852925606873,46.00297164916992,20134000
2017-08-16,MSFT,67.1155742953688,67.8110744642509,66.96000400210944,67.3992691040039,18150400
2017-08-16,^GSPC,2468.6298828125,2474.929931640625,2463.860107421875,2468.110107421875,2956570000
2017-08-17,AAPL,37.457812996260905,37.50215062228631,36.832425297720626,36.837093353271484,111762400
2017-08-17,GOOG,45.944415730114365,45.99801080380412,45.209922790527344,45.209922790527344,25544000
2017-08-17,MSFT,67.33523959104473,67.60062802054615,66.25538635253906,66.25538635253906,22977500
2017-08-17,^GSPC,2462.949951171875,2465.02001953125,2430.010009765625,2430.010009765625,3164950000
2017-08-18,AAPL,36.83710475668518,37.21980353461372,36.57108247886515,36.75309753417969,109712400
2017-08-18,GOOG,45.17665912849539,45.42306009316824,45.02003509381866,45.19452667236328,26854000
2017-08-18,MSFT,66.13638560358841,66.65800897928894,65.82524502034474,66.33771514892578,18761500
2017-08-18,^GSPC,2427.639892578125,2440.27001953125,2420.68994140625,2425.550048828125,3426970000
2017-08-21,AAPL,36.753091782762446,36.844099296178136,36.19537834194661,36.685420989990234,105474000
2017-08-21,GOOG,45.1612819715353,45.31016683321394,44.83373679036204,44.99552536010742,18868000
2017-08-21,MSFT,66.31939891943341,66.32855216424564,65.6147456883746,66.02655792236328,17734800
2017-08-21,^GSPC,2425.5,2430.580078125,2417.35009765625,2428.3701171875,2803650000
2017-08-22,AAPL,36.92343558401232,37.33647129470129,36.87443345942071,37.285133361816406,86418400
2017-08-22,GOOG,45.296275902938156,45.94838273035757,45.23448727787918,45.89031982421875,23334000
2017-08-22,MSFT,66.20962981168266,67.02409465430908,66.20962981168266,66.95088958740234,14343700
2017-08-22,^GSPC,2433.75,2454.77001953125,2433.669921875,2452.510009765625,2780990000
2017-08-23,AAPL,37.119465277743316,37.446158069827526,37.07512763581381,37.33181381225586,77596400
2017-08-23,GOOG,45.753344329484456,46.15036433866498,45.625799043721415,46.00495529174805,21804000
2017-08-23,MSFT,66.76783158743606,66.94170838524586,66.37432571683864,66.54820251464844,13766500
2017-08-23,^GSPC,2444.8798828125,2448.909912109375,2441.419921875,2444.0400390625,2796950000
2017-08-24,AAPL,37.43681297371242,37.50915538095337,36.99811183826252,37.1661262512207,79275600
2017-08-24,GOOG,46.08732943975781,46.195519143205956,45.4342307504679,45.72107696533203,25406000
2017-08-24,MSFT,66.56650422961584,66.67632226058251,65.95336926595444,66.520751953125,17098300
2017-08-24,^GSPC,2447.909912109375,2450.389892578125,2436.18994140625,2438.969970703125,2849680000
2017-08-25,AAPL,37.25479680434788,37.46714884205031,37.166125105181194,37.303802490234375,101920400
2017-08-25,GOOG,45.830758772333,45.933238746250844,45.43423480320125,45.45358657836914,21068000
2017-08-25,MSFT,66.6763231128409,67.1247345267252,66.32857648315876,66.63971710205078,12794300
2017-08-25,^GSPC,2444.719970703125,2453.9599609375,2442.219970703125,2443.050048828125,2593350000
2017-08-28,AAPL,37.36914451678862,37.80318118392024,37.32013882633084,37.67950439453125,103864000
2017-08-28,GOOG,45.45905423673293,45.62009692793118,45.254090467362445,45.35036849975586,21730000
2017-08-28,MSFT,66.85935587006192,66.8868086366606,66.39264487411677,66.64888000488281,14569700
2017-08-28,^GSPC,2447.35009765625,2449.1201171875,2439.030029296875,2444.239990234375,2682920000
2017-08-29,AAPL,37.359815915861226,38.0645393969194,37.33647919209252,38.01553726196289,118067600
2017-08-29,GOOG,44.91810507703027,45.82281854396294,44.91314123882906,45.72157669067383,23712000
2017-08-29,MSFT,66.11810571175825,66.9508768997089,65.93508260634778,66.85021209716797,11478400
2017-08-29,^GSPC,2431.93994140625,2449.18994140625,2428.199951171875,2446.300048828125,2739460000
2017-08-30,AAPL,38.22321031492611,38.244211223880185,37.94551976092305,38.118202209472656,109078400
2017-08-30,GOOG,45.660041462968834,46.19448520314443,45.64018989494472,46.13249969482422,26024000
2017-08-30,MSFT,66.8135998426541,67.91175233637212,66.64887627040807,67.72872924804688,16897800
2017-08-30,^GSPC,2446.06005859375,2460.31005859375,2443.77001953125,2457.590087890625,2637780000
2017-08-31,AAPL,38.185882613875634,38.39123438165889,38.14854528142704,38.26988983154297,107140400
2017-08-31,GOOG,46.241186637666125,46.74838039403895,46.241186637666125,46.61686706542969,31652000
2017-08-31,MSFT,67.74702347195785,68.5980940317657,67.5365476350138,68.4242172241211,27652800
2017-08-31,^GSPC,2462.64990234375,2475.010009765625,2462.64990234375,2471.64990234375,3353860000
2017-09-01,AAPL,38.4565737342076,38.48924301060967,38.18355116127232,38.281558990478516,66364400
2017-09-01,GOOG,46.706196581809024,46.77319515143556,46.40942264081455,46.51810836791992,18948000
2017-09-01,MSFT,68.36931173765286,68.39676450058461,67.39012362908501,67.66466522216797,21736200
2017-09-01,^GSPC,2474.419921875,2480.3798828125,2473.85009765625,2476.550048828125,2712780000
2017-09-05,AAPL,38.21155270980482,38.32822920662865,37.46715609035932,37.82185363769531,117874000
2017-09-05,GOOG,46.30669110410414,46.50123116537027,45.75483039936179,46.0769157409668,26528000
2017-09-05,MSFT,67.11557446675825,67.61889833668494,66.78613436684854,67.36266326904297,21556000
2017-09-05,^GSPC,2470.35009765625,2471.969970703125,2446.550048828125,2457.85009765625,3502190000
2017-09-06,AAPL,37.96885237639349,38.03419090431445,37.45780894961814,37.782169342041016,86606800
2017-09-06,GOOG,46.16128034026075,46.19924556255545,45.62133135346935,46.04515075683594,30554000
2017-09-06,MSFT,67.4816270351086,67.7561685951113,67.12472719623423,67.17048645019531,16535800
2017-09-06,^GSPC,2463.830078125,2469.639892578125,2459.199951171875,2465.5400390625,3400200000
2017-09-07,AAPL,37.82418803114955,37.85919311859263,37.42048832623305,37.6305046081543,87714000
2017-09-07,GOOG,46.23969560670115,46.471954797640095,45.837215744003174,46.449127197265625,24254000
2017-09-07,MSFT,67.42673417164606,68.26865154025279,67.35352214431941,68.03071594238281,17471200
2017-09-07,^GSPC,2468.06005859375,2468.6201171875,2460.2900390625,2465.10009765625,3365780000
2017-09-08,AAPL,37.537164689075034,37.60483549411663,36.99345175779137,37.016788482666016,114446000
2017-09-08,GOOG,46.47592635564204,46.5007379768701,45.899746215190454,45.98014450073242,20230000
2017-09-08,MSFT,68.02158025794826,68.12224506571268,67.57316175722156,67.70128631591797,14703800
2017-09-08,^GSPC,2462.25,2467.110107421875,2459.39990234375,2461.429931640625,3308360000
2017-09-11,AAPL,37.453158977969146,37.81485686403658,37.31081349612394,37.6865119934082,126323200
2017-09-11,GOOG,46.36475958601594,46.569719551063244,46.0009870743429,46.10818099975586,25340000
2017-09-11,MSFT,68.00325719898338,68.57979313613951,68.00325719898338,68.41506958007812,17910400
2017-09-11,^GSPC,2474.52001953125,2488.949951171875,2474.52001953125,2488.110107421875,3293460000
2017-09-12,AAPL,37.94552666431986,38.2605545986761,37.04945211242638,37.53715896606445,286856000
2017-09-12,GOOG,46.28237632561515,46.326543508481265,45.8491744487818,46.256568908691406,22688000
2017-09-12,MSFT,68.41507756898991,68.85433578185793,68.05817765282839,68.34186553955078,14394900
2017-09-12,^GSPC,2491.93994140625,2496.77001953125,2490.3701171875,2496.47998046875,3234280000
2017-09-13,AAPL,37.306148285420576,37.32715276453298,36.84877833424429,37.25481033325195,179629600
2017-09-13,GOOG,46.18659307893682,46.51363846990547,46.14688994415752,46.40644454956055,22052000
2017-09-13,MSFT,68.57063869253163,68.84518027514152,68.2228920721906,68.82687377929688,13380800
2017-09-13,^GSPC,2493.889892578125,2498.3701171875,2492.139892578125,2498.3701171875,3371370000
2017-09-14,AAPL,37.100794193720326,37.19646621616109,36.89077436046924,36.93511199951172,95042800
2017-09-14,GOOG,46.21587331808351,46.29130776092807,45.85607264548448,45.91115951538086,27952000
2017-09-14,MSFT,68.63470004294787,69.08311146163463,68.1954348906446,68.4242172241211,15733900
2017-09-14,^GSPC,2494.56005859375,2498.429931640625,2491.35009765625,2495.6201171875,3422470000
2017-09-15,AAPL,36.979450719846646,37.562833228128845,36.869774523434856,37.30847930908203,196458400
2017-09-15,GOOG,45.88883056417229,45.97964874668832,45.476919029280324,45.67195510864258,50108000
2017-09-15,MSFT,68.47914535485417,68.99161566455541,67.78364494748512,68.91840362548828,38578400
2017-09-15,^GSPC,2495.669921875,2500.22998046875,2493.159912109375,2500.22998046875,4862970000
2017-09-18,AAPL,37.36214811416817,37.453155639650234,36.86977315305132,37.026119232177734,113077600
2017-09-18,GOOG,45.65805492580574,45.760784796861834,45.19105656349604,45.409420013427734,26138000
2017-09-18,MSFT,68.8451714343636,69.52236507412145,68.67129465558031,68.78111267089844,23307000
2017-09-18,^GSPC,2502.510009765625,2508.320068359375,2499.919921875,2503.8701171875,3204700000
2017-09-19,AAPL,37.22212655192404,37.28280059577159,36.97244075516808,37.04011154174805,83242400
2017-09-19,GOOG,45.52951568230857,45.77765457882107,45.28782863942854,45.74738311767578,18734000
2017-09-19,MSFT,68.82687071408031,69.28443534346408,68.64384765507968,69.037353515625,16093300
2017-09-19,^GSPC,2506.2900390625,2507.840087890625,2503.18994140625,2506.64990234375,3253760000
2017-09-20,AAPL,36.84642819817065,36.930435399901846,35.896683573707314,36.419395446777344,211805600
2017-09-20,GOOG,45.80545474209022,46.34639960843758,45.75681972113934,46.23225402832031,33396000
2017-09-20,MSFT,68.95500291208292,69.13803299187923,68.00326744279307,68.57980346679688,21587900
2017-09-20,^GSPC,2506.840087890625,2508.85009765625,2496.669921875,2508.239990234375,3584570000
2017-09-21,AAPL,36.35639164690989,36.35639164690989,35.644664411338915,35.794010162353516,150046800
2017-09-21,GOOG,46.30272420475328,46.47790870799839,45.847637514199555,46.275428771972656,25812000
2017-09-21,MSFT,68.73536091405303,68.85432520720853,67.82023163225963,67.9117431640625,19186100
2017-09-21,^GSPC,2507.159912109375,2507.159912109375,2499.0,2500.60009765625,2965590000
2017-09-22,AAPL,35.36231382169076,35.53266408390223,35.1336288672463,35.44398880004883,186581600
2017-09-22,GOOG,46.04217949986454,46.388580478966745,45.979152756486876,46.08088684082031,21054000
2017-09-22,MSFT,67.71038239387568,68.18625331090973,67.58226491203092,68.09474182128906,14111400
2017-09-22,^GSPC,2497.260009765625,2503.469970703125,2496.5400390625,2502.219970703125,2877980000
2017-09-25,AAPL,35.00061334196507,35.42998195330282,34.80692994908598,35.131290435791016,177549200
2017-09-25,GOOG,45.928035255133366,45.97518225929418,45.1463991127506,45.70570373535156,37136000
2017-09-25,MSFT,67.8019333765857,67.94835743077074,66.73123366241944,67.0423812866211,24149200
2017-09-25,^GSPC,2499.389892578125,2502.5400390625,2488.030029296875,2496.659912109375,3314530000
2017-09-26,AAPL,35.41831939205828,35.917694688480516,35.39731847582978,35.735679626464844,146640000
2017-09-26,GOOG,45.842179231470105,46.194536057173885,45.71413793839541,45.89875411987305,33338000
2017-09-26,MSFT,67.41758070717471,67.54569826364504,66.7952924406546,67.0423812866211,18019600
2017-09-26,^GSPC,2501.0400390625,2503.510009765625,2495.1201171875,2496.840087890625,3070770000
2017-09-27,AAPL,35.88969211516487,36.10437644790088,35.829018056321864,35.99003219604492,102016800
2017-09-27,GOOG,46.0416807784182,47.14143036797624,46.0416807784182,46.87294387817383,44788000
2017-09-27,MSFT,67.3077788712076,67.87515470421087,66.96002518580906,67.58231353759766,19565100
2017-09-27,^GSPC,2503.300048828125,2511.75,2495.909912109375,2507.0400390625,3485070000
2017-09-28,AAPL,35.91069034092824,36.00169786169218,35.63299972199408,35.76834487915039,88022000
2017-09-28,GOOG,46.71761036695246,47.18063691371901,46.67741122681818,47.121578216552734,20406000
2017-09-28,MSFT,67.29861445904714,67.69212036596898,67.08813163269606,67.6006088256836,10883800
2017-09-28,^GSPC,2503.409912109375,2510.81005859375,2502.929931640625,2510.06005859375,3173030000
2017-09-29,AAPL,35.75201457498744,35.96669890697447,35.46965587924765,35.96436309814453,105199200
2017-09-29,GOOG,47.24565031301964,47.63205354155148,47.22133469727457,47.598506927490234,31620000
2017-09-29,MSFT,67.66466705038165,68.21374326950016,67.60975454115174,68.16798400878906,17079100
2017-09-29,^GSPC,2509.9599609375,2519.43994140625,2507.989990234375,2519.360107421875,3220260000
2017-10-02,AAPL,35.997021656039955,36.04135928239517,35.63765971097894,35.89201354980469,74795200
2017-10-02,GOOG,47.64167891063977,47.768724397414616,47.03919539312805,47.308677673339844,25668000
2017-10-02,MSFT,68.36931305249851,68.64385465086131,67.99411364874442,68.27780151367188,15304800
2017-10-02,^GSPC,2521.199951171875,2529.22998046875,2520.39990234375,2529.1201171875,3226370000
2017-10-03,AAPL,35.9387017729042,36.19072349295395,35.91536860442929,36.048377990722656,64921200
2017-10-03,GOOG,47.34490511202643,47.54341699865638,47.10371405955138,47.53299331665039,17766000
2017-10-03,MSFT,68.33270365764002,68.52487997422675,67.89344550026536,67.95750427246094,12190400
2017-10-03,^GSPC,2530.340087890625,2535.1298828125,2528.85009765625,2534.580078125,3073480000
2017-10-04,AAPL,35.850026605282906,35.9036968043932,35.5770039915245,35.81502151489258,80655200
2017-10-04,GOOG,47.49378549287015,47.66202591404066,47.18063582654868,47.229766845703125,19048000
2017-10-04,MSFT,67.80192998971106,68.37846594691132,67.45418335121714,68.35101318359375,13317700
2017-10-04,^GSPC,2533.47998046875,2540.530029296875,2531.800048828125,2537.739990234375,3020770000
2017-10-05,AAPL,35.97836441274606,36.27239147633922,35.94803094352074,36.26072311401367,85135200
2017-10-05,GOOG,47.4188533638481,48.18411370617134,47.403465842851425,48.136966705322266,24276000
2017-10-05,MSFT,68.83603756385428,69.65965545587147,68.59810195463075,69.52238464355469,21195300
2017-10-05,^GSPC,2540.860107421875,2552.510009765625,2540.02001953125,2552.070068359375,3059730000
2017-10-06,AAPL,36.16272009148967,36.28406466658974,36.0670444926476,36.23972702026367,69630400
2017-10-06,GOOG,47.97517562328337,48.60842660192808,47.80941901427693,48.58013916015625,23478000
2017-10-06,MSFT,69.2478484201971,69.5772956027006,69.12888409724799,69.54984283447266,13959800
2017-10-06,^GSPC,2547.43994140625,2549.409912109375,2543.7900390625,2549.330078125,2898270000
2017-10-09,AAPL,36.35872616660943,36.57341047456525,36.28405506677792,36.365726470947266,65051600
2017-10-09,GOOG,48.63522059727307,48.904452948693745,48.44216857845795,48.48633575439453,17828000
2017-10-09,MSFT,69.52236736643619,70.05314398515237,69.4217025945458,69.8152084350586,11386500
2017-10-09,^GSPC,2551.389892578125,2551.820068359375,2541.60009765625,2544.72998046875,2486940000
2017-10-10,AAPL,36.4170522836453,36.86975747039609,36.193035498060596,36.37971496582031,62468000
2017-10-10,GOOG,48.63523470193079,48.713149181999725,47.944416706132515,48.26799011230469,19368000
2017-10-10,MSFT,69.85181444137163,70.12634901589662,69.67793765685519,69.8152084350586,13944500
2017-10-10,^GSPC,2549.989990234375,2555.22998046875,2544.860107421875,2550.639892578125,2962610000
2017-10-11,AAPL,36.396061259237754,36.631746465717164,36.344723323460684,36.53140640258789,67622400
2017-10-11,GOOG,48.32356391904346,49.1667386795707,48.25060950559236,49.09428405761719,33866000
2017-10-11,MSFT,69.87928331158611,69.97079485752613,69.50407689678357,69.93418884277344,15388900
2017-10-11,^GSPC,2550.6201171875,2555.239990234375,2547.949951171875,2555.239990234375,2991320000
2017-10-12,AAPL,36.484735871459215,36.72275332142957,36.34005461836037,36.40306091308594,64500400
2017-10-12,GOOG,49.00495938278337,49.33597662949028,48.8833699421943,49.0238151550293,25248000
2017-10-12,MSFT,69.99824732266933,70.73035365081394,69.888436260766,70.57478332519531,16876500
2017-10-12,^GSPC,2552.8798828125,2555.330078125,2548.31005859375,2550.929931640625,3157280000
2017-10-13,AAPL,36.57341255359804,36.701757408227174,36.49874144952181,36.63408660888672,65576800
2017-10-13,GOOG,49.230764907819264,49.48932753482831,49.081883813402555,49.115631103515625,23396000
2017-10-13,MSFT,71.00486448117414,71.26110649743113,70.7303299365775,70.9133529663086,15335700
2017-10-13,^GSPC,2555.659912109375,2557.64990234375,2552.090087890625,2553.169921875,3150470000
2017-10-16,AAPL,36.84643779882987,37.33648053006061,36.78809954800165,37.30847930908203,96486000
2017-10-16,GOOG,49.2357225054001,49.325401004783345,48.83373867924345,49.23075866699219,18210000
2017-10-16,MSFT,70.84930114704746,71.20620097729635,70.78524238217923,71.05978393554688,12380100
2017-10-16,^GSPC,2555.570068359375,2559.469970703125,2552.639892578125,2557.639892578125,2918030000
2017-10-17,AAPL,37.28514141116722,37.53949532220988,37.15679655124711,37.4461555480957,75989200
2017-10-17,GOOG,49.14589850551029,49.451108320805176,49.06153218035553,49.23969650268555,25804000
2017-10-17,MSFT,70.89507175906385,71.03234255774188,70.69374218525378,71.0048828125,16824000
2017-10-17,^GSPC,2557.169921875,2559.7099609375,2554.68994140625,2559.360107421875,2901890000
2017-10-18,AAPL,37.434477966334995,37.50215231248162,37.24313040832312,37.28046417236328,65496800
2017-10-18,GOOG,49.219346900606176,49.46500200115532,48.981381773996844,49.270957946777344,21152000
2017-10-18,MSFT,71.07809888922402,71.24282246065434,70.80356425809566,71.023193359375,13300700
2017-10-18,^GSPC,2562.8701171875,2564.110107421875,2559.669921875,2561.260009765625,2999320000
2017-10-19,AAPL,36.57808599063519,36.65509291473972,36.17438626186099,36.39840316772461,170336800
2017-10-19,GOOG,48.932997751735726,49.07592677941815,48.55532950104801,48.856075286865234,26272000
2017-10-19,MSFT,70.98659708143016,71.31604426947496,70.78526746852677,71.29774475097656,15092800
2017-10-19,^GSPC,2553.389892578125,2562.360107421875,2547.919921875,2562.10009765625,3019520000
2017-10-20,AAPL,36.54541010775939,36.811432360839845,36.393732095997784,36.461402893066406,95896400
2017-10-20,GOOG,49.10371401685845,49.18113248036504,48.862522959792216,49.04217529296875,23664000
2017-10-20,MSFT,71.67291890664382,72.26775428502792,71.58140738271128,72.12133026123047,22866400
2017-10-20,^GSPC,2567.56005859375,2575.43994140625,2567.56005859375,2575.2099609375,3394450000
2017-10-23,AAPL,36.610740527331615,36.79742358082719,36.286380101647744,36.442726135253906,87937200
2017-10-23,GOOG,49.10768548447024,49.10768548447024,47.94639339519753,48.06202697753906,29568000
2017-10-23,MSFT,72.2860578582472,72.60635170094675,72.07558203956556,72.13964080810547,20627200
2017-10-23,^GSPC,2578.080078125,2578.2900390625,2564.330078125,2564.97998046875,3214470000
2017-10-24,AAPL,36.470729206157486,36.734419166187365,36.449728296248004,36.65974807739258,71028800
2017-10-24,GOOG,48.13894535692067,48.24961509143012,47.69229459119459,48.16574478149414,24244000
2017-10-24,MSFT,72.20370500978392,72.47823961766348,71.80104587330136,72.16709899902344,17517200
2017-10-24,^GSPC,2568.659912109375,2572.179931640625,2565.580078125,2569.1298828125,3435660000
2017-10-25,AAPL,36.61541381522758,36.764759567229056,36.23271510318111,36.49873733520508,84828400
2017-10-25,GOOG,48.05805576593244,48.441183830112344,47.66847963386603,48.3042106628418,24226000
2017-10-25,MSFT,71.91086698369831,72.3867311801883,71.38924352632834,71.95661926269531,20410800
2017-10-25,^GSPC,2566.52001953125,2567.39990234375,2544.0,2557.14990234375,3885470000
2017-10-26,AAPL,36.69008080198122,36.83009398660165,36.58507269385749,36.732086181640625,68002000
2017-10-26,GOOG,48.63522736704138,49.01239957821491,48.24813126523405,48.265995025634766,40842000
2017-10-26,MSFT,72.4782518932067,72.6795814955469,72.0664464206991,72.07559967041016,32120700
2017-10-26,^GSPC,2560.080078125,2567.070068359375,2559.800048828125,2560.39990234375,3891750000
2017-10-27,AAPL,37.17079306759591,38.176547360433645,37.03311566970075,38.04820251464844,177816800
2017-10-27,GOOG,50.08385683576357,52.029264832111295,50.034725820001455,50.5841064453125,103354000
2017-10-27,MSFT,77.20946048599035,78.88414177558407,76.51396027268817,76.69698333740234,71066700
2017-10-27,^GSPC,2570.260009765625,2582.97998046875,2565.93994140625,2581.070068359375,3896100000
2017-10-30,AAPL,38.24421655987855,39.21963378647606,38.204546983869406,38.904605865478516,178803200
2017-10-30,GOOG,50.322572531822665,50.86698936988566,49.99999118626432,50.47691345214844,41702000
2017-10-30,MSFT,76.59631059720316,77.17284645671461,76.05638772508851,76.77018737792969,31756700
2017-10-30,^GSPC,2577.75,2580.030029296875,2568.25,2572.830078125,3660230000
2017-10-31,AAPL,39.17995406941914,39.588321681771504,38.955937258911185,39.44597625732422,144187200
2017-10-31,GOOG,50.38311978883886,50.81885090882115,50.144904762781685,50.453590393066406,26614000
2017-10-31,MSFT,77.2003289105199,77.2003289105199,76.05641698022164,76.12047576904297,27086600
2017-10-31,^GSPC,2575.989990234375,2578.2900390625,2572.14990234375,2575.260009765625,3844420000
2017-11-01,AAPL,39.63966960093643,39.65600601867614,38.64558718728659,38.944278717041016,134551200
2017-11-01,GOOG,50.481879767040475,51.10024306170599,50.46897605822922,50.89329528808594,27468000
2017-11-01,MSFT,76.57804054116227,76.6512525803536,75.84593411301765,76.12047576904297,22307400
2017-11-01,^GSPC,2583.2099609375,2588.39990234375,2574.919921875,2579.360107421875,3841200000
2017-11-02,AAPL,38.87660785634644,39.31997709366315,38.56858021390283,39.22896957397461,165573600
2017-11-02,GOOG,50.70768634470198,51.021828039753295,50.27344323022357,50.89726257324219,20980000
2017-11-02,MSFT,76.27600853390904,77.29180238607219,76.06553275229305,76.9166030883789,23992900
2017-11-02,^GSPC,2579.4599609375,2581.110107421875,2566.169921875,2579.85009765625,4050140000
2017-11-03,AAPL,40.60342075513756,40.66409125143115,39.93136299632327,40.25339126586914,237594400
2017-11-03,GOOG,50.725047542244,51.24812474743628,50.6357173902201,51.239688873291016,21528000
2017-11-03,MSFT,76.94407976206122,77.36503843802865,76.32179150587393,76.99898529052734,17633500
2017-11-03,^GSPC,2581.929931640625,2588.419921875,2576.77001953125,2587.840087890625,3568710000
2017-11-06,AAPL,40.22304234252588,40.834429424245734,40.07136436630444,40.661746978759766,140105200
2017-11-06,GOOG,51.066492035754706,51.358302119464994,50.86847615723023,50.91313934326172,22504000
2017-11-06,MSFT,77.05388316753555,77.5114478110052,76.94407212150755,77.30097198486328,19860900
2017-11-06,^GSPC,2587.469970703125,2593.3798828125,2585.659912109375,2591.1298828125,3541970000
2017-11-07,AAPL,40.582410840276715,40.89510292677911,40.51007199824681,40.79242706298828,97446000
2017-11-07,GOOG,50.98113365306507,51.313642691839355,50.87493173743657,51.28187942504883,22246000
2017-11-07,MSFT,77.57551513336247,77.69448642218411,76.80680979889868,77.11795043945312,17939700
2017-11-07,^GSPC,2592.110107421875,2597.02001953125,2584.35009765625,2590.639892578125,3815190000
2017-11-08,AAPL,40.75743858759867,41.126136779785156,40.680431665114995,41.126136779785156,97638000
2017-11-08,GOOG,51.14242691497149,51.78768809023297,51.039697034633534,51.60545349121094,21774000
2017-11-08,MSFT,76.99898626035264,77.42909819044282,76.71529838386044,77.38333892822266,18034200
2017-11-08,^GSPC,2588.7099609375,2595.469970703125,2585.02001953125,2594.3798828125,3898450000
2017-11-09,AAPL,40.86243530363712,41.09345600647338,40.40272970630695,41.042118072509766,117930400
2017-11-09,GOOG,51.31463478412583,51.31463478412583,50.603764618087496,51.17914962768555,24904000
2017-11-09,MSFT,76.97154594151932,77.11796303690876,75.86424003920287,76.95323944091797,21178400
2017-11-09,^GSPC,2584.0,2586.5,2566.330078125,2584.6201171875,3844100000
2017-11-10,AAPL,41.00932930372865,41.07256209502651,40.81260903467254,40.90628433227539,100582000
2017-11-10,GOOG,50.94093738512943,51.15433322304356,50.88237469128597,51.020835876464844,14400000
2017-11-10,MSFT,76.67868769690155,76.96237555610297,76.16621750430986,76.75189971923828,19397800
2017-11-10,^GSPC,2580.179931640625,2583.81005859375,2575.570068359375,2582.300048828125,3489740000
2017-11-13,AAPL,40.632296307402896,40.866488216955645,40.60887568705364,40.742366790771484,67928400
2017-11-13,GOOG,50.790067072740285,51.19502693449379,50.7478839115701,50.905696868896484,17716000
2017-11-13,MSFT,76.55973421811812,76.81596935063074,76.37670413640646,76.80681610107422,14196900
2017-11-13,^GSPC,2576.530029296875,2587.659912109375,2574.47998046875,2584.840087890625,3405200000
2017-11-14,AAPL,40.52455593969533,40.62760092491378,40.088958958034446,40.12643051147461,99130000
2017-11-14,GOOG,50.74887362217646,50.95830140288808,50.33001427445403,50.9181022644043,19184000
2017-11-14,MSFT,76.41327929428694,76.9623553539176,75.93741523777526,76.9166030883789,18801300
2017-11-14,^GSPC,2577.75,2579.659912109375,2566.56005859375,2578.8701171875,3643580000
2017-11-15,AAPL,39.8055871182063,39.887555691162326,39.43322295223002,39.5971565246582,116632400
2017-11-15,GOOG,50.58113434218829,50.823317421755874,50.39304612461565,50.665504455566406,17080000
2017-11-15,MSFT,76.76945759870904,76.97179824969065,76.05207312118942,76.31879425048828,19383100
2017-11-15,^GSPC,2569.449951171875,2572.840087890625,2557.449951171875,2564.6201171875,3586590000
2017-11-16,AAPL,40.088953147786754,40.25054607177867,39.88286678070278,40.070220947265625,94550000
2017-11-16,GOOG,50.74539870361191,51.41041294602197,50.74539870361191,51.240684509277344,22594000
2017-11-16,MSFT,76.42914706628461,76.72345878934082,76.281994713229,76.5211181640625,20962800
2017-11-16,^GSPC,2572.949951171875,2590.090087890625,2572.949951171875,2585.639892578125,3329730000
2017-11-17,AAPL,40.056170768140326,40.13813934158887,39.72830362131391,39.847740173339844,87598000
2017-11-17,GOOG,51.315624950448694,51.33597252344548,50.50867746258223,50.57517623901367,27942000
2017-11-17,MSFT,76.44756554846322,76.44756554846322,75.63820283505135,75.78536224365234,22079000
2017-11-17,^GSPC,2582.93994140625,2583.9599609375,2577.6201171875,2578.85009765625,3309800000
2017-11-20,AAPL,39.88054418163759,39.94377700647549,39.70958506476446,39.807945251464844,65049600
2017-11-20,GOOG,50.633241868332846,50.74986746013537,50.49626870395884,50.539939880371094,19070000
2017-11-20,MSFT,75.78536834833692,75.96011138894303,75.64740814589717,75.9049301147461,16315000
2017-11-20,^GSPC,2579.489990234375,2584.639892578125,2578.239990234375,2582.139892578125,3023940000
2017-11-21,AAPL,39.99528829198253,40.67912814099176,39.99528829198253,40.54798126220703,100525200
2017-11-21,GOOG,50.78461025282761,51.37021827821555,50.752104870886285,51.339447021484375,21940000
2017-11-21,MSFT,76.09804838597782,77.10974453378282,76.09804838597782,76.99938201904297,21237500
2017-11-21,^GSPC,2589.169921875,2601.18994140625,2589.169921875,2599.030029296875,3351230000
2017-11-22,AAPL,40.599500431570824,40.983574933724654,40.526901527731404,40.97420883178711,102355600
2017-11-22,GOOG,51.3647639086249,51.59831046454754,51.18759157323876,51.41240692138672,14926000
2017-11-22,MSFT,77.10057308541384,77.16495357532041,76.37398926107,76.43836975097656,20553100
2017-11-22,^GSPC,2600.31005859375,2600.93994140625,2595.22998046875,2597.080078125,2764110000
2017-11-24,AAPL,41.00699332445372,41.10066863268449,40.901604135839165,40.97654724121094,56106800
2017-11-24,GOOG,51.407930382493554,51.77061242442869,51.364755211029625,51.643165588378906,10740000
2017-11-24,MSFT,76.34637033638742,76.73265313269768,76.13483050967778,76.57630157470703,7425600
2017-11-24,^GSPC,2600.419921875,2604.2099609375,2600.419921875,2602.419921875,1385890000
2017-11-27,AAPL,40.995287805019544,41.00231327528309,40.594818132575305,40.77046203613281,82867200
2017-11-27,GOOG,51.61289794040864,52.38014233808192,51.53547947191954,52.31810760498047,26158000
2017-11-27,MSFT,76.62229354820411,77.23851467968701,76.6131013496794,77.13734436035156,18265200
2017-11-27,^GSPC,2602.659912109375,2606.409912109375,2598.8701171875,2601.419921875,3017720000
2017-11-28,AAPL,40.819644513635296,40.953132024129054,40.24821576706764,40.53158950805664,105715200
2017-11-28,GOOG,52.36177680574575,52.723315372195174,51.612892257425585,51.98063278198242,28488000
2017-11-28,MSFT,77.32128623140972,78.23181208451877,77.27529717120458,78.0662612915039,21926000
2017-11-28,^GSPC,2605.93994140625,2627.68994140625,2605.43994140625,2627.0400390625,3493340000
2017-11-29,AAPL,40.42854440832334,40.49645847954459,39.147514569884194,39.69083786010742,166665600
2017-11-29,GOOG,51.745895331690754,51.815373924549085,50.404458698012355,50.702720642089844,49188000
2017-11-29,MSFT,77.9099207630505,78.10306221280146,76.50274233133176,76.64989471435547,27381100
2017-11-29,^GSPC,2627.820068359375,2634.889892578125,2620.320068359375,2626.070068359375,4090630000
2017-11-30,AAPL,39.913324478646445,40.31379420677162,39.44728487677281,40.245880126953125,166108800
2017-11-30,GOOG,50.737950616759655,51.04167237259529,50.372194139077855,50.6903076171875,34480000
2017-11-30,MSFT,76.80627676345085,77.73519444561136,76.64991809904343,77.41329193115234,33054600
2017-11-30,^GSPC,2633.929931640625,2657.739990234375,2633.929931640625,2647.580078125,4965700000
2017-12-01,AAPL,39.80091256685432,40.203722919483724,39.461335027604534,40.05852508544922,159037200
2017-12-01,GOOG,50.411905886620595,50.74391513859295,49.728035813936025,50.13249969482422,38192000
2017-12-01,MSFT,76.8890335379871,78.00190030694705,76.53954045071819,77.49605560302734,29532100
2017-12-01,^GSPC,2645.10009765625,2650.6201171875,2605.52001953125,2642.219970703125,3950930000
2017-12-04,AAPL,40.393413917253795,40.4262006370724,39.72596921234276,39.76578140258789,130169600
2017-12-04,GOOG,50.25606880836923,50.42678925572848,49.40793020140598,49.56227111816406,38128000
2017-12-04,MSFT,77.64321421292556,77.65241343139007,74.22183470669327,74.57133483886719,39094900
2017-12-04,^GSPC,2657.18994140625,2665.18994140625,2639.030029296875,2639.43994140625,4025840000
2017-12-05,AAPL,39.5924741130353,40.16858764399004,39.43790663235427,39.72830581665039,109400800
2017-12-05,GOOG,49.42629493235906,50.65060997267496,49.04614669122781,49.883365631103516,41346000
2017-12-05,MSFT,74.8104434587519,76.04287886006003,74.47934884650778,75.04037475585938,26152300
2017-12-05,^GSPC,2639.780029296875,2648.719970703125,2627.72998046875,2629.570068359375,3547570000
2017-12-06,AAPL,39.227136350163626,39.85945365424555,38.98357838933744,39.58076477050781,114240000
2017-12-06,GOOG,49.70222494105818,50.866989057149446,49.684357394544435,50.539939880371094,25440000
2017-12-06,MSFT,75.00359150240826,76.46595117567259,74.89322195431525,76.13484954833984,26162100
2017-12-06,^GSPC,2626.239990234375,2634.409912109375,2624.75,2629.27001953125,3253080000
2017-12-07,AAPL,39.58545225881169,39.9156636594759,39.557350377388154,39.65336990356445,102693200
2017-12-07,GOOG,50.6416761036231,51.32703790851499,50.52460373229066,51.16276931762695,29164000
2017-12-07,MSFT,75.9140997119229,76.15323016838258,75.41744738709647,75.86811065673828,23184500
2017-12-07,^GSPC,2628.3798828125,2640.989990234375,2626.530029296875,2636.97998046875,3297060000
2017-12-08,AAPL,39.92737070272112,40.046807262488294,39.53627073312778,39.66507339477539,93420800
2017-12-08,GOOG,51.48833110329023,51.71463443974025,51.24177863696796,51.466495513916016,25816000
2017-12-08,MSFT,76.91660779461333,77.79035085214026,76.64069447403561,77.40406799316406,24489100
2017-12-08,^GSPC,2646.2099609375,2651.64990234375,2644.10009765625,2651.5,3126750000
2017-12-11,AAPL,39.62526960588429,40.489438306973696,39.52925006721105,40.43791580200195,141095200
2017-12-11,GOOG,51.38957370928652,51.801481453829766,51.21835724247237,51.66748809814453,23856000
2017-12-11,MSFT,77.52363209621443,78.516936921277,77.3672805080877,78.38817596435547,22857900
2017-12-11,^GSPC,2652.18994140625,2660.330078125,2651.469970703125,2659.989990234375,3141480000
2017-12-12,AAPL,40.31612092676802,40.37232825077936,40.15453157051721,40.21073532104492,77636800
2017-12-12,GOOG,51.594527961705865,52.12455304909128,51.29974185459812,51.63671112060547,25590000
2017-12-12,MSFT,78.46175327839957,79.14235496742693,78.25022041536248,78.7100830078125,23924100
2017-12-12,^GSPC,2661.72998046875,2669.719970703125,2659.780029296875,2664.110107421875,3568910000
2017-12-13,AAPL,40.39809759610526,40.64165556869939,40.28100166104409,40.344234466552734,95273600
2017-12-13,GOOG,51.916615913582454,51.9436614498244,51.53249584473959,51.643165588378906,25654000
2017-12-13,MSFT,78.85725037334903,79.09638093160854,78.33300719901511,78.4985580444336,22062700
2017-12-13,^GSPC,2667.590087890625,2671.8798828125,2662.85009765625,2662.85009765625,3568360000
2017-12-14,AAPL,40.374676166447735,40.54563880110214,40.199032267393896,40.332523345947266,81906000
2017-12-14,GOOG,51.861030341668744,52.53100461753095,51.76723235280239,52.066986083984375,31174000
2017-12-14,MSFT,78.57213530753437,78.9768166985951,77.74438110624988,77.89154052734375,19306000
2017-12-14,^GSPC,2665.8701171875,2668.090087890625,2652.010009765625,2652.010009765625,3442760000
2017-12-15,AAPL,40.66274239915993,40.78920445798504,40.3887382938014,40.742366790771484,160677200
2017-12-15,GOOG,52.33795080046882,52.98360944119718,52.084352064572585,52.813385009765625,65518000
2017-12-15,MSFT,78.41577591785993,80.09886777398113,78.06627583585541,79.87813568115234,53936700
2017-12-15,^GSPC,2660.6298828125,2679.6298828125,2659.139892578125,2675.81005859375,5736910000
2017-12-18,AAPL,40.9554587571288,41.498781816939115,40.95077392105341,41.31611251831055,117684400
2017-12-18,GOOG,52.907181494737635,53.52306087618861,52.704697801381954,53.45606231689453,31092000
2017-12-18,MSFT,80.12647122478222,80.47596431513551,79.30791626338976,79.44586944580078,22283800
2017-12-18,^GSPC,2685.919921875,2694.969970703125,2685.919921875,2690.159912109375,3727770000
2017-12-19,AAPL,40.990598338583446,41.074907545710694,40.77045743255763,40.8758430480957,109745600
2017-12-19,GOOG,53.3597906783683,53.44118096955348,52.78163033768194,53.135475158691406,26774000
2017-12-19,MSFT,79.41824870261193,79.41824870261193,78.4249440641216,78.93999481201172,23524800
2017-12-19,^GSPC,2692.7099609375,2694.43994140625,2680.739990234375,2681.469970703125,3407680000
2017-12-20,AAPL,40.95313325429273,41.08193950406594,40.57374354903755,40.831356048583984,93902400
2017-12-20,GOOG,53.1900694796505,53.26947196882836,52.68088790773504,52.851112365722656,25372000
2017-12-20,MSFT,79.28031304231666,79.37229118006093,77.90992439667716,78.65489959716797,23674900
2017-12-20,^GSPC,2688.179931640625,2691.010009765625,2676.110107421875,2679.25,3246230000
2017-12-21,AAPL,40.789203425680576,41.222459876782175,40.772811850638895,40.985923767089844,83799600
2017-12-21,GOOG,52.85111312642187,53.068480804015806,52.69448526808906,52.78560256958008,19914000
2017-12-21,MSFT,79.14234911864868,79.18833116432774,78.5445263892547,78.6364974975586,17990700
2017-12-21,^GSPC,2683.02001953125,2692.639892578125,2682.39990234375,2684.570068359375,3293130000
2017-12-22,AAPL,40.90864001007516,41.081943305212775,40.86648718269526,40.985923767089844,65397600
2017-12-22,GOOG,52.66053925641192,52.813888173888905,52.577660945884936,52.61140823364258,15102000
2017-12-22,MSFT,78.54453584036617,78.75606871322388,78.10306464366201,78.64570617675781,14145800
2017-12-22,^GSPC,2684.219970703125,2685.35009765625,2678.1298828125,2683.340087890625,2401030000
2017-12-26,AAPL,39.99997290231888,40.15688102950606,39.73767557275851,39.946109771728516,132742000
2017-12-26,GOOG,52.50966350095437,52.61140135616702,52.11909160975203,52.443660736083984,15212000
2017-12-26,MSFT,78.46174623845859,78.6640868836931,78.20422433250401,78.54452514648438,9891200
2017-12-26,^GSPC,2679.090087890625,2682.739990234375,2677.9599609375,2680.5,1970660000
2017-12-27,AAPL,39.836044306768564,39.99529308624371,39.744709607131966,39.95314025878906,85992800
2017-12-27,GOOG,52.47592337163276,52.52455838943571,52.01240079362924,52.07790756225586,25438000
2017-12-27,MSFT,78.7744467367871,79.07795766732228,78.37896471071105,78.82962799072266,14678000
2017-12-27,^GSPC,2682.10009765625,2685.639892578125,2678.909912109375,2682.6201171875,2202900000
2017-12-28,AAPL,40.046812163577286,40.24587669436901,39.925031383322896,40.065547943115234,65920800
2017-12-28,GOOG,52.18857723508629,52.344902173302785,51.849616364983,52.01686477661133,16742000
2017-12-28,MSFT,79.00438746854765,79.03197809882766,78.68248508703799,78.83883666992188,10594300
2017-12-28,^GSPC,2686.10009765625,2687.659912109375,2682.68994140625,2687.5400390625,2174890000
2017-12-29,AAPL,39.93441093679521,39.95080251451719,39.629960697601966,39.632301330566406,103999600
2017-12-29,GOOG,51.946391214026214,52.09428406610581,51.85606904335651,51.930511474609375,17750000
2017-12-29,MSFT,78.75607360426734,79.1423635567285,78.636511843355,78.67330169677734,18717400
2017-12-29,^GSPC,2689.14990234375,2692.1201171875,2673.610107421875,2673.610107421875,2447760000
2018-01-02,AAPL,39.850091435107856,40.35126191884801,39.63931659755379,40.34189224243164,102223600
2018-01-02,GOOG,52.02678907009557,52.9498661229892,51.87244815150404,52.85358810424805,24752000
2018-01-02,MSFT,79.21594299691317,79.38149384294742,78.63651854426709,79.0503921508789,22483800
2018-01-02,^GSPC,2683.72998046875,2695.889892578125,2682.360107421875,2695.81005859375,3397430000
2018-01-03,AAPL,40.40512002581769,40.87818856844172,40.27163252810483,40.334861755371094,118071600
2018-01-03,GOOG,52.819347085920995,53.910164817581695,52.76475622018498,53.72108459472656,28604000
2018-01-03,MSFT,79.15155276127561,79.56543333390027,79.06878085691875,79.41827392578125,26061400
2018-01-03,^GSPC,2697.85009765625,2714.3701171875,2697.77001953125,2713.06005859375,3544030000
2018-01-04,AAPL,40.40746530419806,40.62526561027816,40.299739040812426,40.522220611572266,89738400
2018-01-04,GOOG,53.995025160446055,54.271451496181804,53.796611730616576,53.915618896484375,20092000
2018-01-04,MSFT,79.63901033797488,80.62312314498602,79.62061891943647,80.11727142333984,21912000
2018-01-04,^GSPC,2719.31005859375,2729.2900390625,2719.070068359375,2723.989990234375,3697340000
2018-01-05,AAPL,40.618231417181505,41.07021993214265,40.52689674675764,40.98357009887695,94640000
2018-01-05,GOOG,54.29279721142535,54.80148276178872,54.193539370259614,54.70123291015625,25582000
2018-01-05,MSFT,80.62311955051327,81.3129134945788,80.41157965354323,81.1105728149414,23407100
2018-01-05,^GSPC,2731.330078125,2743.449951171875,2727.919921875,2743.14990234375,3239280000
2018-01-08,AAPL,40.831356048583984,41.126436533395285,40.73299231349569,40.831356048583984,82271200
2018-01-08,GOOG,54.70123129291965,55.149866120086365,54.67095982938128,54.93497848510742,20952000
2018-01-08,MSFT,81.11976441199062,81.4692644985637,80.5679306642319,81.19334411621094,22113000
2018-01-08,^GSPC,2742.669921875,2748.510009765625,2737.60009765625,2747.7099609375,3246160000
2018-01-09,AAPL,40.87819028123188,40.997626844556606,40.61121170113573,40.82666778564453,86336000
2018-01-09,GOOG,55.0570625781523,55.115125477717996,54.651652154598466,54.90122985839844,18050000
2018-01-09,MSFT,81.53365816729485,81.607237883411,80.80707425878073,81.13817596435547,19484300
2018-01-09,^GSPC,2751.14990234375,2759.139892578125,2747.860107421875,2751.2900390625,3467460000
2018-01-10,AAPL,40.552672089595646,40.81965072469063,40.51520052627022,40.81730651855469,95839600
2018-01-10,GOOG,54.44664243634598,54.81885082362177,54.39751141387192,54.7200927734375,20856000
2018-01-10,MSFT,80.80707641910021,81.11058749348254,80.39320278454115,80.7702865600586,18652200
2018-01-10,^GSPC,2745.550048828125,2750.800048828125,2736.06005859375,2748.22998046875,3579900000
2018-01-11,AAPL,40.88756700493174,41.098341879856854,40.86414995670794,41.04916000366211,74670800
2018-01-11,GOOG,54.90320928749849,54.914375083161936,54.570208079358615,54.864501953125,19566000
2018-01-11,MSFT,81.05538909881966,81.05538909881966,80.23683413372385,81.00940704345703,17808900
2018-01-11,^GSPC,2752.969970703125,2767.56005859375,2752.780029296875,2767.56005859375,3645690000
2018-01-12,AAPL,41.25991466856103,41.53626288466178,41.1357932852183,41.47303009033203,101672400
2018-01-12,GOOG,54.71016256405904,55.79602020579302,54.64763183050428,55.695274353027344,34410000
2018-01-12,MSFT,81.55204195658102,82.57293761708104,81.34970126466969,82.40738677978516,24271500
2018-01-12,^GSPC,2770.179931640625,2787.85009765625,2769.639892578125,2786.239990234375,3587220000
2018-01-16,AAPL,41.662741885023756,42.01168913853004,41.25056538489396,41.26227569580078,118263600
2018-01-16,GOOG,56.20396071916962,56.57120525625367,55.4755259377319,55.67046356201172,31506000
2018-01-16,MSFT,82.86724006569965,83.50185270639079,80.94501774381847,81.25772094726562,36599700
2018-01-16,^GSPC,2798.9599609375,2807.5400390625,2768.639892578125,2776.419921875,4362880000
2018-01-17,AAPL,41.252894884198874,41.97889108266515,40.99997081899453,41.943763732910156,137547200
2018-01-17,GOOG,55.89180383174745,56.20842933665583,55.43472933517314,56.17765808105469,24052000
2018-01-17,MSFT,81.92910075024031,83.03276789046977,81.62558983074662,82.90400695800781,25621200
2018-01-17,^GSPC,2784.989990234375,2807.0400390625,2778.3798828125,2802.56005859375,3790340000
2018-01-18,AAPL,42.006992937085954,42.17795556841482,41.7446991964493,41.981231689453125,124773600
2018-01-18,GOOG,56.14936800523843,56.203958868097494,55.45904613623243,56.0689697265625,23964000
2018-01-18,MSFT,82.59132754997243,83.39148400040257,82.46256658054813,82.86724090576172,24159700
2018-01-18,^GSPC,2802.39990234375,2805.830078125,2792.56005859375,2798.030029296875,3703300000
2018-01-19,AAPL,41.82900781187855,42.056174199536976,41.54797829756957,41.793880462646484,129700400
2018-01-19,GOOG,56.17021644247376,56.46947420368151,55.99503193274338,56.45210266113281,35564000
2018-01-19,MSFT,82.90403716345706,83.33630917290769,82.462572953299,82.77527618408203,36875000
2018-01-19,^GSPC,2802.60009765625,2810.330078125,2798.080078125,2810.300048828125,3724230000
2018-01-22,AAPL,41.52221597276173,41.63462706087131,41.35828239145941,41.45195770263672,108434400
2018-01-22,GOOG,56.451105393016405,57.56227063210888,56.33299178810452,57.360286712646484,32360000
2018-01-22,MSFT,82.77525407857385,84.26521117808846,82.53612360204664,84.25601196289062,23601600
2018-01-22,^GSPC,2809.159912109375,2833.030029296875,2808.1201171875,2832.969970703125,3489480000
2018-01-23,AAPL,41.5222149513268,42.023385358113266,41.409803865982504,41.46132278442383,130756400
2018-01-23,GOOG,57.56078511383782,58.14524964937371,57.50619424897152,58.063018798828125,26662000
2018-01-23,MSFT,84.52275848388672,84.890650016027,84.19165680665522,84.52275848388672,23412800
2018-01-23,^GSPC,2835.050048828125,2842.239990234375,2830.590087890625,2839.1298828125,3541140000
2018-01-24,AAPL,41.51051208336333,41.52222239244202,40.5620342237433,40.80091094970703,204420400
2018-01-24,GOOG,58.428278935273944,58.5538364091276,57.62033944134248,57.77865219116211,28332000
2018-01-24,MSFT,85.120552429791,85.92990791199175,84.22841804792992,84.44915008544922,33277500
2018-01-24,^GSPC,2845.419921875,2852.969970703125,2824.81005859375,2837.5400390625,4079270000
2018-01-25,AAPL,40.86881783456247,40.97186281875041,39.93673528633479,40.072566986083984,166116000
2018-01-25,GOOG,58.19006440615728,58.35929684484292,57.70520226187664,58.08287048339844,29610000
2018-01-25,MSFT,85.04699675512492,85.75518212486476,84.55034426778468,84.9182357788086,26383200
2018-01-25,^GSPC,2846.239990234375,2848.56005859375,2830.93994140625,2839.25,3873100000
2018-01-26,AAPL,40.28099597876492,40.28099597876492,39.82666324306097,40.16624069213867,156572000
2018-01-26,GOOG,58.31662045463613,58.35433578491211,57.474433835492825,58.35433578491211,40376000
2018-01-26,MSFT,85.64481668553067,86.50935363769531,85.14816421499522,86.50935363769531,29172200
2018-01-26,^GSPC,2847.47998046875,2872.8701171875,2846.179931640625,2872.8701171875,3474680000
2018-01-29,AAPL,39.850086936789836,39.850086936789836,39.126434961888506,39.33486557006836,202561600
2018-01-29,GOOG,58.386097639315864,58.90272306149275,58.16277033564805,58.3414306640625,27578000
2018-01-29,MSFT,87.50265052657227,87.7877630786822,86.19664249290906,86.38058471679688,31569900
2018-01-29,^GSPC,2867.22998046875,2870.6201171875,2851.47998046875,2853.530029296875,3587420000
2018-01-30,AAPL,38.765786606632325,39.196698863731754,38.571406892362646,39.103023529052734,184192800
2018-01-30,GOOG,57.95681782846756,58.38808493883361,57.742922184854635,57.75136184692383,31126000
2018-01-30,MSFT,85.81036184490877,86.14146347007718,84.70668742203196,85.2953109741211,38635100
2018-01-30,^GSPC,2832.739990234375,2837.75,2818.27001953125,2822.429931640625,4012070000
2018-01-31,AAPL,39.07959227348799,39.44727518768578,38.99294243381661,39.21073913574219,129915600
2018-01-31,GOOG,58.092794541260176,58.21339196429759,57.525054087435535,58.06153106689453,30774000
2018-01-31,MSFT,86.22423152180521,87.74177939997817,86.00349945385425,87.38308715820312,48756300
2018-01-31,^GSPC,2832.409912109375,2839.260009765625,2813.0400390625,2823.81005859375,4276270000
2018-02-01,AAPL,39.14985977700904,39.489437319765265,39.053840239679026,39.29271697998047,188923200
2018-02-01,GOOG,57.69775638775925,58.263016794147,57.445149644736794,57.95035934448242,48242000
2018-02-01,MSFT,87.18072855076174,88.35797535997564,86.06786220714721,86.69327545166016,47227900
2018-02-01,^GSPC,2816.449951171875,2835.9599609375,2812.699951171875,2821.97998046875,3977380000
2018-02-02,AAPL,38.87585054676852,39.063204758076324,37.49411993865664,37.58779525756836,346375200
2018-02-02,GOOG,55.682367304360355,55.73547014937958,54.95174788287801,55.181129455566406,97158000
2018-02-02,MSFT,86.12308916225358,86.42660023983663,84.15487729293318,84.41239929199219,47867800
2018-02-02,^GSPC,2808.919921875,2808.919921875,2759.969970703125,2762.1298828125,4340220000
2018-02-05,AAPL,37.259926352819406,38.37936315766333,36.533930157475886,36.648685455322266,290954000
2018-02-05,GOOG,54.12405541933101,55.08683555872994,52.20991461866918,52.397010803222656,75966000
2018-02-05,MSFT,83.29030806286028,85.7551717669723,80.9358139038086,80.9358139038086,51031500
2018-02-05,^GSPC,2741.06005859375,2763.389892578125,2638.169921875,2648.93994140625,5310840000
2018-02-06,AAPL,36.259921731587134,38.341886972498564,36.065542082454556,38.180294036865234,272975200
2018-02-06,GOOG,50.976667118187514,53.68286778353816,50.77601975677535,53.62778091430664,68960000
2018-02-06,MSFT,79.9149152254343,84.13645718085638,78.40656658791396,83.99849700927734,67998600
2018-02-06,^GSPC,2614.780029296875,2701.0400390625,2593.070068359375,2695.139892578125,5917350000
2018-02-07,AAPL,38.19434247833096,38.26694136965625,37.25289394932858,37.36296081542969,206434400
2018-02-07,GOOG,53.67443453937646,53.68634623771288,52.022820391908624,52.03870391845703,47384000
2018-02-07,MSFT,83.22590507669037,84.40315183786743,82.03945910167606,82.41654968261719,41107600
2018-02-07,^GSPC,2690.949951171875,2727.669921875,2681.330078125,2681.659912109375,4646300000
2018-02-08,AAPL,37.538611584893964,37.70488937746302,36.30676369044482,36.33486557006836,217562000
2018-02-08,GOOG,52.37765770045382,52.536962456967466,49.660537387087615,49.703216552734375,57182000
2018-02-08,MSFT,82.50852607816925,82.66487763874008,77.95589029108909,78.18582153320312,55628700
2018-02-08,^GSPC,2685.010009765625,2685.27001953125,2580.56005859375,2581.0,5333840000
2018-02-09,AAPL,36.93449073015276,37.12730914186198,35.32843847604352,36.779293060302734,282690400
2018-02-09,GOOG,50.483860811368885,51.80991748741445,49.258549987379055,51.50271987915039,70118000
2018-02-09,MSFT,79.37227591037656,81.79115030504637,77.1005538772842,81.10135650634766,63499100
2018-02-09,^GSPC,2601.780029296875,2638.669921875,2532.68994140625,2619.550048828125,5690110000
2018-02-12,AAPL,37.270750161088955,38.53819066973254,37.037953647563256,38.260719299316406,243278000
2018-02-12,GOOG,52.00991608653701,52.67989037385945,51.658945080736665,52.205448150634766,41154000
2018-02-12,MSFT,81.61640541976973,82.57292038936572,80.87143031584084,81.97509765625,35720300
2018-02-12,^GSPC,2636.75,2672.610107421875,2622.449951171875,2656.0,4069220000
2018-02-13,AAPL,38.082011914297254,38.74042347086671,38.011467178226546,38.644012451171875,130196800
2018-02-13,GOOG,51.86103354330303,52.5245560063745,51.81572289856643,52.2133903503418,25302000
2018-02-13,MSFT,81.79115015347594,82.77525569045127,80.7518633581295,82.61890411376953,26407700
2018-02-13,^GSPC,2646.27001953125,2668.840087890625,2637.080078125,2662.93994140625,3503540000
2018-02-14,AAPL,38.33831316239398,39.39647322333067,38.300692420481404,39.35649871826172,162579600
2018-02-14,GOOG,52.057062785079864,53.18708764800204,51.94788483988162,53.08684158325195,31116000
2018-02-14,MSFT,81.78728165325253,84.07891089482584,81.69487849914066,83.91258239746094,34960900
2018-02-14,^GSPC,2651.2099609375,2702.10009765625,2648.8701171875,2698.6298828125,4011940000
2018-02-15,AAPL,39.925548323114,40.70153298957986,39.73978404743447,40.67802047729492,204588800
2018-02-15,GOOG,53.551851866182716,54.167685898819904,52.820834818034385,54.070465087890625,36868000
2018-02-15,MSFT,84.28219993700782,85.67751079358638,83.73701640656893,85.6220703125,27823900
2018-02-15,^GSPC,2713.4599609375,2731.510009765625,2689.820068359375,2731.199951171875,3696140000
2018-02-16,AAPL,40.5298939797605,41.10835656359358,40.391158258372265,40.54635238647461,160704400
2018-02-16,GOOG,54.01537515079228,54.8223226022631,54.010558978167694,54.332496643066406,33590000
2018-02-16,MSFT,85.42802478915647,86.39827562415081,84.82740070549366,85.01220703125,30596900
2018-02-16,^GSPC,2727.139892578125,2754.419921875,2725.110107421875,2732.219970703125,3646920000
2018-02-20,AAPL,40.45699032267764,40.97666251869846,40.30884675397618,40.40996170043945,135722000
2018-02-20,GOOG,54.12257066299627,55.282866951989995,54.0208327996035,54.712646484375,28462000
2018-02-20,MSFT,84.53169097217695,85.99167759976208,84.09738843077885,85.67750549316406,30911700
2018-02-20,^GSPC,2722.989990234375,2737.60009765625,2706.760009765625,2716.260009765625,3646920000
2018-02-21,AAPL,40.64040028293785,40.943737915034774,40.21243161204451,40.22654342651367,149886400
2018-02-21,GOOG,54.91165613318555,56.27642020301784,54.90470827366589,55.153343200683594,30258000
2018-02-21,MSFT,85.91776474979562,86.26889954702081,84.54093170166016,84.54093170166016,26922500
2018-02-21,^GSPC,2720.530029296875,2747.75,2701.2900390625,2701.330078125,3789040000
2018-02-22,AAPL,40.39819940650478,40.903763321580946,40.37703706692749,40.562801361083984,123967600
2018-02-22,GOOG,55.394036046654044,55.72306545709481,54.7190979034279,54.919593811035156,26344000
2018-02-22,MSFT,85.05839724126503,85.68674850866587,84.42080354422218,84.76270294189453,24392800
2018-02-22,^GSPC,2710.419921875,2731.260009765625,2697.77001953125,2703.9599609375,3720620000
2018-02-23,AAPL,40.83793058197022,41.30352008462674,40.80736036008049,41.26824951171875,135249600
2018-02-23,GOOG,55.21785614175357,55.94440533604928,54.82450507578839,55.92008972167969,25220000
2018-02-23,MSFT,86.4906579916455,86.92496050765173,85.3448435376494,86.91571807861328,26329200
2018-02-23,^GSPC,2715.800048828125,2747.760009765625,2713.739990234375,2747.300048828125,3200360000
2018-02-26,AAPL,41.46811489745136,42.18295916461196,41.435194508596325,42.084197998046875,152648800
2018-02-26,GOOG,55.9702122374565,56.772199652449586,55.91537526460146,56.761775970458984,31182000
2018-02-26,MSFT,87.22988586566939,88.20012929121759,87.09127764776055,88.17240905761719,30199800
2018-02-26,^GSPC,2757.3701171875,2780.639892578125,2753.780029296875,2779.60009765625,3436590000
2018-02-27,AAPL,42.11477065833186,42.439270627879786,41.89373221115718,41.94781494140625,155712400
2018-02-27,GOOG,56.637209543594274,56.776166725770295,55.48386114523406,55.498252868652344,35482000
2018-02-27,MSFT,88.46813625122078,88.56053941427545,87.04510498046875,87.04510498046875,25869100
2018-02-27,^GSPC,2780.449951171875,2789.14990234375,2744.219970703125,2744.280029296875,3752070000
2018-02-28,AAPL,42.15240169394147,42.47220139152184,41.867876158832495,41.884334564208984,151128400
2018-02-28,GOOG,55.733487610623385,55.956811110673875,54.75135188573955,54.82529830932617,37652000
2018-02-28,MSFT,87.63647934218129,88.44040153400465,86.51838503740451,86.64775085449219,31167300
2018-02-28,^GSPC,2753.780029296875,2761.52001953125,2713.5400390625,2713.830078125,4244570000
2018-03-01,AAPL,41.98309066020018,42.27467386282315,40.600430490213576,41.150672912597656,195208000
2018-03-01,GOOG,54.98113256305667,55.09279431620366,52.95289531771841,53.07790756225586,50318000
2018-03-01,MSFT,86.85103397949682,87.38698205782441,84.8643347580464,85.79762268066406,37135600
2018-03-01,^GSPC,2715.219970703125,2730.889892578125,2659.64990234375,2677.669921875,4514490000
2018-03-02,AAPL,40.63334118343101,41.45635444518084,40.55103842203479,41.4351921081543,153816000
2018-03-02,GOOG,52.26202888072114,53.697214400110916,52.01562785909235,53.544410705566406,45432000
2018-03-02,MSFT,84.62408911229147,86.07484027438659,83.95877522013691,85.98243713378906,32830400
2018-03-02,^GSPC,2658.889892578125,2696.25,2647.320068359375,2691.25,3891250000
2018-03-05,AAPL,41.200061224754215,41.794982180244,41.037809402701654,41.57864761352539,113605600
2018-03-05,GOOG,53.35681421042986,54.44663989340734,53.05210041249542,54.140438079833984,24044000
2018-03-05,MSFT,85.32637150806796,87.10977988559829,85.25245321437029,86.52763366699219,23901600
2018-03-05,^GSPC,2681.06005859375,2728.090087890625,2675.75,2720.93994140625,3733640000
2018-03-06,AAPL,41.83494866712595,41.914897680952514,41.41638784408837,41.543365478515625,95154000
2018-03-06,GOOG,54.55184970646674,54.682371016958115,54.08311720835521,54.34539794921875,30656000
2018-03-06,MSFT,87.17444927443293,87.31305750971401,85.88079121156342,86.23192596435547,22175800
2018-03-06,^GSPC,2730.179931640625,2732.080078125,2711.260009765625,2728.1201171875,3389030000
2018-03-07,AAPL,41.136556320670735,41.35054063744195,40.979008492690134,41.157718658447266,126814000
2018-03-07,GOOG,54.054086251537804,55.19701483134314,53.8700683096937,55.068973541259766,25850000
2018-03-07,MSFT,86.08408979688717,86.80484422281003,85.40953342011602,86.73091888427734,26716100
2018-03-07,^GSPC,2710.179931640625,2730.60009765625,2701.739990234375,2726.800048828125,3406690000
2018-03-08,AAPL,41.26353397569167,41.649174346004564,41.16712657415336,41.606849670410156,95096400
2018-03-08,GOOG,55.35085715301563,55.96028853250133,55.22579568650959,55.880882263183594,27102000
2018-03-08,MSFT,87.10977870931482,87.87673827658047,86.64775589287653,87.25762939453125,25887800
2018-03-08,^GSPC,2732.75,2740.449951171875,2722.64990234375,2738.969970703125,3206040000
2018-03-09,AAPL,41.84670353867306,42.32640117322609,41.71266821269217,42.32169723510742,128740800
2018-03-09,GOOG,56.37716172666961,57.607932432783485,56.201530441352794,57.570213317871094,42560000
2018-03-09,MSFT,88.05230236259786,89.20735931396484,87.78432830389173,89.20735931396484,36937300
2018-03-09,^GSPC,2752.909912109375,2786.570068359375,2751.5400390625,2786.570068359375,3376870000
2018-03-12,AAPL,42.39458863897228,42.88839804722147,42.37578006415326,42.73085021972656,128828400
2018-03-12,GOOG,57.75929419952639,58.414380759798085,57.440184900912406,57.79154968261719,43446000
2018-03-12,MSFT,89.17039453439838,89.82646602125318,88.74533443234772,89.41988372802734,26073700
2018-03-12,^GSPC,2790.5400390625,2796.97998046875,2779.260009765625,2783.02001953125,3216960000
2018-03-13,AAPL,42.93543052183893,43.149414857195474,42.14769131351788,42.3193473815918,126774000
2018-03-13,GOOG,58.06450343077077,58.39998847027691,56.24465280300403,56.4848518371582,38144000
2018-03-13,MSFT,89.63242579018092,89.8541947666152,86.83256866925652,87.23915100097656,35387800
2018-03-13,^GSPC,2792.31005859375,2801.89990234375,2758.679931640625,2765.31005859375,3324290000
2018-03-14,AAPL,42.40165643034284,42.44868505468864,41.81143589243283,41.95957946777344,117473600
2018-03-14,GOOG,56.834230868703756,57.498249282242504,56.6471309000367,57.046634674072266,25828000
2018-03-14,MSFT,87.89522930089198,88.16320339920708,86.39827273268983,86.72168731689453,32132000
2018-03-14,^GSPC,2774.06005859375,2777.110107421875,2744.3798828125,2749.47998046875,3394630000
2018-03-15,AAPL,41.973686339074305,42.38284289256637,41.87257497940292,42.00895690917969,90975200
2018-03-15,GOOG,57.06996505593682,57.621825747294984,56.30470475136143,57.05110549926758,27908000
2018-03-15,MSFT,86.42597272598748,87.39622330118058,85.77914370913042,87.02660369873047,27611000
2018-03-15,^GSPC,2754.27001953125,2763.030029296875,2741.469970703125,2747.330078125,3543710000
2018-03-16,AAPL,42.00894928177119,42.119468498773394,41.76674850954591,41.860809326171875,157618800
2018-03-16,GOOG,57.277407220953144,57.36375755971805,56.176661900201736,56.3637580871582,61840000
2018-03-16,MSFT,87.48862870152365,88.13545773510587,86.78635214370031,87.41470336914062,49081300
2018-03-16,^GSPC,2750.570068359375,2761.85009765625,2749.969970703125,2752.010009765625,5429140000
2018-03-19,AAPL,41.696215457943815,41.731486028476525,40.83557765640605,41.22121810913086,133787200
2018-03-19,GOOG,55.58361039109909,55.68187242759587,54.04514994660619,54.581626892089844,56118000
2018-03-19,MSFT,86.6200243728575,86.7678750388219,85.11383272536094,85.83458709716797,33344100
2018-03-19,^GSPC,2741.3798828125,2741.3798828125,2694.590087890625,2712.919921875,3327460000
2018-03-20,AAPL,41.20710372924805,41.57393196024154,41.136559010660044,41.20710372924805,78597600
2018-03-20,GOOG,54.54093601850884,54.84862585971734,53.76971982195939,54.4769172668457,36638000
2018-03-20,MSFT,85.9824248066774,86.64773155354065,85.93621971804909,86.05634307861328,23075200
2018-03-20,^GSPC,2715.050048828125,2724.219970703125,2710.050048828125,2716.93994140625,3272590000
2018-03-21,AAPL,41.16006747469234,41.17182552464226,40.2712134368852,40.27356719970703,148219600
2018-03-21,GOOG,54.230264690475025,54.903215035822676,53.85358848427491,54.13795471191406,37578000
2018-03-21,MSFT,85.87156725711397,86.90650097997455,85.20625322455425,85.45574951171875,24457100
2018-03-21,^GSPC,2714.989990234375,2739.139892578125,2709.7900390625,2711.929931640625,3434780000
2018-03-22,AAPL,39.97494612658116,40.60513767266344,39.645742123113486,39.70452880859375,165963200
2018-03-22,GOOG,53.69130528665603,53.741924320620846,51.90619394943885,52.06351089477539,53340000
2018-03-22,MSFT,84.33763040076025,84.78117534649422,82.84992361901482,82.97004699707031,38604700
2018-03-22,^GSPC,2691.360107421875,2695.679931640625,2641.590087890625,2643.68994140625,3765460000
2018-03-23,AAPL,39.596350569202244,39.95612471407473,38.78509521484375,38.78509521484375,164115200
2018-03-23,GOOG,51.961783514058624,52.77220309856432,50.68088968963551,50.69825744628906,43134000
2018-03-23,MSFT,82.7020660624352,83.58914883007692,80.46587781171912,80.55828094482422,44068900
2018-03-23,^GSPC,2646.7099609375,2657.669921875,2585.889892578125,2588.260009765625,3829380000
2018-03-26,AAPL,39.5211082074498,40.703895839846645,39.13781793229658,40.62629699707031,150164800
2018-03-26,GOOG,51.91066173476996,52.38857981273346,50.04465598081995,52.26847839355469,53302000
2018-03-26,MSFT,83.72777473814205,86.860288846375,83.53372600266577,86.65699768066406,56396800
2018-03-26,^GSPC,2619.35009765625,2661.360107421875,2601.81005859375,2658.550048828125,3538080000
2018-03-27,AAPL,40.84028118261443,41.18594715292786,39.25069062472281,39.584598541259766,163690400
2018-03-27,GOOG,52.75433518662523,52.84560014704485,49.47493041652546,49.88088607788086,61906000
2018-03-27,MSFT,87.72887662567337,87.91368289433423,81.7872641444229,82.67434692382812,56569000
2018-03-27,^GSPC,2667.570068359375,2674.780029296875,2596.1201171875,2612.6201171875,3761320000
2018-03-28,AAPL,39.32827690592115,39.979634125998444,38.84387538478574,39.147212982177734,166674000
2018-03-28,GOOG,49.52853044171632,50.830263987979,48.666992072572086,49.854087829589844,67386000
2018-03-28,MSFT,82.99778856087393,84.3006964457039,82.1199479228025,82.60044860839844,52501100
2018-03-28,^GSPC,2611.300048828125,2632.64990234375,2593.06005859375,2605.0,3875720000
2018-03-29,AAPL,39.459969305990974,40.38644792863165,39.245984936182275,39.45291519165039,153594000
2018-03-29,GOOG,50.20495640978419,51.76178051755427,49.77170530780108,51.20545196533203,54536000
2018-03-29,MSFT,83.3304249961197,85.28016160077323,81.68562510402134,84.33763122558594,45867500
2018-03-29,^GSPC,2614.409912109375,2659.070068359375,2609.719970703125,2640.8701171875,3572360000
2018-04-02,AAPL,39.18483628313078,39.72567427739345,38.67456850050801,39.19424057006836,150347200
2018-04-02,GOOG,50.76029081514383,51.35483450713833,49.14987158617625,49.94887924194336,53608000
2018-04-02,MSFT,83.59840963467443,83.97726467865606,80.8632354040657,81.79651641845703,48515400
2018-04-02,^GSPC,2633.449951171875,2638.300048828125,2553.800048828125,2581.8798828125,3635780000
2018-04-03,AAPL,39.41998400778011,39.68099693111579,38.77098054967254,39.596343994140625,121112000
2018-04-03,GOOG,50.31810843543543,50.66947325473178,49.33349257574345,50.293296813964844,45502000
2018-04-03,MSFT,82.77600240941828,83.21030494773174,81.21436316737407,82.89612579345703,37213800
2018-04-03,^GSPC,2592.169921875,2619.139892578125,2575.489990234375,2614.449951171875,3395840000
2018-04-04,AAPL,38.770994379662774,40.44758814151123,38.745128095581016,40.35353088378906,138422000
2018-04-04,GOOG,49.30073936197883,51.052997119904965,49.28039178848185,50.87542724609375,49694000
2018-04-04,MSFT,81.17740369606881,85.71447092829698,81.06652273717663,85.31713104248047,35560000
2018-04-04,^GSPC,2584.0400390625,2649.860107421875,2573.610107421875,2644.68994140625,3369230000
2018-04-05,AAPL,40.58161019172307,40.96960073764623,40.46403686410354,40.63334274291992,107732800
2018-04-05,GOOG,51.67890473031705,51.751359360314495,50.62684351109204,51.0079345703125,27260000
2018-04-05,MSFT,85.41875928567951,86.0009053514421,84.45775122083631,85.36331176757812,29771900
2018-04-05,^GSPC,2657.360107421875,2672.080078125,2649.580078125,2662.840087890625,3230430000
2018-04-06,AAPL,40.20301535725021,40.55808543921929,39.55165825652914,39.59398651123047,140021200
2018-04-06,GOOG,50.620336263374114,51.18708467027028,49.77815352241644,49.9771614074707,34928000
2018-04-06,MSFT,84.54092500207733,85.43725030939119,82.68359853115503,83.37663269042969,38026000
2018-04-06,^GSPC,2645.820068359375,2656.8798828125,2586.27001953125,2604.469970703125,3312390000
2018-04-09,AAPL,39.946723641103546,40.70154255952048,39.93966952695415,39.986698150634766,116070800
2018-04-09,GOOG,50.46152981709598,51.59304266169788,50.32654067247287,50.39453125,35032000
2018-04-09,MSFT,84.12509894259063,86.09331322081205,83.73700154405242,83.87560272216797,31533900
2018-04-09,^GSPC,2617.179931640625,2653.550048828125,2610.7900390625,2613.159912109375,3076140000
2018-04-10,AAPL,40.68036815648815,40.915514793230855,40.33470231343214,40.73915481567383,113634400
2018-04-10,GOOG,50.939939089910794,51.428277039610286,50.19056230891741,51.19800567626953,39490000
2018-04-10,MSFT,85.37255996701592,86.19495986706269,84.67952586810632,85.8253402709961,26812000
2018-04-10,^GSPC,2638.409912109375,2665.449951171875,2635.780029296875,2656.8701171875,3579130000
2018-04-11,AAPL,40.499304608294715,40.89670300207712,40.37467717673672,40.54868698120117,89726400
2018-04-11,GOOG,51.01686649746099,51.18430801436536,50.41537498002823,50.61885070800781,29678000
2018-04-11,MSFT,85.02141308056488,86.20418997905999,84.53167018196048,84.88280487060547,24872100
2018-04-11,^GSPC,2643.889892578125,2661.429931640625,2639.25,2642.18994140625,3054520000
2018-04-12,AAPL,40.77679208647928,41.150674496485806,40.689785363381375,40.948448181152344,91557200
2018-04-12,GOOG,50.87046386125934,51.64713991141253,50.69155742212968,51.24118423461914,27140000
2018-04-12,MSFT,85.40952944775734,87.00813133211182,85.40952944775734,86.47218322753906,26758900
2018-04-12,^GSPC,2653.830078125,2674.719970703125,2653.830078125,2663.989990234375,3045330000
2018-04-13,AAPL,41.09894677526971,41.34820174464165,40.88026203016001,41.087188720703125,100497200
2018-04-13,GOOG,51.6565672690841,51.93150562040225,50.768229468550956,51.08039093017578,24460000
2018-04-13,MSFT,86.90648767404167,87.02661105878639,85.41877375954326,86.01016235351562,23346100
2018-04-13,^GSPC,2676.89990234375,2680.260009765625,2645.050048828125,2656.300048828125,2988540000
2018-04-16,AAPL,41.15771891831324,41.43048990044364,41.110690304717394,41.34348678588867,86313600
2018-04-16,GOOG,51.46401070494847,51.77368835099451,50.95483294066934,51.51264572143555,24224000
2018-04-16,MSFT,86.9249766029713,87.47016721866494,86.32434550259691,87.01737976074219,20288100
2018-04-16,^GSPC,2670.10009765625,2686.489990234375,2665.159912109375,2677.840087890625,3020740000
2018-04-17,AAPL,41.50104135034263,42.07715003351195,41.4822291842405,41.91254806518555,106421600
2018-04-17,GOOG,52.17716487477743,53.49279794089307,52.022820161226015,53.30818176269531,46406000
2018-04-17,MSFT,87.78432757016371,89.2073585683427,87.67343956579238,88.77305603027344,26771000
2018-04-17,^GSPC,2692.739990234375,2713.340087890625,2692.050048828125,2706.389892578125,3286190000
2018-04-18,AAPL,41.8114273325075,42.04892775712022,41.59274265944586,41.8184814453125,83018000
2018-04-18,GOOG,53.47045506919747,53.47045506919747,52.91437648209083,53.20494842529297,26882000
2018-04-18,MSFT,88.91165333329467,89.37367605313102,88.26481729557942,89.11494445800781,21043300
2018-04-18,^GSPC,2710.110107421875,2717.489990234375,2703.6298828125,2708.639892578125,3412030000
2018-04-19,AAPL,40.85908152263962,41.24237171885631,40.600422354708584,40.63334274291992,139235200
2018-04-19,GOOG,53.07195508790182,54.30098413792864,53.01140837167972,53.980140686035156,34954000
2018-04-19,MSFT,89.11495717737064,89.69710334948749,88.0985014087263,88.81002044677734,23552500
2018-04-19,^GSPC,2701.159912109375,2702.840087890625,2681.89990234375,2693.1298828125,3375120000
2018-04-20,AAPL,40.11602274007063,40.26181252512337,38.9003113167802,38.968505859375,261964400
2018-04-20,GOOG,53.69726154963472,54.21091093888287,53.08039006360281,53.248626708984375,37794000
2018-04-20,MSFT,88.62522486046105,88.81003117713907,86.90649932570095,87.78433990478516,31154400
2018-04-20,^GSPC,2692.56005859375,2693.93994140625,2660.610107421875,2670.139892578125,3428260000
2018-04-23,AAPL,39.229518936557035,39.2506812754814,38.58521577645036,38.85563659667969,146062000
2018-04-23,GOOG,53.491799310289814,53.73299034603568,52.640184928098655,52.97517395019531,46826000
2018-04-23,MSFT,88.46811185163321,88.97633968312833,87.44242080982127,88.10773468017578,22331800
2018-04-23,^GSPC,2675.39990234375,2682.860107421875,2657.989990234375,2670.2900390625,3030390000
2018-04-24,AAPL,38.95675744554006,39.1119551449554,37.91035523836867,38.3148078918457,134768000
2018-04-24,GOOG,52.20843010404602,52.45656903759434,50.15334403191641,50.61935043334961,95206000
2018-04-24,MSFT,88.9301365767113,89.14267014278806,85.39104768433849,86.047119140625,34524800
2018-04-24,^GSPC,2680.800048828125,2683.550048828125,2617.320068359375,2634.56005859375,3716020000
2018-04-25,AAPL,38.23954970914032,38.897961092108815,38.190170918548375,38.48175048828125,113528400
2018-04-25,GOOG,50.894285284423,51.2401902372451,50.38758376936211,50.678897857666016,47822000
2018-04-25,MSFT,86.21344750614871,86.21344750614871,83.4228261632135,85.29863739013672,33729300
2018-04-25,^GSPC,2634.919921875,2645.300048828125,2612.669921875,2639.39990234375,3563680000
2018-04-26,AAPL,38.592271403229525,38.97085769595813,38.41591139583521,38.615787506103516,111852000
2018-04-26,GOOG,51.0922983436544,52.00892357875088,50.53051373459591,51.6148796081543,41590000
2018-04-26,MSFT,86.44445348778581,87.92292477762817,86.02862881101603,87.10052490234375,42529000
2018-04-26,^GSPC,2651.64990234375,2676.47998046875,2647.159912109375,2666.93994140625,3690920000
2018-04-27,AAPL,38.56405485568262,38.64165368931231,37.77161170591066,38.169010162353516,142623200
2018-04-27,GOOG,51.910662441237456,52.08435893177367,50.89775916591828,51.11909866333008,32396000
2018-04-27,MSFT,90.18683002570394,90.46404646688296,86.77710727868084,88.54203033447266,48272800
2018-04-27,^GSPC,2675.469970703125,2677.35009765625,2659.010009765625,2669.909912109375,3234510000
2018-04-30,AAPL,38.124325944661024,39.330625769670974,38.05613140965605,38.86033248901367,169709600
2018-04-30,GOOG,51.11711025585024,51.464007201917006,50.46400772117948,50.487831115722656,33426000
2018-04-30,MSFT,89.01330545895891,89.07798836250905,86.07484046213857,86.41673278808594,41523600
2018-04-30,^GSPC,2682.510009765625,2682.8701171875,2648.0400390625,2648.050048828125,3749510000
2018-05-01,AAPL,39.13076426459355,39.786821996562225,38.862697162878376,39.763309478759766,214277600
2018-05-01,GOOG,50.30569702956278,51.5369637153954,50.0352265217496,51.47939682006836,28558000
2018-05-01,MSFT,86.13029728585327,88.05231399890465,85.74219979088399,87.78433990478516,31408900
2018-05-01,^GSPC,2642.9599609375,2655.27001953125,2625.409912109375,2654.800048828125,3562820000
2018-05-02,AAPL,41.20474482983506,41.79731536883284,40.86848685602493,41.51984405517578,266157600
2018-05-02,GOOG,51.022319894438645,51.63219803316886,50.76276908636814,50.83770751953125,32062000
2018-05-02,MSFT,87.77510018492943,87.94142869504036,86.11182213372933,86.40751647949219,27471000
2018-05-02,^GSPC,2654.239990234375,2660.8701171875,2631.699951171875,2635.669921875,4047020000
2018-05-03,AAPL,41.357599730142326,41.73853620820341,41.01898793273085,41.595096588134766,136272800
2018-05-03,GOOG,50.57071133385926,51.10048655116951,49.93994036796208,50.804954528808594,36302000
2018-05-03,MSFT,85.89925869803339,87.71962924621776,85.4279935746678,86.9249496459961,31142500
2018-05-03,^GSPC,2628.080078125,2637.139892578125,2594.6201171875,2629.72998046875,3867530000
2018-05-04,AAPL,41.91489748833844,43.32577762819836,41.89608532257385,43.22701644897461,224805200
2018-05-04,GOOG,50.466495656884376,52.03522769547663,50.466495656884376,52.02033996582031,38774000
2018-05-04,MSFT,86.23191978542717,88.12621574874856,85.86230020113186,87.93216705322266,22531300
2018-05-04,^GSPC,2621.449951171875,2670.929931640625,2615.320068359375,2663.419921875,3335260000
2018-05-07,AAPL,43.544460939850644,44.12997747093147,43.4433495886489,43.53976058959961,169805600
2018-05-07,GOOG,52.0709591323932,52.68882641875132,51.965253222532944,52.34688949584961,29322000
2018-05-07,MSFT,87.94142373691562,89.36445489876574,87.87674082273648,88.91167449951172,24242000
2018-05-07,^GSPC,2680.340087890625,2683.35009765625,2664.699951171875,2672.6298828125,3266810000
2018-05-08,AAPL,43.49978380003416,43.78901319964565,43.18938847318987,43.74903869628906,113611200
2018-05-08,GOOG,52.53299038476868,52.63274422551583,51.967483869979674,52.30321502685547,24354000
2018-05-08,MSFT,88.56977669893483,88.85623565264099,87.83977976837565,88.5328140258789,23484600
2018-05-08,^GSPC,2670.260009765625,2676.340087890625,2655.199951171875,2671.919921875,3745100000
2018-05-09,AAPL,43.86662248516598,44.066495049580375,43.553876908789505,44.057090759277344,92844800
2018-05-09,GOOG,52.51115864962099,53.867982881320565,52.42505441144925,53.734981536865234,40656000
2018-05-09,MSFT,88.71761036504869,89.60469319842058,87.8305275316768,89.57697296142578,27327400
2018-05-09,^GSPC,2678.1201171875,2701.27001953125,2674.139892578125,2697.7900390625,3913650000
2018-05-10,AAPL,44.14645172741101,44.76488523430025,44.12528579318571,44.687286376953125,111957200
2018-05-10,GOOG,53.897262602259836,54.612399934175556,53.87791082514047,54.469970703125,28860000
2018-05-10,MSFT,90.05748760823069,90.51026799976584,89.6786325601854,90.47331237792969,22388100
2018-05-10,^GSPC,2705.02001953125,2726.110107421875,2704.5400390625,2723.070068359375,3380640000
2018-05-11,AAPL,44.729757490410215,44.86430604769044,44.24820656504485,44.51730728149414,104848800
2018-05-11,GOOG,54.272944230471595,54.656568298649965,54.139446886480506,54.504207611083984,25074000
2018-05-11,MSFT,90.37166893453382,90.43635184914298,89.66939225455651,90.27925872802734,16778300
2018-05-11,^GSPC,2722.699951171875,2732.860107421875,2717.449951171875,2727.719970703125,2874850000
2018-05-14,AAPL,44.61645441353766,44.739203197154275,44.34499442861878,44.413448333740234,83115200
2018-05-14,GOOG,54.59055905045449,55.12405618120061,54.54639187021465,54.60048294067383,30362000
2018-05-14,MSFT,90.48255240800229,91.1940715383144,89.91888397226744,90.58419799804688,19454100
2018-05-14,^GSPC,2738.469970703125,2742.10009765625,2725.469970703125,2730.1298828125,2994360000
2018-05-15,AAPL,44.090061076831134,44.15851859124368,43.69349302796125,44.009803771972656,94780800
2018-05-15,GOOG,54.09428067206087,54.09676069801482,53.273933522082785,53.55978775024414,29898000
2018-05-15,MSFT,89.85419050611748,90.41785887567221,89.02254807153602,89.92811584472656,24594000
2018-05-15,^GSPC,2718.590087890625,2718.590087890625,2701.909912109375,2711.449951171875,3291190000
2018-05-16,AAPL,43.92245918077974,44.48662667958038,43.905933713378666,44.420528411865234,76732400
2018-05-16,GOOG,53.46450874611059,54.05805661170998,53.41239790755122,53.685848236083984,21946000
2018-05-16,MSFT,90.35503846485526,90.3921613514457,89.66828276409885,90.16014862060547,17384700
2018-05-16,^GSPC,2712.6201171875,2727.760009765625,2712.169921875,2722.4599609375,3248480000
2018-05-17,AAPL,44.378045851766245,44.592855342417124,43.99091836181578,44.13963317871094,69176000
2018-05-17,GOOG,53.592541330266535,53.9389422574471,53.27541985361377,53.52802658081055,20876000
2018-05-17,MSFT,89.79818932787296,90.522067754004,88.93510187814786,89.25991821289062,17246700
2018-05-17,^GSPC,2719.7099609375,2731.9599609375,2711.360107421875,2720.1298828125,3478150000
2018-05-18,AAPL,44.18684653886162,44.33319852743315,43.936630454443275,43.97911834716797,73190800
2018-05-18,GOOG,52.69775805440959,53.09875367528303,52.63919914638247,52.921085357666016,31304000
2018-05-18,MSFT,89.10213988359772,89.95594473432259,89.10213988359772,89.42695617675781,17865800
2018-05-18,^GSPC,2717.35009765625,2719.5,2709.179931640625,2712.969970703125,3383270000
2018-05-21,AAPL,44.37804142960773,44.67783027119842,44.120744075134155,44.29070281982422,73603200
2018-05-21,GOOG,53.303217356480175,53.99503106554394,53.282869783087136,53.57716369628906,20464000
2018-05-21,MSFT,90.02089938212065,90.95823237883539,89.83529211248724,90.57772827148438,19422500
2018-05-21,^GSPC,2735.389892578125,2739.18994140625,2725.699951171875,2733.010009765625,3053480000
2018-05-22,AAPL,44.46774160693422,44.585768309488444,44.09005471800505,44.17975616455078,60962800
2018-05-22,GOOG,53.774679311205865,53.925048396722396,52.93745662348038,53.08832550048828,21800000
2018-05-22,MSFT,90.65200426458883,91.10674718327533,90.206536756155,90.48495483398438,15441200
2018-05-22,^GSPC,2738.340087890625,2742.239990234375,2721.8798828125,2724.43994140625,3384140000
2018-05-23,AAPL,43.9885504946515,44.49606384040454,43.84927625766243,44.463016510009766,80233600
2018-05-23,GOOG,52.86004136310479,53.63671738769201,52.690312919624766,53.58262252807617,21214000
2018-05-23,MSFT,89.75180461641136,91.62647146061093,89.38986532004479,91.56150817871094,21251200
2018-05-23,^GSPC,2713.97998046875,2733.330078125,2709.5400390625,2733.2900390625,3333160000
2018-05-24,AAPL,44.55980389947556,44.57632576544726,43.95550773688488,44.413448333740234,92936000
2018-05-24,GOOG,53.548375778423335,53.62132640437116,52.91065698322221,53.56028747558594,15336000
2018-05-24,MSFT,91.62646582504084,91.8213556587539,89.84460276736971,91.23667907714844,26649300
2018-05-24,^GSPC,2730.93994140625,2731.969970703125,2707.3798828125,2727.760009765625,3285750000
2018-05-25,AAPL,44.43232205408934,44.76751738634724,44.295410675805684,44.51494216918945,69844000
2018-05-25,GOOG,53.54937038831117,53.72505089164157,53.28907366720822,53.38262176513672,17988000
2018-05-25,MSFT,91.22738502063693,91.8584597686383,90.81904045414639,91.28306579589844,18363900
2018-05-25,^GSPC,2723.60009765625,2727.360107421875,2714.989990234375,2721.330078125,3015260000
2018-05-29,AAPL,44.2836256330916,44.55508564127601,44.11130403301255,44.35443878173828,90056400
2018-05-29,GOOG,52.848133426498684,53.26897684914661,52.36823508780978,52.621334075927734,37302000
2018-05-29,MSFT,90.80048556763445,91.76565923541081,90.23438110180366,90.95825958251953,28671000
2018-05-29,^GSPC,2705.110107421875,2710.669921875,2676.81005859375,2689.860107421875,3743310000
2018-05-30,AAPL,44.311945617740975,44.37804028320312,44.090054840022695,44.260013580322266,74762000
2018-05-30,GOOG,52.755819061463555,53.062516860320976,52.448125465945566,52.9925422668457,22770000
2018-05-30,MSFT,91.23666789242282,92.10903787202263,90.86545325302879,91.83061981201172,22158500
2018-05-30,^GSPC,2702.429931640625,2729.340087890625,2702.429931640625,2724.010009765625,3566490000
2018-05-31,AAPL,44.19391391615182,44.43232653232457,43.93897583453814,44.11129379272461,109931200
2018-05-31,GOOG,52.980635534466465,54.45110929079594,52.980635534466465,53.84564971923828,61766000
2018-05-31,MSFT,92.14616562528654,92.79579835904788,91.5150907922902,91.7285385131836,34140900
2018-05-31,^GSPC,2720.97998046875,2722.5,2700.679931640625,2705.27001953125,4241100000
2018-06-01,AAPL,44.37568294540412,44.91152160606056,44.319028828916046,44.906803131103516,93770000
2018-06-01,GOOG,54.55830052140517,55.58311542364438,54.51611736137707,55.55830001831055,48432000
2018-06-01,MSFT,92.13686484147219,93.60318652707964,92.03477870636887,93.53822326660156,28655600
2018-06-01,^GSPC,2718.699951171875,2736.929931640625,2718.699951171875,2734.6201171875,3694310000
2018-06-04,AAPL,45.23728427671126,45.657459141289145,45.168830359131896,45.282135009765625,105064800
2018-06-04,GOOG,55.69874903813456,56.66946908349434,55.68261940328731,56.540435791015625,37792000
2018-06-04,MSFT,93.97441470374096,94.53124370076992,93.59391052281785,94.35491180419922,27281600
2018-06-04,^GSPC,2741.669921875,2749.159912109375,2740.5400390625,2746.8701171875,3410090000
2018-06-05,AAPL,45.5748497109205,45.780215097624364,45.40725014573324,45.631500244140625,86264000
2018-06-05,GOOG,56.624810151117295,56.86044294641653,56.23771400501774,56.558807373046875,33560000
2018-06-05,MSFT,94.66117724563559,94.96743569485963,94.22499225682536,94.83750915527344,23514400
2018-06-05,^GSPC,2748.4599609375,2752.610107421875,2739.510009765625,2748.800048828125,3523550000
2018-06-06,AAPL,45.70702960425292,45.81325293388397,45.30337662938726,45.78964614868164,83734400
2018-06-06,GOOG,56.6833603842743,56.72455153071279,55.868124781556766,56.42082977294922,33964000
2018-06-06,MSFT,95.10665323943388,95.21801480878345,94.56838205269096,95.11592864990234,21122900
2018-06-06,^GSPC,2753.25,2772.389892578125,2748.4599609375,2772.35009765625,3662780000
2018-06-07,AAPL,45.827407590772026,45.8415702186734,45.4025107442856,45.666893005371094,85388800
2018-06-07,GOOG,56.14490544361574,56.36822895300192,55.41041258790898,55.774681091308594,30400000
2018-06-07,MSFT,95.264411306838,95.30153418665097,93.15773213036005,93.62175750732422,28232200
2018-06-07,^GSPC,2774.840087890625,2779.89990234375,2760.159912109375,2770.3701171875,3742080000
2018-06-08,AAPL,45.12633772956749,45.322262525838255,44.795864339405846,45.25144577026367,106627200
2018-06-08,GOOG,55.49279583693953,55.91413523792205,55.19353808859791,55.62629318237305,25816000
2018-06-08,MSFT,93.81663895827812,94.61476310199232,93.30621533736814,94.31778717041016,22165100
2018-06-08,^GSPC,2765.840087890625,2779.389892578125,2763.590087890625,2779.030029296875,3138850000
2018-06-11,AAPL,45.16882034338992,45.31517230141845,44.899719606624075,45.1404914855957,73234000
2018-06-11,GOOG,55.51363895942996,56.439692067320166,55.51363895942996,56.07889938354492,21586000
2018-06-11,MSFT,93.74239525292857,94.28065923220367,93.42685435980175,93.7795181274414,23490900
2018-06-11,^GSPC,2780.179931640625,2790.2099609375,2780.169921875,2782.0,3262130000
2018-06-12,AAPL,45.17826783713931,45.46625332272547,45.12161371473412,45.38835525512695,67644400
2018-06-12,GOOG,56.13249584083147,56.56524712627329,56.115870200864585,56.54192352294922,18240000
2018-06-12,MSFT,93.82593842050777,94.150754798112,93.50112204290355,94.02082824707031,18325200
2018-06-12,^GSPC,2785.60009765625,2789.800048828125,2778.780029296875,2786.85009765625,3435700000
2018-06-13,AAPL,45.421404526599694,45.52999069869376,44.95401970299873,45.0153923034668,86553600
2018-06-13,GOOG,56.6312536156547,56.89825207891892,56.247133558106086,56.317108154296875,30128000
2018-06-13,MSFT,94.40133225306563,94.6704678453961,93.32478988374376,93.59392547607422,29492900
2018-06-13,^GSPC,2787.93994140625,2791.469970703125,2774.64990234375,2775.6298828125,3820770000
2018-06-14,AAPL,45.21603773241758,45.22075980980726,44.9020862209634,45.038997650146484,86440400
2018-06-14,GOOG,56.766742451682745,57.343414794396296,56.60743768724737,57.177162170410156,26868000
2018-06-14,MSFT,94.3363719899799,94.68902877026024,93.73313751069898,94.12291717529297,25691800
2018-06-14,^GSPC,2783.2099609375,2789.06005859375,2776.52001953125,2782.489990234375,3540930000
2018-06-15,AAPL,44.8572247544683,44.88791284732184,44.43940925177831,44.57632064819336,246876800
2018-06-15,GOOG,57.01537608780714,57.24167941646082,56.74862750899572,57.18410873413086,42450000
2018-06-15,MSFT,94.20643479741581,94.22499269724399,92.8700394348938,92.92572021484375,65738600
2018-06-15,^GSPC,2777.780029296875,2782.81005859375,2761.72998046875,2779.659912109375,5451990000
2018-06-18,AAPL,44.34972444416655,44.666035210598075,44.18920622118241,44.552730560302734,73939600
2018-06-18,GOOG,56.75681563925472,58.27840447665614,56.75383960781597,58.23622131347656,28274000
2018-06-18,MSFT,92.81437619820306,93.83523081287903,92.26682246349317,93.60321807861328,23586000
2018-06-18,^GSPC,2765.7900390625,2774.989990234375,2757.1201171875,2773.75,3316120000
2018-06-19,AAPL,43.70292975662603,43.98383390094082,43.30399890306228,43.832759857177734,134314000
2018-06-19,GOOG,57.493781367177064,58.12752831872561,57.27095388078042,57.968223571777344,32420000
2018-06-19,MSFT,92.48027729442303,93.73314464336477,92.34106823777023,93.60321807861328,28653100
2018-06-19,^GSPC,2752.010009765625,2765.050048828125,2743.18994140625,2762.590087890625,3671160000
2018-06-20,AAPL,43.98855354346587,44.18919677695168,43.84219798281191,44.02396011352539,82514800
2018-06-20,GOOG,58.32803067373286,58.872746649351754,58.02282085842918,58.05656814575195,32970000
2018-06-20,MSFT,94.07650199381979,95.14375463428733,93.84448931885467,94.54052734375,26180800
2018-06-20,^GSPC,2769.72998046875,2774.860107421875,2763.909912109375,2767.320068359375,3332140000
2018-06-21,AAPL,44.20100312485936,44.46066332896541,43.655720298126006,43.77846908569336,102847600
2018-06-21,GOOG,58.3052013169163,58.42654085290179,57.18271879129082,57.45209884643555,24762000
2018-06-21,MSFT,94.73543774025813,95.08809453391912,93.6217724099922,93.86306762695312,23198200
2018-06-21,^GSPC,2769.280029296875,2769.280029296875,2744.389892578125,2749.760009765625,3336580000
2018-06-22,AAPL,43.934260540086285,43.941341854400115,43.59906512230429,43.650997161865234,108801600
2018-06-22,GOOG,57.52555036052441,57.69215132237108,56.93597052886166,57.343910217285156,26220000
2018-06-22,MSFT,93.18558502197266,93.51967679879573,92.46169944420303,93.18558502197266,38923100
2018-06-22,^GSPC,2760.7900390625,2764.169921875,2752.679931640625,2754.8798828125,5468110000
2018-06-25,AAPL,43.29220634111752,43.651008635516185,42.661943988297445,43.001861572265625,126652400
2018-06-25,GOOG,56.75433186931022,56.76971560332809,55.22480326266648,55.82182693481445,43146000
2018-06-25,MSFT,92.80507536576353,92.90716151510308,90.29934116307405,91.3109130859375,35433300
2018-06-25,^GSPC,2742.93994140625,2742.93994140625,2698.669921875,2717.070068359375,3663280000
2018-06-26,AAPL,43.195414032544754,44.03104150441041,43.08918711840249,43.53532791137695,98276800
2018-06-26,GOOG,55.98014121417212,56.238700027213774,55.417311595500784,55.506690979003906,31264000
2018-06-26,MSFT,91.70998348622273,92.87932952410127,91.64502021081091,91.95127868652344,26897200
2018-06-26,^GSPC,2722.1201171875,2732.909912109375,2715.60009765625,2723.06005859375,3568900000
2018-06-27,AAPL,43.7241710335686,44.20808123235867,43.44090766902219,43.471595764160156,101141200
2018-06-27,GOOG,55.64961660613399,56.170509140994426,54.77021076235153,54.78807830810547,25878000
2018-06-27,MSFT,92.4153040244312,92.8236415778912,90.39215291706353,90.52207946777344,31298400
2018-06-27,^GSPC,2728.449951171875,2746.090087890625,2699.3798828125,2699.6298828125,3803990000
2018-06-28,AAPL,43.45743332033904,43.95550614918332,43.38661657843012,43.787906646728516,69460800
2018-06-28,GOOG,54.694284710745485,55.69776008610385,54.392546933555685,55.296268463134766,21448000
2018-06-28,MSFT,90.37357462538111,91.979105451934,90.26221307286839,91.53363800048828,26650700
2018-06-28,^GSPC,2698.68994140625,2724.340087890625,2691.989990234375,2716.31005859375,3461100000
2018-06-29,AAPL,43.97440704559552,44.18685736694997,43.176548626499425,43.695865631103516,90950800
2018-06-29,GOOG,55.58312056419428,55.99140860979127,55.33498163310413,55.36724090576172,26302000
2018-06-29,MSFT,91.81204395591205,92.72153663766856,91.2552150252585,91.51506805419922,28053200
2018-06-29,^GSPC,2727.1298828125,2743.260009765625,2718.030029296875,2718.3701171875,3586800000
2018-07-02,AAPL,43.39134644867132,44.21281143744813,43.29692290853678,44.18448257446289,70925200
2018-07-02,GOOG,54.540935371943874,55.98014186516903,54.28286877482241,55.95334243774414,24346000
2018-07-02,MSFT,91.04176619580446,92.86074459711017,90.94896254807279,92.81434631347656,19564500
2018-07-02,^GSPC,2704.949951171875,2727.260009765625,2698.949951171875,2726.7099609375,3095040000
2018-07-03,AAPL,44.32846925936588,44.36623867025453,43.325242244680126,43.41494369506836,55819200
2018-07-03,GOOG,56.36822841907488,56.36822841907488,54.591552892562575,54.733985900878906,13580000
2018-07-03,MSFT,93.2505442778549,93.38974622867329,91.82134524557391,91.92343139648438,14670300
2018-07-03,^GSPC,2733.27001953125,2736.580078125,2711.159912109375,2713.219970703125,1911460000
2018-07-05,AAPL,43.7312539663266,44.0027175522278,43.499922630270966,43.76430130004883,66416800
2018-07-05,GOOG,55.11314644205346,55.95532928233327,55.01140857101004,55.7950325012207,21334000
2018-07-05,MSFT,92.34104127008308,92.73082085050457,91.90485632417418,92.58233642578125,18977400
2018-07-05,^GSPC,2724.18994140625,2737.830078125,2716.02001953125,2736.610107421875,2980160000
2018-07-06,AAPL,43.76903460218643,44.47955426038454,43.717102549891266,44.3709716796875,69940800
2018-07-06,GOOG,55.76078325142815,56.62182555819225,55.619690597106626,56.5841064453125,19922000
2018-07-06,MSFT,92.70298629993316,94.13218526525831,92.4988140076774,93.8816146850586,19234600
2018-07-06,^GSPC,2737.679931640625,2764.409912109375,2733.52001953125,2759.820068359375,2590250000
2018-07-09,AAPL,44.73213380407821,45.01067517748654,44.68492382914852,44.9870719909668,79026400
2018-07-09,GOOG,56.99651523556588,57.30371284385501,56.745400292669544,57.27294158935547,18180000
2018-07-09,MSFT,94.33635009942869,94.89317907399,93.96512842289962,94.52195739746094,18212000
2018-07-09,^GSPC,2775.6201171875,2784.64990234375,2770.72998046875,2784.169921875,3070060000
2018-07-10,AAPL,45.017756794182795,45.152305392959924,44.892645147053265,44.932777404785156,63756400
2018-07-10,GOOG,57.41835036988177,57.54787966872457,57.051601847680345,57.212890625,15968000
2018-07-10,MSFT,94.66118384262828,95.13449174437186,94.53125729398744,94.77255249023438,19293100
2018-07-10,^GSPC,2788.56005859375,2795.580078125,2786.239990234375,2793.840087890625,3080140000
2018-07-11,AAPL,44.49607197660276,44.79822008171447,44.28598456598775,44.3497200012207,75326000
2018-07-11,GOOG,56.803464571466314,57.781132512860076,56.625300253067934,57.265499114990234,22400000
2018-07-11,MSFT,93.8723097672121,94.97668505074544,93.82590440989024,94.64259338378906,19644600
2018-07-11,^GSPC,2779.820068359375,2785.909912109375,2770.77001953125,2774.02001953125,2986180000
2018-07-12,AAPL,44.73920447636443,45.18298605928237,44.6872724357298,45.093284606933594,72164400
2018-07-12,GOOG,57.562773720964266,58.77964879839398,57.36649573030846,58.73349380493164,25038000
2018-07-12,MSFT,95.37575863118296,96.89776815449689,95.33864283737478,96.69359588623047,24335900
2018-07-12,^GSPC,2783.139892578125,2799.219970703125,2781.530029296875,2798.2900390625,2834230000
2018-07-13,AAPL,45.1050911025137,45.284490417668366,45.06259961093862,45.16410446166992,50055600
2018-07-13,GOOG,58.80892082146555,59.325894545902976,58.560781915045865,58.99850082397461,24438000
2018-07-13,MSFT,96.86066689244286,98.00216543904696,96.60080671455381,97.84439849853516,24635200
2018-07-13,^GSPC,2796.929931640625,2804.530029296875,2791.68994140625,2801.31005859375,2619790000
2018-07-16,AAPL,45.20895321385602,45.475691136292276,44.94929300416823,45.06496047973633,60172400
2018-07-16,GOOG,59.02678453395051,59.10668301527745,58.525046909338734,58.752342224121094,21114000
2018-07-16,MSFT,97.8165363373525,98.20631589674059,96.99984726381828,97.3617935180664,21786900
2018-07-16,^GSPC,2797.360107421875,2801.18994140625,2793.389892578125,2798.429931640625,2819860000
2018-07-17,AAPL,44.79113847703972,45.29157059753824,44.66130836977185,45.19242858886719,62138000
2018-07-17,GOOG,58.17468078835937,59.70420944860593,58.094282506404355,59.4937858581543,32208000
2018-07-17,MSFT,97.08338836983258,98.83740370004402,96.81425280587615,98.32697296142578,25901700
2018-07-17,^GSPC,2789.340087890625,2814.18994140625,2789.239990234375,2809.550048828125,3064920000
2018-07-18,AAPL,45.270323498314276,45.27504557512844,44.83362324118064,44.9445686340332,65573600
2018-07-18,GOOG,59.38261660850237,59.776660552572395,59.07393099360295,59.34886932373047,27872000
2018-07-18,MSFT,98.31767226962177,98.41975839109402,97.18544952635754,97.55667114257812,29493900
2018-07-18,^GSPC,2811.35009765625,2816.760009765625,2805.889892578125,2815.6201171875,3111560000
2018-07-19,AAPL,44.77698381624712,45.45209689229721,44.77698381624712,45.293941497802734,81147200
2018-07-19,GOOG,59.106688689305635,59.55333949276121,58.72554843729657,58.906192779541016,25534000
2018-07-19,MSFT,97.3803544785853,97.73301117477426,96.41518095797576,96.88848876953125,40171600
2018-07-19,^GSPC,2809.3701171875,2812.050048828125,2799.77001953125,2804.489990234375,3278360000
2018-07-20,AAPL,45.2703207681167,45.423754037375545,44.8902746500053,45.1900634765625,82704800
2018-07-20,GOOG,58.906188845653894,59.39750280349431,58.77020769968646,58.80445098876953,24948000
2018-07-20,MSFT,100.30371600629688,100.41507755286062,98.44761470527939,98.62393951416016,56004000
2018-07-20,^GSPC,2804.550048828125,2809.699951171875,2800.010009765625,2801.830078125,3243250000
2018-07-23,AAPL,45.01067013959894,45.31282186948864,44.74629142807148,45.230201721191406,63957600
2018-07-23,GOOG,58.6109107319565,59.87542878368614,58.61041472670823,59.826297760009766,52384000
2018-07-23,MSFT,98.6518017779632,100.35941183239926,98.49402776255927,100.20164489746094,29707000
2018-07-23,^GSPC,2799.169921875,2808.610107421875,2795.139892578125,2806.97998046875,2928490000
2018-07-24,AAPL,45.42848516085427,45.71411141659401,45.334065222797534,45.55831527709961,74791600
2018-07-24,GOOG,62.65953894004195,62.82876757671803,61.31809861717149,61.93943786621094,66364000
2018-07-24,MSFT,100.758462873596,100.9904755455054,99.54271873853949,99.9139404296875,26316600
2018-07-24,^GSPC,2820.679931640625,2829.989990234375,2811.1201171875,2820.39990234375,3430410000
2018-07-25,AAPL,45.57246262113224,45.99500016664423,45.42374784678138,45.987918853759766,66839600
2018-07-25,GOOG,61.49527888760951,62.821827868365226,61.49527888760951,62.71463394165039,42556000
2018-07-25,MSFT,100.19236473071295,103.15284908428507,99.85826587223296,102.85587310791016,30702100
2018-07-25,^GSPC,2817.72998046875,2848.030029296875,2817.72998046875,2846.070068359375,3584400000
2018-07-26,AAPL,45.93835684872252,46.25703041090715,45.70230342544187,45.843936920166016,76304000
2018-07-26,GOOG,62.084354295041734,63.01591643639878,61.9860922563379,62.94440460205078,48112000
2018-07-26,MSFT,102.77233001263166,103.01362517123856,101.62154915541102,101.73291778564453,31372100
2018-07-26,^GSPC,2835.489990234375,2845.570068359375,2835.260009765625,2837.43994140625,3667290000
2018-07-27,AAPL,46.02805457480702,46.0752645352622,44.8737535725159,45.081478118896484,96096000
2018-07-27,GOOG,63.07691127468046,63.220336294153725,61.09179995974922,61.46400833129883,42612000
2018-07-27,MSFT,102.2526451813126,102.2526451813126,98.50331881533518,99.9325180053711,37005300
2018-07-27,^GSPC,2842.35009765625,2843.169921875,2808.340087890625,2818.820068359375,3434370000
2018-07-30,AAPL,45.29863946163672,45.369456191762815,44.63061160600539,44.828895568847656,84118000
2018-07-30,GOOG,60.943416820579046,61.286145076237545,60.1225735990212,60.53299331665039,36998000
2018-07-30,MSFT,99.47777141622036,99.7933053019624,97.22260760062328,97.7887191772461,34668300
2018-07-30,^GSPC,2819.0,2821.739990234375,2798.110107421875,2802.60009765625,3261190000
2018-07-31,AAPL,44.92096864396287,45.35530609259082,44.69435576534987,44.91860580444336,157492000
2018-07-31,GOOG,60.54639308869242,60.92247107046691,59.831255775122386,60.409915924072266,32894000
2018-07-31,MSFT,98.828128987014,99.04158378917822,97.79799201926023,98.4476318359375,27655200
2018-07-31,^GSPC,2809.72998046875,2824.4599609375,2808.06005859375,2816.2900390625,3906890000
2018-08-01,AAPL,47.005324226036834,47.62614234463773,46.57570522201476,47.56476974487305,271742800
2018-08-01,GOOG,60.942922141638405,61.2143846745319,60.06004417030798,60.54639434814453,31344000
2018-08-01,MSFT,98.4012042073861,98.7909837609551,97.83509277367028,98.63321685791016,23628700
2018-08-01,^GSPC,2821.169921875,2825.830078125,2805.85009765625,2813.360107421875,3501350000
2018-08-02,AAPL,47.34760420380157,49.18882194191955,47.29331291565383,48.95512771606445,249616000
2018-08-02,GOOG,59.846137627053956,61.03621308484276,59.7910507613847,60.85110092163086,30626000
2018-08-02,MSFT,97.81653801707952,100.31298940214222,97.29682484850649,99.83040618896484,26104300
2018-08-02,^GSPC,2800.47998046875,2829.909912109375,2796.340087890625,2827.219970703125,3501380000
2018-08-03,AAPL,48.87013170433241,49.27378457500198,48.50424823948115,49.096744537353516,133789600
2018-08-03,GOOG,61.02331290550278,61.042172462431914,60.300731756353265,60.73001480102539,21792000
2018-08-03,MSFT,100.04389420751782,100.2759069426183,99.13440117051852,100.2666244506836,18659600
2018-08-03,^GSPC,2829.6201171875,2840.3798828125,2827.3701171875,2840.35009765625,3043690000
2018-08-06,AAPL,49.09910950623912,49.394176270098725,48.87958156283439,49.351688385009766,101701600
2018-08-06,GOOG,60.794035169082,60.84803158516902,60.33730901475114,60.78261947631836,21634000
2018-08-06,MSFT,100.34085276397428,100.6192637493659,99.82113951307196,100.35012817382812,20265900
2018-08-06,^GSPC,2840.2900390625,2853.2900390625,2835.97998046875,2850.39990234375,2879020000
2018-08-07,AAPL,49.41070631349122,49.4531942025148,48.806406499558236,48.8890266418457,102349600
2018-08-07,GOOG,61.38956961747566,62.09279525250614,61.348378464325116,61.64862823486328,29880000
2018-08-07,MSFT,100.74919710957667,101.25034541375246,100.38725784774961,101.04617309570312,16080200
2018-08-07,^GSPC,2855.919921875,2863.429931640625,2855.919921875,2858.449951171875,3185440000
2018-08-08,AAPL,48.638813761264295,49.05426653375146,48.27765227337783,48.92207717895508,90102000
2018-08-08,GOOG,61.56177342918178,62.35730898772184,61.439589550937214,61.81686019897461,27406000
2018-08-08,MSFT,101.46377449595177,101.85355405132424,100.93478593352793,101.61225891113281,15487500
2018-08-08,^GSPC,2856.7900390625,2862.43994140625,2853.090087890625,2857.699951171875,2978070000
2018-08-09,AAPL,49.460279922979375,49.51929328647282,48.91027494299363,49.306846618652344,93970400
2018-08-09,GOOG,62.02976206061093,62.309762671874694,61.83671002390411,61.99006271362305,16972000
2018-08-09,MSFT,101.8164426412747,102.23406970945088,101.7143564966404,101.7793197631836,13677200
2018-08-09,^GSPC,2857.18994140625,2862.47998046875,2851.97998046875,2853.580078125,3066180000
2018-08-10,AAPL,49.119699947958416,49.531874656101,48.956251294479095,49.159969329833984,98444800
2018-08-10,GOOG,61.68733241439009,61.82107964575506,61.141423802166074,61.419837951660156,22174000
2018-08-10,MSFT,101.54731901271649,101.79789669914683,100.58214531037817,101.15753936767578,18183700
2018-08-10,^GSPC,2838.89990234375,2842.199951171875,2825.81005859375,2833.280029296875,3265590000
2018-08-13,AAPL,49.581633918587094,49.970119181177054,49.200254807210406,49.4774055480957,103563600
2018-08-13,GOOG,61.38857566976447,61.998650743231245,61.22286827379561,61.290809631347656,19946000
2018-08-13,MSFT,101.38028404820359,101.69582505383296,100.32230652900347,100.42439270019531,18472500
2018-08-13,^GSPC,2835.4599609375,2843.39990234375,2819.8798828125,2821.929931640625,3173630000
2018-08-14,AAPL,49.7829742500463,49.8777253230472,49.33289761698768,49.68585205078125,82992000
2018-08-14,GOOG,61.299740753374465,61.82976587705116,60.79949487460056,61.642669677734375,26962000
2018-08-14,MSFT,100.74918770924316,101.85357037357572,100.26660443198952,101.67723846435547,16788300
2018-08-14,^GSPC,2827.8798828125,2843.110107421875,2826.580078125,2839.9599609375,2986500000
2018-08-15,AAPL,49.56030951805078,49.92037013258283,49.34948529013519,49.80192947387695,115230400
2018-08-15,GOOG,61.00545157959918,61.302225518697504,60.02529980727549,60.266990661621094,36576000
2018-08-15,MSFT,101.0716799695474,101.53749102107155,99.51587276330781,100.2984390258789,29982800
2018-08-15,^GSPC,2827.949951171875,2827.949951171875,2802.489990234375,2818.3701171875,3656680000
2018-08-16,AAPL,50.15961925273996,50.64759419111368,50.0932927726419,50.531524658203125,114001600
2018-08-16,GOOG,60.780632928579564,60.843659666172826,59.67988757836699,59.875423431396484,26864000
2018-08-16,MSFT,100.89469742985864,101.41640364078805,99.96307513450523,100.27982330322266,21384300
2018-08-16,^GSPC,2831.43994140625,2850.489990234375,2831.43994140625,2840.68994140625,3232000000
2018-08-17,AAPL,50.55994945107156,51.628282901605665,50.493622970722605,51.5406379699707,141708000
2018-08-17,GOOG,59.654089332720766,60.000986316543205,58.96971946480121,59.60098648071289,27792000
2018-08-17,MSFT,100.01895708475672,100.52203391121728,99.39477193455521,100.22391510009766,18061500
2018-08-17,^GSPC,2838.320068359375,2855.6298828125,2833.72998046875,2850.1298828125,3037640000
2018-08-20,AAPL,51.66381098233199,51.919639595681524,50.95553462143338,51.03844451904297,121150800
2018-08-20,GOOG,59.802472420127124,60.09924635983691,59.286642123877996,59.93894958496094,17416000
2018-08-20,MSFT,100.15870713623515,100.52203923441158,99.19913738424545,99.56246948242188,17914200
2018-08-20,^GSPC,2853.929931640625,2859.760009765625,2850.6201171875,2857.050048828125,2757150000
2018-08-21,AAPL,51.35586295698155,51.44824651291401,50.699700789987496,50.93894958496094,104639200
2018-08-21,GOOG,59.95036114279354,60.40991185184236,59.57090580746533,59.63373565673828,24112000
2018-08-21,MSFT,99.60905755700568,100.00965544216562,98.61222195082362,98.73333740234375,22881900
2018-08-21,^GSPC,2861.510009765625,2873.22998046875,2861.320068359375,2862.9599609375,3174010000
2018-08-22,AAPL,50.71628582322843,51.25163623938956,50.65469437430576,50.941322326660156,76072400
2018-08-22,GOOG,59.55334174717575,60.14093378007894,59.50371471964633,59.9171142578125,17748000
2018-08-22,MSFT,98.61220187225227,100.00031686752256,98.54698860690971,99.73946380615234,18000600
2018-08-22,^GSPC,2860.989990234375,2867.5400390625,2856.050048828125,2861.820068359375,2701250000
2018-08-23,AAPL,50.84656446640167,51.41508169772484,50.83472329421443,51.04554748535156,75532800
2018-08-23,GOOG,59.907677737951666,60.609415285056514,59.76376050565219,59.820335388183594,19852000
2018-08-23,MSFT,99.82330750227504,100.78287710944753,99.56245445656357,100.20526885986328,18167700
2018-08-23,^GSPC,2860.2900390625,2868.780029296875,2854.030029296875,2856.97998046875,2724450000
2018-08-24,AAPL,51.30848248336093,51.37954396991234,50.955528103897144,51.204254150390625,73905600
2018-08-24,GOOG,59.99105950151113,60.62778254412683,59.86892484099524,60.578155517578125,18932000
2018-08-24,MSFT,100.30776662941695,101.13690986890228,100.20528761260742,100.98785400390625,17234000
2018-08-24,^GSPC,2862.35009765625,2876.159912109375,2862.35009765625,2874.68994140625,2603010000
2018-08-27,AAPL,51.43876965842527,51.81541364909847,51.244528884025435,51.62590789794922,82100400
2018-08-27,GOOG,60.92306711934762,61.691799474414836,60.829568243437514,61.6287727355957,23126000
2018-08-27,MSFT,101.79835976671103,102.14306255675746,101.09033197679238,102.10579681396484,19662300
2018-08-27,^GSPC,2884.68994140625,2898.25,2884.68994140625,2896.739990234375,2865070000
2018-08-28,AAPL,51.87936369890885,52.24179173927644,51.85804525289221,52.04281234741211,91107200
2018-08-28,GOOG,61.602472692785405,61.664757320349956,60.9771653224337,61.099246978759766,26080000
2018-08-28,MSFT,102.42253094610703,102.94423702215866,102.28278621638972,102.72064971923828,19151500
2018-08-28,^GSPC,2901.449951171875,2903.77001953125,2893.5,2897.52001953125,2687770000
2018-08-29,AAPL,52.14942669003543,52.940613129889776,51.974136807915215,52.819801330566406,109019200
2018-08-29,GOOG,61.41189676897277,62.06747930851146,61.35775269220863,61.99998474121094,25978000
2018-08-29,MSFT,102.89768192301807,104.36964688763311,102.72998962188832,104.3603286743164,20818000
2018-08-29,^GSPC,2900.6201171875,2916.5,2898.39990234375,2914.0400390625,2805520000
2018-08-30,AAPL,52.883744837114136,54.07051872797575,52.682394306819354,53.30539321899414,195175200
2018-08-30,GOOG,61.74837647374232,62.215128754606184,61.170712122503964,61.494781494140625,26628000
2018-08-30,MSFT,104.03423667474098,104.90996371036017,103.8199675752038,104.29508972167969,22798700
2018-08-30,^GSPC,2908.93994140625,2912.4599609375,2895.219970703125,2901.1298828125,2810450000
2018-08-31,AAPL,53.65598563398304,54.21502568482457,53.53517746394279,53.921295166015625,173360400
2018-08-31,GOOG,61.289320858672426,61.471949224682774,60.11339091768337,60.45606994628906,36328000
2018-08-31,MSFT,104.05287891613271,105.06834363532333,103.89449775073722,104.64911651611328,23222700
2018-08-31,^GSPC,2898.3701171875,2906.320068359375,2891.72998046875,2901.52001953125,2887220000
2018-09-04,AAPL,54.10606018131684,54.28845618519026,53.68441174415916,54.094215393066406,109560400
2018-09-04,GOOG,59.76525357281565,60.1980086755781,59.18113357444855,59.404457092285156,36620000
2018-09-04,MSFT,103.27032983255114,104.30443114714971,102.68341034631169,104.07152557373047,22634600
2018-09-04,^GSPC,2896.9599609375,2900.179931640625,2885.1298828125,2896.719970703125,3087420000
2018-09-05,AAPL,54.24345135322492,54.40452890571395,53.321983221015245,53.74126052856445,133332000
2018-09-05,GOOG,59.24564268087913,59.504205263614864,57.667479117970046,58.88236999511719,41226000
2018-09-05,MSFT,103.41936979962729,103.80133115903418,100.7083461165484,101.0716781616211,32872400
2018-09-05,^GSPC,2891.590087890625,2894.2099609375,2876.919921875,2888.60009765625,3248780000
2018-09-06,AAPL,53.58966459168317,53.85497415063341,52.421841319243384,52.848228454589844,137160000
2018-09-06,GOOG,58.87343612166781,58.87343612166781,57.17120305634378,58.13596725463867,37770000
2018-09-06,MSFT,100.8481106548489,101.53750914399238,100.15871216570542,101.30460357666016,23477600
2018-09-06,^GSPC,2888.639892578125,2892.050048828125,2867.2900390625,2878.050048828125,3144240000
2018-09-07,AAPL,52.552118477788824,53.38593806128113,52.28207393714789,52.42183303833008,150479200
2018-09-07,GOOG,57.50222419741703,58.32555124285028,57.43001567917386,57.80793380737305,28026000
2018-09-07,MSFT,100.82946558539263,101.2859584358911,99.89784346160071,100.81082916259766,22498600
2018-09-07,^GSPC,2868.260009765625,2883.81005859375,2864.1201171875,2871.679931640625,2976580000
2018-09-10,AAPL,52.3389123356153,52.552107632875895,51.27768533002034,51.718284606933594,158066000
2018-09-10,GOOG,58.17319608801926,58.289821689503285,57.57369233465996,57.79850387573242,22308000
2018-09-10,MSFT,101.39776388338817,102.14306453827149,100.95058917662922,101.90084075927734,20727900
2018-09-10,^GSPC,2881.389892578125,2886.929931640625,2875.93994140625,2877.1298828125,2751100000
2018-09-11,AAPL,51.642493122685174,53.13247858760648,51.299015945884626,53.025882720947266,142996000
2018-09-11,GOOG,57.64912353817893,58.49527437501253,57.38162905632791,58.42976760864258,24186000
2018-09-11,MSFT,101.45363678626946,103.95969512227354,101.44431857615014,103.63362884521484,24301800
2018-09-11,^GSPC,2871.570068359375,2892.52001953125,2866.780029296875,2887.889892578125,2904500000
2018-09-12,AAPL,53.284081020445285,53.29829332034055,52.07598492604216,52.36735153198242,197114800
2018-09-12,GOOG,58.19949726871336,58.49180337588776,57.48683997810357,57.70817947387695,25910000
2018-09-12,MSFT,103.81067246873516,104.20195212622812,102.9535816644037,104.07152557373047,18891100
2018-09-12,^GSPC,2888.2900390625,2894.64990234375,2879.199951171875,2888.919921875,3341280000
2018-09-13,AAPL,52.94770315209747,54.09184013440997,52.722666665655694,53.63228988647461,166825600
2018-09-13,GOOG,58.10123010895812,58.491802037945554,57.70966995582557,58.32902145385742,28624000
2018-09-13,MSFT,104.45346324823947,105.95337526628593,104.45346324823947,105.18944549560547,26055600
2018-09-13,^GSPC,2896.85009765625,2906.760009765625,2896.389892578125,2904.179931640625,3274090000
2018-09-14,AAPL,53.47595413532005,53.734153888023066,52.710828538938394,53.02350997924805,127997200
2018-09-14,GOOG,58.516128317684036,58.58188498720808,57.98163529912231,58.19007110595703,18880000
2018-09-14,MSFT,105.60867800499783,105.95338072830725,104.7515874098478,105.61799621582031,19122300
2018-09-14,^GSPC,2906.3798828125,2908.300048828125,2895.77001953125,2904.97998046875,3179410000
2018-09-17,AAPL,52.623178686440205,52.812684446957874,51.46720041487374,51.611698150634766,148780400
2018-09-17,GOOG,58.07144991489716,58.42380669524039,57.2719463562965,57.372196197509766,26130000
2018-09-17,MSFT,105.91614730821173,105.92545841416279,104.21127670085836,104.47212982177734,20736500
2018-09-17,^GSPC,2903.830078125,2904.64990234375,2886.159912109375,2888.800048828125,2967980000
2018-09-18,AAPL,51.59037623243215,52.55211733723163,51.43166619672579,51.69697570800781,126286800
2018-09-18,GOOG,57.423812801381594,58.36624545589058,57.423812801381594,57.62877655029297,24072000
2018-09-18,MSFT,104.51866660543386,105.92541060223917,104.08080316108219,105.46891784667969,22170900
2018-09-18,^GSPC,2890.739990234375,2911.169921875,2890.429931640625,2904.31005859375,3091190000
2018-09-19,AAPL,51.75856748672499,52.023873403694104,51.000547999297495,51.7277717590332,108495200
2018-09-19,GOOG,57.81537316416435,58.22380883468861,57.299243784644965,58.11859893798828,23828000
2018-09-19,MSFT,105.31990589854558,105.57144079702461,103.44734304910675,104.06221008300781,21728400
2018-09-19,^GSPC,2906.60009765625,2912.360107421875,2903.820068359375,2907.949951171875,3302460000
2018-09-20,AAPL,52.17074505190675,52.653981371303495,51.912541656993724,52.12099838256836,106435200
2018-09-20,GOOG,58.56028485472054,59.05159882041535,58.23125167115349,58.9017219543457,24508000
2018-09-20,MSFT,104.60251284534303,106.01858220910925,104.27644657990723,105.80430603027344,23714500
2018-09-20,^GSPC,2919.72998046875,2934.800048828125,2919.72998046875,2930.75,3406520000
2018-09-21,AAPL,52.29865795357762,52.436049554005606,51.47194083901891,51.55958938598633,384986800
2018-09-21,GOOG,59.15631424344564,59.16673792531167,57.86797669793857,57.870460510253906,88112000
2018-09-21,MSFT,106.20493504164283,107.406728580566,105.74844213557101,106.44715881347656,71229700
2018-09-21,^GSPC,2936.760009765625,2940.909912109375,2927.110107421875,2929.669921875,5652470000
2018-09-24,AAPL,51.36060612339808,52.412356078089026,51.31559809726625,52.301021575927734,110773600
2018-09-24,GOOG,57.42777906834586,58.46152580693436,56.91859756566887,58.231746673583984,25420000
2018-09-24,MSFT,105.30124944942493,107.04338541169668,104.5466377897588,106.82910919189453,27334500
2018-09-24,^GSPC,2921.830078125,2923.7900390625,2912.6298828125,2919.3701171875,3392030000
2018-09-25,AAPL,52.05466515288594,52.78189247156223,52.04282036510038,52.63265609741211,98217600
2018-09-25,GOOG,58.36971808340542,58.90222703178197,57.96525421161534,58.79155349731445,19554000
2018-09-25,MSFT,106.95021892594242,107.22970128870917,105.97201288697764,106.6241455078125,22668000
2018-09-25,^GSPC,2921.75,2923.949951171875,2913.699951171875,2915.56005859375,3330880000
2018-09-26,AAPL,52.350762852927,53.00218637259011,52.057028764651164,52.21337127685547,95938800
2018-09-26,GOOG,58.816369284825406,59.26698815047062,58.300985765765354,58.585105895996094,29246000
2018-09-26,MSFT,106.6427950759153,107.19244876584496,105.96270773802752,106.1863021850586,19352000
2018-09-26,^GSPC,2916.97998046875,2931.14990234375,2903.280029296875,2905.969970703125,3417540000
2018-09-27,AAPL,53.018772217071486,53.63940004203078,52.95244213031854,53.28644561767578,120724800
2018-09-27,GOOG,58.89477848823333,59.657558801914746,58.74093356916582,59.28733444213867,25216000
2018-09-27,MSFT,106.93159446712514,107.05270990148215,106.39125188785934,106.58689880371094,19091300
2018-09-27,^GSPC,2911.64990234375,2927.219970703125,2909.27001953125,2914.0,3101360000
2018-09-28,AAPL,53.24854310635677,53.497269181508,53.06614711716459,53.47358322143555,91717600
2018-09-28,GOOG,59.149864663899834,59.325548956373915,58.78410814120594,59.229270935058594,27612000
2018-09-28,MSFT,106.38194455536839,106.73595844344976,105.90681522863571,106.54963684082031,21647800
2018-09-28,^GSPC,2910.030029296875,2920.530029296875,2907.5,2913.97998046875,3461680000
2018-10-01,AAPL,53.99708972184782,54.34530550981975,53.618081823828625,53.833641052246094,94403200
2018-10-01,GOOG,59.54787867639495,60.044652502602204,59.0719484277985,59.32058334350586,27152000
2018-10-01,MSFT,106.90362324636443,107.77003198051271,106.88499393397609,107.70481872558594,18883100
2018-10-01,^GSPC,2926.2900390625,2937.06005859375,2917.909912109375,2924.590087890625,3375890000
2018-10-02,AAPL,53.83127647394593,54.48270006163944,53.68441122173111,54.3121452331543,99152800
2018-10-02,GOOG,59.1047012869465,60.04762986556162,58.889813665626285,59.55879592895508,33758000
2018-10-02,MSFT,107.41603563616371,107.91910533721561,106.61484002676569,107.27629089355469,20787200
2018-10-02,^GSPC,2923.800048828125,2931.419921875,2919.3701171875,2923.429931640625,3432620000
2018-10-03,AAPL,54.494544108242195,55.30467772526183,54.430585144800126,54.973045349121094,114619200
2018-10-03,GOOG,59.80148304979937,59.87145765361811,59.24714227704415,59.699745178222656,25124000
2018-10-03,MSFT,107.52781976777152,108.2358545453158,107.07132693448554,107.29491424560547,16648000
2018-10-03,^GSPC,2931.68994140625,2939.860107421875,2921.360107421875,2925.510009765625,3625510000
2018-10-04,AAPL,54.66747386831033,55.03937929696,53.708103744514275,54.00657653808594,128168000
2018-10-04,GOOG,59.321574481117125,59.42976419553826,57.34867404136697,57.97467803955078,44190000
2018-10-04,MSFT,106.77321933093434,106.91296408040951,103.9969820886142,105.07766723632812,34821700
2018-10-04,^GSPC,2919.35009765625,2919.780029296875,2883.919921875,2901.610107421875,3510370000
2018-10-05,AAPL,53.99946547548334,54.10606134298205,52.25128023622536,53.13010787963867,134322000
2018-10-05,GOOG,57.940435860019676,58.23820179668711,56.82976660660757,57.43671417236328,23686000
2018-10-05,MSFT,104.92858720139613,105.4316639530208,103.07466134264541,104.46277618408203,29068900
2018-10-05,^GSPC,2902.5400390625,2909.639892578125,2869.2900390625,2885.570068359375,3340820000
2018-10-08,AAPL,52.63740083086662,53.250922595273806,52.16126705421183,53.006935119628906,118655600
2018-10-08,GOOG,57.07741076199877,57.96525253412296,55.94857481979366,57.020835876464844,38648000
2018-10-08,MSFT,104.02491282012511,104.36960840087909,101.86354302137234,103.27029418945312,29640600
2018-10-08,^GSPC,2877.530029296875,2889.449951171875,2862.080078125,2884.429931640625,3381820000
2018-10-09,AAPL,52.976134925197805,53.83601521931259,52.64687005570699,53.74126052856445,107564000
2018-10-09,GOOG,56.88088143683387,57.28782909891012,56.45517644804331,56.517112731933594,26174000
2018-10-09,MSFT,103.54048867904079,105.34783798554479,103.22374054904613,104.58390808105469,26198600
2018-10-09,^GSPC,2882.510009765625,2894.830078125,2874.27001953125,2880.340087890625,3531690000
2018-10-10,AAPL,53.407261684262664,53.61808590534996,51.17820769212848,51.25164031982422,167962400
2018-10-10,GOOG,56.132995447322564,56.187090308048134,53.65408624375751,53.65855407714844,53514000
2018-10-10,MSFT,103.63364361843985,103.8758673620895,98.55630585952149,98.90100860595703,61376300
2018-10-10,^GSPC,2873.89990234375,2874.02001953125,2784.860107421875,2785.679931640625,4554260000
2018-10-11,AAPL,50.81576631416963,51.99543391670601,50.29462829166721,50.7991828918457,212497600
2018-10-11,GOOG,53.24763686841414,54.90818294591946,53.01587746699064,53.56426239013672,58980000
2018-10-11,MSFT,98.14639283783346,101.48160186640472,97.07502593552881,98.66810607910156,63904300
2018-10-11,^GSPC,2776.8701171875,2795.139892578125,2710.510009765625,2728.3701171875,4914090000
2018-10-12,AAPL,52.21337471372891,52.79610429097438,51.36533924220412,52.613704681396484,161351600
2018-10-12,GOOG,54.98758680036194,55.334979777720214,53.91572328035809,55.09081268310547,42026000
2018-10-12,MSFT,101.55612897191689,103.63364231266301,99.79536373927236,102.07783508300781,47742100
2018-10-12,^GSPC,2770.5400390625,2775.77001953125,2729.43994140625,2767.1298828125,4024010000
2018-10-15,AAPL,52.388659630741124,52.54736963908297,51.4671916862052,51.48851013183594,123164000
2018-10-15,GOOG,55.03274696294184,55.25785761623235,54.04465908785686,54.20594787597656,27448000
2018-10-15,MSFT,101.46297598197236,101.99400034521736,99.63699023735157,100.24254608154297,32068100
2018-10-15,^GSPC,2763.830078125,2775.989990234375,2749.030029296875,2750.7900390625,3327160000
2018-10-16,AAPL,51.860414780356344,52.82215577413078,51.34638285746318,52.623172760009766,116736000
2018-10-16,GOOG,54.818349941525625,55.79254200162412,54.714628061907995,55.646636962890625,38570000
2018-10-16,MSFT,102.04987454451863,103.7920102400785,101.5002138695233,103.41004180908203,31610200
2018-10-16,^GSPC,2767.050048828125,2813.4599609375,2766.909912109375,2809.919921875,3460260000
2018-10-17,AAPL,52.65871322646053,52.7392520002313,51.95754299454812,52.395774841308594,91541600
2018-10-17,GOOG,55.903717528807704,56.0292750092405,54.69925019623523,55.369224548339844,29344000
2018-10-17,MSFT,104.04356724645947,104.16467557329408,102.05921452560354,103.139892578125,26548200
2018-10-17,^GSPC,2811.669921875,2816.93994140625,2781.81005859375,2809.2099609375,3347090000
2018-10-18,AAPL,51.6069536566275,52.05229160113189,50.455710539180835,51.17109298706055,130325200
2018-10-18,GOOG,55.67443143689045,55.67443143689045,53.45358889312594,53.99353790283203,41890000
2018-10-18,MSFT,102.57160301270362,102.9722008438489,100.45682374168024,101.08100891113281,32506200
2018-10-18,^GSPC,2802.0,2806.0400390625,2755.179931640625,2768.780029296875,3639300000
2018-10-19,AAPL,51.654334023038835,52.41235343553008,51.5050976522359,51.950435638427734,132314800
2018-10-19,GOOG,54.261526153945155,55.10470470128183,53.98261978032637,54.414878845214844,25352000
2018-10-19,MSFT,101.48158394392374,103.27961467405116,100.81081497198021,101.23004913330078,32785500
2018-10-19,^GSPC,2775.659912109375,2797.77001953125,2760.27001953125,2767.780029296875,3593940000
2018-10-22,AAPL,52.06413853844261,52.909806501448585,51.86279160524243,52.26785659790039,115168400
2018-10-22,GOOG,54.74241868809968,55.19750533818632,54.143907027361166,54.64812469482422,30284000
2018-10-22,MSFT,101.84494266712382,102.98152293352692,100.83878894528694,102.13374328613281,26545600
2018-10-22,^GSPC,2773.93994140625,2778.93994140625,2749.219970703125,2755.8798828125,3331270000
2018-10-23,AAPL,51.12609101465835,52.88374981323003,50.858413991095595,52.76057052612305,155071200
2018-10-23,GOOG,53.64217637684152,54.982128878417655,53.101731328967226,54.7736930847168,36974000
2018-10-23,MSFT,100.40091412557543,101.5188649495755,97.92280294831062,100.7083511352539,43770400
2018-10-23,^GSPC,2721.030029296875,2753.590087890625,2691.429931640625,2740.68994140625,4373710000
2018-10-24,AAPL,52.72977496604514,53.11588899890719,50.820508791603096,50.9507942199707,163702000
2018-10-24,GOOG,54.80148671721502,54.89428892444622,52.04664694816212,52.144412994384766,39648000
2018-10-24,MSFT,100.99714429012741,101.07166864816199,94.64347543563044,95.32356262207031,63897800
2018-10-24,^GSPC,2737.8701171875,2742.590087890625,2651.889892578125,2656.10009765625,4738670000
2018-10-25,AAPL,51.571428208874636,52.44078212582718,51.344020575796435,52.06650924682617,119423200
2018-10-25,GOOG,53.19056063323894,55.13547276419158,53.0793948867499,54.37070846557617,50916000
2018-10-25,MSFT,99.26433753453978,101.79834367443905,98.89168727323583,100.8946762084961,61646800
2018-10-25,^GSPC,2674.8798828125,2722.699951171875,2667.840087890625,2705.570068359375,4663930000
2018-10-26,AAPL,51.142672067536914,52.15889488542669,50.37754646798605,51.2374267578125,189033600
2018-10-26,GOOG,51.465505329018,54.91463500580213,51.31959648525648,53.174686431884766,83752000
2018-10-26,MSFT,98.46313676373249,101.3138979629816,97.59672797270609,99.64629364013672,55523100
2018-10-26,^GSPC,2667.860107421875,2692.3798828125,2628.159912109375,2658.68994140625,4804330000
2018-10-29,AAPL,51.922004596336876,52.04044522779363,48.81885860636133,50.27568054199219,183742000
2018-10-29,GOOG,53.72058607561878,54.44366322386968,49.420834310067285,50.62430953979492,77614000
2018-10-29,MSFT,100.71769078169434,101.26734454532878,94.68077494890055,96.74897766113281,55162000
2018-10-29,^GSPC,2682.64990234375,2706.85009765625,2603.5400390625,2641.25,4701260000
2018-10-30,AAPL,50.01748979219112,50.97212123255405,49.57215536383629,50.52678680419922,146640000
2018-10-30,GOOG,50.04763670270087,51.48833124954801,49.66500463027883,51.424808502197266,64254000
2018-10-30,MSFT,96.57195561799315,97.24271759646787,93.26469413770623,96.63716888427734,65350900
2018-10-30,^GSPC,2640.679931640625,2685.429931640625,2635.340087890625,2682.6298828125,5125600000
2018-10-31,AAPL,51.3748100296124,52.22047426808277,51.31321858727521,51.843833923339844,153435600
2018-10-31,GOOG,52.59602677257129,54.19056630998586,52.45656978205983,53.437713623046875,50596000
2018-10-31,MSFT,98.23025099230718,100.74562819036518,98.18366703734871,99.5065689086914,51062400
2018-10-31,^GSPC,2705.60009765625,2736.68994140625,2705.60009765625,2711.739990234375,5133380000
2018-11-01,AAPL,51.88884206912743,52.672918481701075,51.358226731764,52.63975524902344,233292800
2018-11-01,GOOG,53.3895724105418,53.79527819287967,52.72753793543866,53.10173034667969,29640000
2018-11-01,MSFT,99.73015920317835,99.9816940694064,98.31408948098742,98.67742156982422,33384200
2018-11-01,^GSPC,2717.580078125,2741.669921875,2708.85009765625,2740.3701171875,4730250000
2018-11-02,AAPL,49.638478362284054,50.60968954752682,48.66252492433643,49.14813232421875,365314800
2018-11-02,GOOG,53.28683719879931,53.74564578631446,52.337952765271446,52.49576950073242,36780000
2018-11-02,MSFT,99.19912740286708,99.98168657936364,97.80169420965511,98.90100860595703,37680200
2018-11-02,^GSPC,2745.449951171875,2756.550048828125,2700.43994140625,2723.06005859375,4261230000
2018-11-05,AAPL,48.39483746884528,48.41615591270211,46.942754328583256,47.75288772583008,264654800
2018-11-05,GOOG,52.35731576900428,52.52952425206701,50.68188193700972,51.617366790771484,48828000
2018-11-05,MSFT,99.09664280795839,100.37296050346526,98.65877929489368,100.15869140625,27922100
2018-11-05,^GSPC,2726.3701171875,2744.27001953125,2717.93994140625,2738.31005859375,3650910000
2018-11-06,AAPL,47.83107430781383,48.49434270740384,47.77659261786653,48.26930618286133,127531600
2018-11-06,GOOG,51.58708722178409,52.82108384082481,51.517112622839925,52.39751052856445,24666000
2018-11-06,MSFT,100.03758437113291,101.39775186350134,99.01280142293346,100.35433959960938,24340200
2018-11-06,^GSPC,2738.39990234375,2756.820068359375,2737.080078125,2755.449951171875,3543800000
2018-11-07,AAPL,48.7904402414107,49.759283862951555,48.35457952948075,49.73322677612305,133697600
2018-11-07,GOOG,53.05210051721853,54.36524971020342,52.89825181600936,54.26251983642578,41168000
2018-11-07,MSFT,101.9567431164862,104.56528119796215,101.9194773729019,104.30442810058594,37901700
2018-11-07,^GSPC,2774.1298828125,2815.14990234375,2774.1298828125,2813.889892578125,3929080000
2018-11-08,AAPL,49.913878467198,49.94715741120494,49.146083355881075,49.559696197509766,101450400
2018-11-08,GOOG,54.16277615359496,54.25657415825943,53.21116164141125,53.71711730957031,29764000
2018-11-08,MSFT,104.15534096146503,104.53730228002146,103.32619796187662,104.10875701904297,25644100
2018-11-08,^GSPC,2806.3798828125,2814.75,2794.989990234375,2806.830078125,3673550000
2018-11-09,AAPL,48.860839393714286,48.97018295136626,48.076402922214434,48.6041145324707,137463200
2018-11-09,GOOG,53.29974754158029,53.37766201547968,52.263516843635365,52.91066360473633,26864000
2018-11-09,MSFT,103.27031025562287,103.8292821043221,101.32322344264949,102.07783508300781,32039200
2018-11-09,^GSPC,2794.10009765625,2794.10009765625,2764.239990234375,2781.010009765625,4029030000
2018-11-12,AAPL,47.30384878341077,47.505901849670465,46.06538963892169,46.15571975708008,204542000
2018-11-12,GOOG,52.67443550491351,52.710662819230706,51.16624636848579,51.54490661621094,29436000
2018-11-12,MSFT,101.93810188528975,102.44117873839099,98.84511639074078,99.56246948242188,33621800
2018-11-12,^GSPC,2773.929931640625,2775.989990234375,2722.0,2726.219970703125,3701570000
2018-11-13,AAPL,45.55195373821801,46.871229325293164,45.50916444166148,45.694576263427734,187531600
2018-11-13,GOOG,51.77616712582415,52.436959614848746,51.17368364271846,51.41686248779297,30274000
2018-11-13,MSFT,100.19596801426506,101.3045935720355,99.34818842119805,99.62767791748047,35374600
2018-11-13,^GSPC,2730.050048828125,2754.60009765625,2714.97998046875,2722.179931640625,4112820000
2018-11-14,AAPL,46.09154728762127,46.22941826577733,44.19701557173812,44.40382385253906,243204000
2018-11-14,GOOG,52.109174265650836,52.33567448899195,51.166245593107725,51.794532775878906,31318000
2018-11-14,MSFT,101.14343131866259,101.29313825333169,97.74703554557746,98.21485900878906,39495100
2018-11-14,^GSPC,2737.89990234375,2746.800048828125,2685.75,2701.580078125,4449060000
2018-11-15,AAPL,44.7817780140005,45.632772481899075,44.427592041015245,45.499656677246094,185915200
2018-11-15,GOOG,51.8466396275246,53.19353606440142,51.20495278013197,52.839195251464844,36722000
2018-11-15,MSFT,98.2335506343939,100.86272286540327,97.2230575659847,100.37618255615234,38505200
2018-11-15,^GSPC,2693.52001953125,2735.3798828125,2670.75,2730.199951171875,4204960000
2018-11-16,AAPL,45.283342805851085,46.34589712406459,45.036128252088695,46.003597259521484,147713200
2018-11-16,GOOG,52.576167893969014,52.95284029455292,52.05855050668651,52.67939376831055,33162000
2018-11-16,MSFT,100.189050597778,101.87321037890553,99.92707066327492,101.32118225097656,33502100
2018-11-16,^GSPC,2718.5400390625,2746.75,2712.159912109375,2736.27001953125,3996970000
2018-11-19,AAPL,45.164476544147824,45.33087125862077,43.973561915777815,44.18036651611328,167701200
2018-11-19,GOOG,52.466492565323634,52.64465688103662,50.43473025971473,50.620338439941406,37172000
2018-11-19,MSFT,101.30249592109975,101.57383440334958,96.88624814834455,97.88739013671875,44773900
2018-11-19,^GSPC,2730.739990234375,2733.159912109375,2681.090087890625,2690.72998046875,3806940000
2018-11-20,AAPL,42.39995575767947,43.13685167759719,41.72011103790935,42.069541931152344,271300800
2018-11-20,GOOG,49.62778659859198,51.20297433236472,49.43026670544251,50.90619659423828,48982000
2018-11-20,MSFT,95.24883899200859,96.34354394165537,92.9565002439797,95.16462707519531,64052500
2018-11-20,^GSPC,2654.60009765625,2669.43994140625,2631.52001953125,2641.889892578125,4370820000
2018-11-21,AAPL,42.72323301174397,42.85159728838928,41.96732375178384,42.021995544433594,124496800
2018-11-21,GOOG,51.452098610011,52.03770656745822,51.288822031929364,51.49428176879883,30686000
2018-11-21,MSFT,96.93299797134713,97.7095864558145,95.66051787148334,96.47453308105469,28130600
2018-11-21,^GSPC,2657.739990234375,2670.72998046875,2649.820068359375,2649.929931640625,3237400000
2018-11-23,AAPL,41.58460933705691,41.97920521463513,40.90951995451612,40.954681396484375,94496000
2018-11-23,GOOG,51.11662236777395,51.4932986168344,50.73940089154266,50.81290054321289,13830000
2018-11-23,MSFT,95.59504251794816,97.12950287022898,95.43598425740646,96.43712615966797,13823100
2018-11-23,^GSPC,2633.360107421875,2647.550048828125,2631.090087890625,2632.56005859375,1651680000
2018-11-26,AAPL,41.41820317687881,41.586973662491694,40.47212364014225,41.50852966308594,179994000
2018-11-26,GOOG,51.53100622072772,52.07492703657137,51.31065875075566,52.04068374633789,38856000
2018-11-26,MSFT,98.04642972961533,99.76801642748327,97.84994475682075,99.61831665039062,32336200
2018-11-26,^GSPC,2649.969970703125,2674.35009765625,2649.969970703125,2673.449951171875,3523520000
2018-11-27,AAPL,40.76926040452482,41.544190095580014,40.61950696824367,41.41820526123047,165549600
2018-11-27,GOOG,51.66252414633079,52.485355195726704,51.53795867686173,51.831756591796875,36064000
2018-11-27,MSFT,99.4311857963454,100.42297629339376,98.57975089034167,100.24520111083984,29124500
2018-11-27,^GSPC,2663.75,2682.530029296875,2655.889892578125,2682.169921875,3494380000
2018-11-28,AAPL,42.01008640851806,43.094033084748894,41.58221176602375,43.01083755493164,184250000
2018-11-28,GOOG,52.047634529275605,53.9374598795694,51.40247182208586,53.907188415527344,49508000
2018-11-28,MSFT,100.94694307721191,104.16557068498466,100.9188748124682,103.96908569335938,46788500
2018-11-28,^GSPC,2691.449951171875,2744.0,2684.3798828125,2743.7900390625,3984540000
2018-11-29,AAPL,43.41970656582618,43.452985511934024,42.24067431047254,42.68043518066406,167080000
2018-11-29,GOOG,53.403470403952184,54.30495807314537,53.39949857556238,54.00992202758789,29378000
2018-11-29,MSFT,103.22990507076314,103.96906684147154,102.0135614706773,103.09891510009766,28123200
2018-11-29,^GSPC,2736.969970703125,2753.75,2722.93994140625,2737.800048828125,3599200000
2018-11-30,AAPL,42.85633792843457,42.865848271687376,42.081411801458295,42.449859619140625,158126000
2018-11-30,GOOG,54.048130035783586,54.370711391824386,53.49279727865425,54.31413650512695,51604000
2018-11-30,MSFT,103.5760929352627,103.82872155665649,102.32232970985662,103.75386810302734,33665600
2018-11-30,^GSPC,2737.760009765625,2760.8798828125,2732.760009765625,2760.169921875,4668310000
2018-12-03,AAPL,43.84759534023209,43.96169410234924,43.07504476195522,43.933170318603516,163210000
2018-12-03,GOOG,55.73895471725297,55.813889374698114,54.77245249586861,54.909671783447266,39824000
2018-12-03,MSFT,105.72807459368657,106.12104448515083,103.6041597759384,104.87663269042969,34732800
2018-12-03,^GSPC,2790.5,2800.179931640625,2773.3798828125,2790.3701171875,4221580000
2018-12-04,AAPL,43.01322909530219,43.35552893478612,41.90075824411287,42.00059509277344,165377200
2018-12-04,GOOG,54.74539897767924,54.809917519696555,52.10818085492468,52.14986801147461,46904000
2018-12-04,MSFT,104.7362940989416,105.39124393492924,101.24632875981874,101.536376953125,45197000
2018-12-04,^GSPC,2782.429931640625,2785.929931640625,2697.179931640625,2700.06005859375,4515710000
2018-12-06,AAPL,40.828701244786494,41.5465800066735,40.51017357886562,41.532318115234375,172393600
2018-12-06,GOOG,51.328034843280555,53.161285366889075,51.15483435595777,53.03870391845703,55384000
2018-12-06,MSFT,99.01014437739481,102.21005472944769,98.24291428470812,102.16327667236328,49107400
2018-12-06,^GSPC,2663.510009765625,2696.14990234375,2621.530029296875,2695.949951171875,5180430000
2018-12-07,AAPL,41.23992676487869,41.47763456048138,40.00622272535943,40.051387786865234,169126400
2018-12-07,GOOG,52.605948809283746,53.362773297922544,51.042176798358796,51.44316864013672,42024000
2018-12-07,MSFT,101.40539360005613,102.40653535088938,97.58796023236663,98.07449340820312,45044900
2018-12-07,^GSPC,2691.260009765625,2708.5400390625,2623.139892578125,2633.080078125,4242240000
2018-12-10,AAPL,39.22179290135247,40.431724914888164,38.82482125087968,40.315250396728516,248104000
2018-12-10,GOOG,51.3672336256557,52.032247863357824,50.783613462481625,51.59056091308594,36154000
2018-12-10,MSFT,98.0557736958329,101.03113038664328,97.20433180121667,100.66622161865234,40801500
2018-12-10,^GSPC,2630.860107421875,2647.510009765625,2583.22998046875,2637.719970703125,4162880000
2018-12-11,AAPL,40.8049254280497,40.83582497833246,39.69720611155068,40.08467102050781,189126800
2018-12-11,GOOG,52.43125723933353,52.63522518499317,51.604954202002375,52.196022033691406,27894000
2018-12-11,MSFT,102.7340141338596,103.81000216602375,100.52588727301165,101.60187530517578,42381900
2018-12-11,^GSPC,2664.43994140625,2674.35009765625,2621.300048828125,2636.780029296875,3963440000
2018-12-12,AAPL,40.50541699818574,40.86673395300004,40.17738262508479,40.1963996887207,142510800
2018-12-12,GOOG,53.00247372304621,53.679891900379005,52.74391112607517,52.78807830810547,30476000
2018-12-12,MSFT,103.75388234444064,104.1094255903541,102.02293703757942,102.06036376953125,36183000
2018-12-12,^GSPC,2658.22998046875,2685.43994140625,2650.260009765625,2651.070068359375,4029300000
2018-12-13,AAPL,40.526810600535384,41.02124333876003,40.30336465250625,40.63615417480469,127594400
2018-12-13,GOOG,53.005947000907746,53.58609516127768,52.3042094063539,52.699745178222656,26596000
2018-12-13,MSFT,102.52816329327518,103.73514834808086,101.63929467822015,102.40652465820312,31333400
2018-12-13,^GSPC,2658.699951171875,2670.18994140625,2637.27001953125,2650.5400390625,3978340000
2018-12-14,AAPL,40.17261653107448,40.191633589540416,39.28834326163995,39.33588409423828,162814800
2018-12-14,GOOG,52.108177590669534,52.73448069643032,51.65209892330714,51.71710968017578,33732000
2018-12-14,MSFT,101.28377167394228,102.2287769927059,98.71074283234098,99.20663452148438,47043100
2018-12-14,^GSPC,2629.679931640625,2635.070068359375,2593.840087890625,2599.949951171875,4064370000
2018-12-17,AAPL,39.32875174502848,40.018106488031215,38.682186288828,38.96981430053711,177151600
2018-12-17,GOOG,51.48932226483842,52.2655022962488,50.01984429730477,50.4481315612793,47708000
2018-12-17,MSFT,98.62654141940251,98.99144313290591,95.16464366728775,96.26870727539062,56957300
2018-12-17,^GSPC,2590.75,2601.1298828125,2530.5400390625,2545.93994140625,4661420000
2018-12-18,AAPL,39.31210489848359,39.82317505868575,39.076772943904686,39.47612380981445,135366000
2018-12-18,GOOG,50.9225717412705,52.083364025039714,50.691800584584094,51.05259704589844,43850000
2018-12-18,MSFT,97.07338471036186,97.78447849109436,95.92253565915559,97.27922821044922,49319200
2018-12-18,^GSPC,2559.89990234375,2573.989990234375,2528.7099609375,2546.159912109375,4519190000
2018-12-19,AAPL,39.45949521281454,39.8041708009938,37.81693342711854,38.244808197021484,196189200
2018-12-19,GOOG,51.314638712172716,52.704710541304316,50.02729298372471,50.76972579956055,49586000
2018-12-19,MSFT,96.97980806753063,100.0019437270026,94.82781722111935,97.0172348022461,68198200
2018-12-19,^GSPC,2547.050048828125,2585.2900390625,2488.9599609375,2506.9599609375,5152830000
2018-12-20,AAPL,38.128343196763346,38.534825274918376,36.91603516292652,37.279727935791016,259092000
2018-12-20,GOOG,50.52753119404101,51.32603892846739,49.44713350149328,50.09477615356445,53470000
2018-12-20,MSFT,96.41841321682328,97.5973231383496,92.42319706750443,94.9775161743164,70334200
2018-12-20,^GSPC,2496.77001953125,2509.6298828125,2441.179931640625,2467.419921875,5619780000
2018-12-21,AAPL,37.2868387300115,37.59585953806202,35.56821267070731,35.829689025878906,382978400
2018-12-21,GOOG,50.3870877993337,50.81984288772774,48.322077976863575,48.61240005493164,91920000
2018-12-21,MSFT,95.089793662508,96.37163250940587,91.1881477294741,91.90859985351562,111242100
2018-12-21,^GSPC,2465.3798828125,2504.409912109375,2408.550048828125,2416.6201171875,7657890000
2018-12-24,AAPL,35.21640220054204,36.024610738041524,34.845578685735234,34.90262985229492,148676800
2018-12-24,GOOG,48.332501877743596,49.803467952436755,48.14441365382821,48.44763946533203,31806000
2018-12-24,MSFT,91.39399048817165,91.66532894878243,87.9320997752578,88.07244110107422,43935200
2018-12-24,^GSPC,2400.56005859375,2410.340087890625,2351.10009765625,2351.10009765625,2613670000
2018-12-26,AAPL,35.25207483147406,37.374804188002045,34.87649599373954,37.36054229736328,234330000
2018-12-26,GOOG,49.08237683657645,51.61289714563787,48.78411487429101,51.586097717285156,47466000
2018-12-26,MSFT,89.017434450094,94.21027695616014,87.91337095954383,94.08863830566406,51634800
2018-12-26,^GSPC,2363.1201171875,2467.760009765625,2346.580078125,2467.699951171875,4249740000
2018-12-27,AAPL,37.044376055892066,37.265446156461685,35.672804906741206,37.118064880371094,212468400
2018-12-27,GOOG,50.47890145510754,51.80595025940411,49.4789018553998,51.80545425415039,42196000
2018-12-27,MSFT,92.90972598254437,94.67809778519059,90.19634895497337,94.66873931884766,49498500
2018-12-27,^GSPC,2442.5,2489.10009765625,2397.93994140625,2488.830078125,4139010000
2018-12-28,AAPL,37.43897869883537,37.68144167172036,36.73774141053779,37.137088775634766,169165600
2018-12-28,GOOG,52.09031457793115,52.38510449860644,51.27046335949555,51.46798324584961,28296000
2018-12-28,MSFT,95.52020065207348,95.81961455075107,93.11558810107603,93.92960357666016,38196300
2018-12-28,^GSPC,2498.77001953125,2520.27001953125,2472.889892578125,2485.739990234375,3728440000
2018-12-31,AAPL,37.6838164623134,37.88111436747767,37.196514756992805,37.496028900146484,140014000
2018-12-31,GOOG,52.156819322689465,52.2431696728436,50.798507035760835,51.3950309753418,29866000
2018-12-31,MSFT,94.77167327518096,95.81024188243391,93.97637485534001,95.03365325927734,33173800
2018-12-31,^GSPC,2498.93994140625,2509.239990234375,2482.820068359375,2506.85009765625,3461920000
2019-01-02,AAPL,36.81857518214231,37.75990002874859,36.6616871031855,37.5388298034668,148158800
2019-01-02,GOOG,50.45011139911309,52.22430681417616,50.407432235083256,51.90321350097656,30652000
2019-01-02,MSFT,93.14363711720264,95.2020571184505,92.57289202679499,94.61260223388672,35329300
2019-01-02,^GSPC,2476.9599609375,2519.489990234375,2467.469970703125,2510.030029296875,3733160000
2019-01-03,AAPL,34.225166520409374,34.63877937995314,33.75450611274441,33.7996711730957,365248800
2019-01-03,GOOG,51.66252330657634,52.45557509698363,50.32604666588562,50.424808502197266,36822000
2019-01-03,MSFT,93.65823955982005,93.74245148047763,90.9448625191118,91.13199615478516,42579100
2019-01-03,^GSPC,2491.919921875,2493.139892578125,2443.9599609375,2447.889892578125,3858830000
2019-01-04,AAPL,34.355919593258925,35.3115062860958,34.18239385652207,35.24256896972656,234428400
2019-01-04,GOOG,51.245157246269045,53.14341855987174,50.9884802088492,53.136966705322266,41878000
2019-01-04,MSFT,93.30268979526194,95.91314493729317,92.5635280477978,95.37046813964844,44060600
2019-01-04,^GSPC,2474.330078125,2538.070068359375,2474.330078125,2531.93994140625,4234140000
2019-01-07,AAPL,35.347151941896,35.37805511903299,34.68156932360782,35.16411590576172,219111200
2019-01-07,GOOG,53.17616475964746,53.30023420435672,52.34539397074116,53.021820068359375,39638000
2019-01-07,MSFT,95.09914125882105,96.62424299027653,94.48161807579945,95.49211120605469,35656100
2019-01-07,^GSPC,2535.610107421875,2566.159912109375,2524.56005859375,2549.68994140625,4133120000
2019-01-08,AAPL,35.55158826801926,36.088810372731615,35.30437368047146,35.8344612121582,164101200
2019-01-08,GOOG,53.40495523804268,53.8243106231069,52.631755021494904,53.41339111328125,35298000
2019-01-08,MSFT,96.40905489929126,97.27920677896326,95.16464284176976,96.18450164794922,31514400
2019-01-08,^GSPC,2568.110107421875,2579.820068359375,2547.56005859375,2574.409912109375,4120060000
2019-01-09,AAPL,35.96281848406448,36.732993212129,35.568226215682564,36.442989349365234,180396400
2019-01-09,GOOG,53.67988949922554,53.72852451232473,52.92306508557568,53.33299255371094,23986000
2019-01-09,MSFT,97.17629446177006,98.13065122620434,96.59619077300735,97.55990600585938,32280800
2019-01-09,^GSPC,2580.0,2595.320068359375,2568.889892578125,2584.9599609375,4088740000
2019-01-10,AAPL,36.25044639149984,36.59987721410009,35.86060567047333,36.55946731567383,143122800
2019-01-10,GOOG,52.985601501361764,53.15880199010424,52.491807453184116,53.118106842041016,29128000
2019-01-10,MSFT,96.5774630752603,97.07335473319617,95.791516057491,96.9330062866211,30067600
2019-01-10,^GSPC,2573.510009765625,2597.820068359375,2562.02001953125,2596.639892578125,3721300000
2019-01-11,AAPL,36.34077375101084,36.5356922830337,36.015111561582835,36.200523376464844,108092800
2019-01-11,GOOG,52.76326955474528,52.79279890505535,52.03374049969427,52.465999603271484,30416000
2019-01-11,MSFT,96.54940335828722,96.78331507714078,95.09914784602752,96.18450164794922,28314200
2019-01-11,^GSPC,2588.110107421875,2596.27001953125,2577.39990234375,2596.260009765625,3447460000
2019-01-14,AAPL,35.85822297159505,35.95805981203487,35.470758098093015,35.65616989135742,129756800
2019-01-14,GOOG,51.95632328660215,52.18510665706048,51.67518296449053,51.84565353393555,22886000
2019-01-14,MSFT,95.34240912247922,96.24998764896328,94.7435957492478,95.48275756835938,28437100
2019-01-14,^GSPC,2580.31005859375,2589.320068359375,2570.409912109375,2582.610107421875,3689370000
2019-01-15,AAPL,35.72035038921636,36.461997528565014,35.668054385581975,36.38593292236328,114843600
2019-01-15,GOOG,52.11760549128232,53.60048306029553,51.97716029586862,53.45656204223633,29272000
2019-01-15,MSFT,95.91317142907259,98.28971555319833,95.32370927838367,98.25228881835938,31587600
2019-01-15,^GSPC,2585.10009765625,2613.080078125,2585.10009765625,2610.300048828125,3601180000
2019-01-16,AAPL,36.3883190228914,37.053901744956434,36.36930195915994,36.8304557800293,122278800
2019-01-16,GOOG,53.59800966793215,54.2121550432304,53.56525438968833,53.646148681640625,26636000
2019-01-16,MSFT,98.4861995302885,99.42184647624642,98.20550259113324,98.59847259521484,29853900
2019-01-16,^GSPC,2614.75,2625.760009765625,2612.679931640625,2616.10009765625,3882180000
2019-01-17,AAPL,36.65454507889094,37.47701573113926,36.43109914799148,37.04914093017578,119284800
2019-01-17,GOOG,53.571696152483895,54.1836074957191,53.275418260940235,54.08931350708008,24854000
2019-01-17,MSFT,98.2428829764358,99.76798420900202,98.01832981410337,99.29080963134766,28393000
2019-01-17,^GSPC,2609.280029296875,2645.06005859375,2606.360107421875,2635.9599609375,3802410000
2019-01-18,AAPL,37.43897950260748,37.52930962970912,37.077662621334206,37.277339935302734,135004000
2019-01-18,GOOG,54.590561741335414,55.005051722163834,54.138947094960656,54.504207611083984,39112000
2019-01-18,MSFT,100.54460697047853,100.95629385782408,99.09435867459821,100.77851867675781,37427600
2019-01-18,^GSPC,2651.27001953125,2675.469970703125,2647.580078125,2670.7099609375,4009010000
2019-01-22,AAPL,37.17988432442107,37.25594894751966,36.278969574791795,36.44061279296875,121576000
2019-01-22,GOOG,53.99503486799835,54.1692273740354,52.77766377420555,53.127540588378906,32270000
2019-01-22,MSFT,99.88029985007604,100.20777481534334,98.11192789921378,98.87915802001953,32371300
2019-01-22,^GSPC,2657.8798828125,2657.8798828125,2617.27001953125,2632.89990234375,3923950000
2019-01-23,AAPL,36.64265395320385,36.87798596834581,36.060270599876375,36.587982177734375,92522400
2019-01-23,GOOG,53.466496727039775,53.842673172292535,52.59304661404736,53.37815856933594,19340000
2019-01-23,MSFT,99.29083682779277,100.15163013452457,98.56102635808371,99.84286499023438,25874300
2019-01-23,^GSPC,2643.47998046875,2653.18994140625,2612.860107421875,2638.699951171875,3358770000
2019-01-24,AAPL,36.63313858952016,36.72108928935596,36.06977242742449,36.297969818115234,101766000
2019-01-24,GOOG,53.423317929253095,53.57195289919321,52.640190048097296,53.2952766418457,27226000
2019-01-24,MSFT,99.9832148063459,100.11420478358741,98.56102771284047,99.36568450927734,23164800
2019-01-24,^GSPC,2638.840087890625,2647.199951171875,2627.010009765625,2642.330078125,3449230000
2019-01-25,AAPL,36.95881602681458,37.588744014533056,36.683077673523904,37.500789642333984,134142000
2019-01-25,GOOG,53.84614740712893,54.29279823504705,53.68833065505454,54.14341735839844,22382000
2019-01-25,MSFT,100.3387570118947,100.93757037001572,99.36568352034345,100.27326202392578,31225600
2019-01-25,^GSPC,2657.43994140625,2672.3798828125,2657.330078125,2664.760009765625,3821000000
2019-01-28,AAPL,37.03249899249603,37.160863244101265,36.52618381177193,37.15373229980469,104768400
2019-01-28,GOOG,53.60346345868098,53.74688847310223,52.79403219791114,53.10569763183594,25686000
2019-01-28,MSFT,99.42184318624786,99.62768664969413,97.92480954993792,98.31777954101562,29476700
2019-01-28,^GSPC,2644.969970703125,2644.969970703125,2624.06005859375,2643.85009765625,3630820000
2019-01-29,AAPL,37.14184542943609,37.58873727432573,36.633150859519866,36.76864242553711,166348800
2019-01-29,GOOG,53.234726883584095,53.357308320221286,52.40023789854855,52.63621520996094,20436000
2019-01-29,MSFT,98.1306485627345,98.21486049936881,95.59504621025587,96.31549835205078,31490500
2019-01-29,^GSPC,2644.889892578125,2650.929931640625,2631.050048828125,2640.0,3518070000
2019-01-30,AAPL,38.80580758399213,39.495158917172674,38.08792884157281,39.28122329711914,244439200
2019-01-30,GOOG,53.02381495968173,54.14391214787525,52.945400697498215,54.04763412475586,25596000
2019-01-30,MSFT,97.88736267231309,99.53409576416016,97.61602426619308,99.53409576416016,49471900
2019-01-30,^GSPC,2653.6201171875,2690.43994140625,2648.340087890625,2681.050048828125,3883270000
2019-01-31,AAPL,39.485646711738674,40.17262217665651,39.117198859839675,39.564090728759766,162958400
2019-01-31,GOOG,54.73944689238962,55.45061236586029,54.36277068162671,55.40296936035156,30766000
2019-01-31,MSFT,97.12014740108845,98.44876423560315,96.54004377520414,97.70960235595703,55636400
2019-01-31,^GSPC,2685.489990234375,2708.949951171875,2678.64990234375,2704.10009765625,4953800000
2019-02-01,AAPL,39.68770283999932,40.1678700686223,39.44286042612328,39.58311080932617,130672400
2019-02-01,GOOG,55.205944065066795,55.831255183283375,54.83323969196794,55.12405776977539,29244000
2019-02-01,MSFT,97.1014105274569,97.40081717711266,95.7634355002789,96.16576385498047,35535700
2019-02-01,^GSPC,2702.320068359375,2716.659912109375,2696.8798828125,2706.530029296875,3782490000
2019-02-04,AAPL,39.79466892346387,40.80492720687015,39.76376574470043,40.70746612548828,125982000
2019-02-04,GOOG,55.21884972913294,56.218353271484375,55.038205382402374,56.218353271484375,51530000
2019-02-04,MSFT,96.24999323619645,98.99143876964271,96.15642284123234,98.93529510498047,31315100
2019-02-04,^GSPC,2706.489990234375,2724.989990234375,2698.75,2724.8701171875,3369450000
2019-02-05,AAPL,41.09017348977209,41.61788513494221,40.9689438085808,41.40394592285156,144406400
2019-02-05,GOOG,55.82331730347729,56.91562304557691,55.446542645184145,56.87294387817383,71044000
2019-02-05,MSFT,99.23469181697888,100.36682352554445,99.1411285698546,100.3200454711914,27325400
2019-02-05,^GSPC,2728.340087890625,2738.97998046875,2724.030029296875,2737.699951171875,3597620000
2019-02-06,AAPL,41.51566269527601,41.73435704669742,41.08779158917797,41.41820526123047,112958400
2019-02-06,GOOG,56.55433677905064,56.923069353135546,55.22431195518961,55.346397399902344,42112000
2019-02-06,MSFT,100.11421310957806,100.11421310957806,98.73881109573868,99.20663452148438,20609800
2019-02-06,^GSPC,2735.050048828125,2738.080078125,2724.14990234375,2731.610107421875,3486590000
2019-02-07,AAPL,40.980825176670464,41.34689723690451,40.491147666218886,40.63377380371094,126966800
2019-02-07,GOOG,54.79701700639332,54.83076429503948,53.895775463189025,54.526546478271484,40896000
2019-02-07,MSFT,98.42069810799954,98.79495115122825,97.57861448389652,98.49554443359375,29760700
2019-02-07,^GSPC,2717.530029296875,2719.320068359375,2687.260009765625,2706.050048828125,4114040000
2019-02-08,AAPL,40.34253380423419,40.74120801805574,40.206457474282914,40.68152618408203,95280000
2019-02-08,GOOG,53.945398142838194,54.53646597229041,53.92306654939197,54.34539794921875,21516000
2019-02-08,MSFT,97.67218505158596,98.97273374783201,97.55055351727927,98.86981201171875,21461100
2019-02-08,^GSPC,2692.360107421875,2708.070068359375,2681.830078125,2707.8798828125,3649510000
2019-02-11,AAPL,40.834300008718834,40.87249724592725,40.40459019684676,40.44755935668945,83973600
2019-02-11,GOOG,54.43920405909926,54.885605030320505,54.236228094373274,54.342926025390625,21304000
2019-02-11,MSFT,99.36569886625857,99.72124926021628,98.2148571658676,98.47683715820312,18914100
2019-02-11,^GSPC,2712.39990234375,2718.050048828125,2703.7900390625,2709.800048828125,3395330000
2019-02-12,AAPL,40.607511484133255,40.822364577465294,40.51201838722743,40.796104431152344,89134000
2019-02-12,GOOG,54.928026857904484,55.8458939178999,54.88087986126619,55.65110397338867,32182000
2019-02-12,MSFT,99.30954878858985,100.24519556981902,98.69202562495619,100.01128387451172,25056600
2019-02-12,^GSPC,2722.610107421875,2748.18994140625,2722.610107421875,2744.72998046875,3843020000
2019-02-13,AAPL,40.91547143544663,41.17568331587446,40.5645420161693,40.626609802246094,89960800
2019-02-13,GOOG,55.83075986372551,56.314133985446745,55.508674522217035,55.59105682373047,20996000
2019-02-13,MSFT,100.58204581494022,100.84402581538083,99.84288387745728,99.93644714355469,18394900
2019-02-13,^GSPC,2750.300048828125,2761.85009765625,2748.6298828125,2753.030029296875,3684910000
2019-02-14,AAPL,40.514415776518796,40.88444021472851,40.4356353224416,40.774627685546875,87342800
2019-02-14,GOOG,55.486344215230446,55.9915539370861,55.10892588609724,55.66599655151367,18952000
2019-02-14,MSFT,99.46859463866956,100.38553151096735,98.8604300173565,100.0206298828125,21784700
2019-02-14,^GSPC,2743.5,2757.89990234375,2731.22998046875,2745.72998046875,3845390000
2019-02-15,AAPL,40.882046820585664,40.989473368364685,40.52395589952944,40.683902740478516,98507200
2019-02-15,GOOG,56.083361925536956,56.162268397642734,55.11909378875212,55.267974853515625,28996000
2019-02-15,MSFT,100.96563571514879,101.33053734584165,100.45102719062422,101.25568389892578,26606900
2019-02-15,^GSPC,2760.239990234375,2775.659912109375,2760.239990234375,2775.60009765625,3648680000
2019-02-19,AAPL,40.51441247272279,40.92740968979166,40.46189217428749,40.80565643310547,75891200
2019-02-19,GOOG,55.08684247322352,55.67691833313461,55.08684247322352,55.51165771484375,20928000
2019-02-19,MSFT,100.85336488291054,101.66738013205165,100.84400641657516,101.20890808105469,18038500
2019-02-19,^GSPC,2769.280029296875,2787.330078125,2767.2900390625,2779.760009765625,3535270000
2019-02-20,AAPL,40.867722528007896,41.37621278615762,40.81997780185189,41.06825256347656,104457600
2019-02-20,GOOG,55.582622578701894,55.75235102516929,54.85259753624892,55.27542495727539,21756000
2019-02-20,MSFT,101.3498541439657,101.42502727453088,99.87461550891942,100.68270874023438,21607700
2019-02-20,^GSPC,2779.050048828125,2789.8798828125,2774.06005859375,2784.699951171875,3904830000
2019-02-21,AAPL,41.01334466732138,41.14941731354865,40.655253771464714,40.83668518066406,68998800
2019-02-21,GOOG,55.12853110154367,55.18312197051622,54.21934967408047,54.44019317626953,28302000
2019-02-21,MSFT,100.44781480098753,102.87209489839475,100.41962666456043,102.80632019042969,29063200
2019-02-21,^GSPC,2780.239990234375,2781.580078125,2764.550048828125,2774.8798828125,3598260000
2019-02-22,AAPL,40.96082518714831,41.29981747146773,40.913080461961876,41.29265594482422,75652800
2019-02-22,GOOG,54.63522353475482,55.14837689206565,54.37219689524838,55.105201721191406,20990000
2019-02-22,MSFT,103.40769372961441,104.48827722203515,103.19157272978684,104.27216339111328,27763200
2019-02-22,^GSPC,2780.669921875,2794.199951171875,2779.110107421875,2792.669921875,3429350000
2019-02-25,AAPL,41.57675487791535,41.98497659401641,41.52662053316584,41.59346389770508,87493600
2019-02-25,GOOG,55.38460162021735,55.51065509072986,54.95135055639227,55.05706024169922,28262000
2019-02-25,MSFT,105.01448869308025,105.40913697619372,104.54466726016246,104.85474395751953,23750600
2019-02-25,^GSPC,2804.35009765625,2813.489990234375,2794.989990234375,2796.110107421875,3860260000
2019-02-26,AAPL,41.46931508945012,41.848890569149845,41.34040032556293,41.61732482910156,68280800
2019-02-26,GOOG,54.87591651363561,55.55879449747011,54.58658646381878,55.341426849365234,29426000
2019-02-26,MSFT,104.54465671472362,106.40514538682282,104.46008513749797,105.57826232910156,21536700
2019-02-26,^GSPC,2792.360107421875,2803.1201171875,2789.469970703125,2793.89990234375,3676200000
2019-02-27,AAPL,41.34995796663316,41.77727823840255,41.23536623787133,41.74624252319336,111341600
2019-02-27,GOOG,54.9354741337875,55.48286700411467,54.640188219702644,55.387088775634766,19368000
2019-02-27,MSFT,104.94869475986418,105.5782536441448,104.18757930306504,105.39971923828125,21487100
2019-02-27,^GSPC,2787.5,2795.760009765625,2775.1298828125,2792.3798828125,3771790000
2019-02-28,AAPL,41.614942642381884,41.755790868224764,41.28072225316888,41.335628509521484,112861600
2019-02-28,GOOG,55.15135607474391,55.962771419176846,55.13696435029679,55.57914733886719,30850000
2019-02-28,MSFT,105.2775792823821,106.06687578663566,104.98629231089409,105.26818084716797,29083900
2019-02-28,^GSPC,2788.110107421875,2793.72998046875,2782.510009765625,2784.489990234375,4445780000
2019-03-01,AAPL,41.60539628273946,41.81308788170758,41.273565459672234,41.770118713378906,103544800
2019-03-01,GOOG,55.82629382092888,56.7230674946276,55.8188499561449,56.62480545043945,29006000
2019-03-01,MSFT,106.0762709305597,106.19842190893111,104.92990561279369,105.73799896240234,23501200
2019-03-01,^GSPC,2798.219970703125,2808.02001953125,2787.3798828125,2803.68994140625,3994950000
2019-03-04,AAPL,41.94200066357132,42.4337783274615,41.53138940887495,41.98019790649414,109744800
2019-03-04,GOOG,56.9225656024718,57.48286592922289,56.11363415918252,56.962764739990234,28920000
2019-03-04,MSFT,106.19839900202945,106.41451994519831,104.1123985402147,105.4842758178711,26608000
2019-03-04,^GSPC,2814.3701171875,2816.8798828125,2767.659912109375,2792.81005859375,3949730000
2019-03-05,AAPL,42.00169532202978,42.01601838182944,41.66747480837809,41.90381622314453,78949600
2019-03-05,GOOG,57.07492816047068,58.04515225537699,56.883118015438725,57.668975830078125,28864000
2019-03-05,MSFT,105.4748904461263,105.60643984733515,104.51645807033258,104.95808410644531,19538300
2019-03-05,^GSPC,2794.409912109375,2796.43994140625,2782.969970703125,2789.64990234375,3631380000
2019-03-06,AAPL,41.69848921077895,41.89424730844964,41.52421933451056,41.662681579589844,83241600
2019-03-06,GOOG,57.69180004509437,57.94371010689203,57.34440708877357,57.4620246887207,21986000
2019-03-06,MSFT,105.11781797895127,105.86013647723293,104.70437294980606,105.00505828857422,17687000
2019-03-06,^GSPC,2790.27001953125,2790.27001953125,2768.68994140625,2771.449951171875,3800180000
2019-03-07,AAPL,41.50752098479349,41.64359731559196,41.06587759625248,41.18046569824219,99185600
2019-03-07,GOOG,57.35582404305863,57.40718898322487,56.323069182032164,56.73944854736328,23332000
2019-03-07,MSFT,104.67619103256415,104.81713886167553,103.23853894721778,103.7271499633789,25339000
2019-03-07,^GSPC,2766.530029296875,2767.25,2739.090087890625,2748.929931640625,3932150000
2019-03-08,AAPL,40.660047809895524,41.31654808390246,40.46428961606378,41.278350830078125,95997600
2019-03-08,GOOG,55.9171111598587,56.927038378433075,55.74689049655078,56.69081115722656,24248000
2019-03-08,MSFT,102.5714113290994,104.02785336548449,102.23313934811453,103.83992767333984,22818400
2019-03-08,^GSPC,2730.7900390625,2744.1298828125,2722.27001953125,2743.070068359375,3424300000
2019-03-11,AAPL,41.89425565466456,42.76083328628098,41.86083397800015,42.70831298828125,128044000
2019-03-11,GOOG,56.79651660653413,58.37170424005521,56.79651660653413,58.35036087036133,34384000
2019-03-11,MSFT,104.29092098376502,106.13261945733275,104.2815297202029,106.01986694335938,26491600
2019-03-11,^GSPC,2747.610107421875,2784.0,2747.610107421875,2783.300048828125,3764850000
2019-03-12,AAPL,42.97092100466611,43.60832256244585,42.82052161548895,43.18816375732422,129870400
2019-03-12,GOOG,58.47443296456696,59.55334281231683,58.47443296456696,59.21587371826172,40262000
2019-03-12,MSFT,106.01048242184132,107.10986259076586,105.85074489348224,106.76219940185547,26132700
2019-03-12,^GSPC,2787.340087890625,2798.320068359375,2786.72998046875,2791.52001953125,3432340000
2019-03-13,AAPL,43.50805008474166,43.75871447631922,43.19054234110201,43.3791389465332,124130000
2019-03-13,GOOG,59.58534723715807,59.599492851162665,59.153338065130164,59.221824645996094,28718000
2019-03-13,MSFT,107.24141045768977,108.05890212413006,106.91253697196241,107.58908081054688,35513800
2019-03-13,^GSPC,2799.780029296875,2821.239990234375,2799.780029296875,2810.919921875,3782250000
2019-03-14,AAPL,43.9019532945051,43.94970167331341,43.58205955555263,43.86137008666992,94318000
2019-03-14,GOOG,59.28088279603259,59.448131215724246,58.78311693768877,58.836219787597656,23456000
2019-03-14,MSFT,107.62666718959684,108.24682759462287,107.429343098502,107.67364501953125,30763400
2019-03-14,^GSPC,2810.3798828125,2815.0,2803.4599609375,2808.47998046875,3505670000
2019-03-15,AAPL,44.128753237145276,44.720796060386846,43.863765726136734,44.43193435668945,156171600
2019-03-15,GOOG,59.224798699513556,59.383111438541825,58.69030956978558,58.78211975097656,49236000
2019-03-15,MSFT,108.37839058952838,110.17311167061027,107.67365853193387,108.91399383544922,54681100
2019-03-15,^GSPC,2810.7900390625,2830.72998046875,2810.7900390625,2822.47998046875,5969780000
2019-03-18,AAPL,44.35553834520154,44.97384125151117,44.35314874059598,44.88551330566406,104879200
2019-03-18,GOOG,58.72455471998491,59.05705994710976,58.43279385903887,58.77219772338867,25852000
2019-03-18,MSFT,109.15830688026328,110.51139486240093,109.0455543276891,110.47380828857422,31207600
2019-03-18,^GSPC,2822.610107421875,2835.409912109375,2821.989990234375,2832.93994140625,3620770000
2019-03-19,AAPL,44.9642973802807,45.11708273704642,44.384188031378365,44.52981185913086,126585600
2019-03-19,GOOG,58.99800736733487,59.55334393521217,58.85210231079194,59.496273040771484,30414000
2019-03-19,MSFT,110.96239571068507,111.29127636919853,109.92879024238336,110.54895782470703,37588700
2019-03-19,^GSPC,2840.760009765625,2852.419921875,2823.27001953125,2832.570068359375,3650740000
2019-03-20,AAPL,44.45818824186077,45.23644164440341,44.10009725817005,44.9189338684082,124140800
2019-03-20,GOOG,59.42183078080623,60.90024070069271,59.36326808413361,60.742923736572266,44548000
2019-03-20,MSFT,110.30465262239059,111.58256722900994,109.66569531908091,110.42680358886719,28113300
2019-03-20,^GSPC,2831.340087890625,2843.5400390625,2812.429931640625,2824.22998046875,3779160000
2019-03-21,AAPL,45.362961547719905,46.8693301940771,45.31282721306185,46.573307037353516,204136800
2019-03-21,GOOG,60.34738277373228,61.131006640875405,60.20594556245717,61.11859893798828,24080000
2019-03-21,MSFT,110.06974312021117,113.52762847434744,110.0227581185816,112.9638442993164,29854400
2019-03-21,^GSPC,2819.719970703125,2860.31005859375,2817.3798828125,2854.8798828125,3612620000
2019-03-22,AAPL,46.63299092298744,47.19400154727684,45.544394994118264,45.60885238647461,169630800
2019-03-22,GOOG,60.859548631857116,61.0421770070117,59.69354252325416,59.826297760009766,34284000
2019-03-22,MSFT,112.28731331123014,112.37187772118484,109.97579291002913,109.98519134521484,33624500
2019-03-22,^GSPC,2844.52001953125,2846.159912109375,2800.469970703125,2800.7099609375,4253730000
2019-03-25,AAPL,45.718664121662755,45.83086624459337,44.54651584172195,45.05739212036133,175381200
2019-03-25,GOOG,59.40098394651485,59.870859920922854,58.91016594989514,59.20594787597656,29936000
2019-03-25,MSFT,109.52474459239774,110.88723073129489,109.29923236450956,110.55835723876953,27067100
2019-03-25,^GSPC,2796.010009765625,2809.7900390625,2785.02001953125,2798.360107421875,3406110000
2019-03-26,AAPL,45.75447765967055,46.04572527279197,44.064287847400074,44.59187316894531,199202000
2019-03-26,GOOG,59.48038768036716,59.69378730767583,58.39800580886961,58.79006576538086,38024000
2019-03-26,MSFT,111.46043473154343,111.54499914490772,109.79726291298714,110.79328918457031,26097700
2019-03-26,^GSPC,2812.659912109375,2829.8701171875,2803.989990234375,2818.4599609375,3288570000
2019-03-27,AAPL,45.05977853422682,45.3008917993861,44.53457919508104,44.99293518066406,119393600
2019-03-27,GOOG,58.83374129533814,58.93592216149529,57.53696398730491,58.214385986328125,28004000
2019-03-27,MSFT,110.76508810262303,111.07517193993614,108.54753057277455,109.72208404541016,22733400
2019-03-27,^GSPC,2819.719970703125,2825.56005859375,2787.719970703125,2805.3701171875,3422400000
2019-03-28,AAPL,45.10753383619267,45.253157671153986,44.76854142292167,45.05262756347656,83121600
2019-03-28,GOOG,58.14093551496391,58.14217742121777,57.539992981179836,57.98957061767578,19234000
2019-03-28,MSFT,110.35164871190447,110.48319812560679,109.12071181382514,109.87242889404297,18334800
2019-03-28,^GSPC,2809.39990234375,2819.7099609375,2798.77001953125,2815.43994140625,3185460000
2019-03-29,AAPL,45.31759870489063,45.37728052318564,45.009638482582474,45.34624481201172,94256000
2019-03-29,GOOG,58.30768150355095,58.51066122716179,57.71115760839455,58.22877502441406,25398000
2019-03-29,MSFT,110.94360023559277,111.17851088292561,109.90059638792269,110.82144927978516,25399800
2019-03-29,^GSPC,2828.27001953125,2836.030029296875,2819.22998046875,2834.39990234375,3752520000
2019-04-01,AAPL,45.749713888444326,45.7592613806373,44.9714639591986,45.65422439575195,111448000
2019-04-01,GOOG,58.76426290095839,59.387586254052586,58.66004121898063,59.27691650390625,25050000
2019-04-01,MSFT,111.77049086491796,111.92083713068484,110.9717960425189,111.83626556396484,22789100
2019-04-01,^GSPC,2848.6298828125,2869.39990234375,2848.6298828125,2867.18994140625,3560090000
2019-04-02,AAPL,45.618401977792104,46.4229155104042,45.60885448792773,46.317874908447266,91062800
2019-04-02,GOOG,59.321081028044915,59.62033877377832,58.844158755532284,59.577659606933594,16558000
2019-04-02,MSFT,111.8738745571936,112.26852999949395,111.3664665618697,111.99603271484375,18142300
2019-04-02,^GSPC,2868.239990234375,2872.89990234375,2858.75,2867.239990234375,3267210000
2019-04-03,AAPL,46.13404722749335,46.9099108936737,46.11017304222749,46.6353759765625,93087200
2019-04-03,GOOG,59.92455591416854,60.3622710515838,59.578154958398066,59.847137451171875,20286000
2019-04-03,MSFT,112.62555110456188,113.1611470450934,111.95840578698075,112.72891235351562,22860700
2019-04-03,^GSPC,2876.090087890625,2885.25,2865.169921875,2873.39990234375,3570000000
2019-04-04,AAPL,46.50169215026725,46.87888174561078,46.10779353704933,46.716548919677734,76457200
2019-04-04,GOOG,59.8481255743759,60.33100365918349,59.758299414213624,60.297752380371094,19000000
2019-04-04,MSFT,112.85108000859908,112.9732381403075,111.23489351535545,112.15574645996094,20112800
2019-04-04,^GSPC,2873.989990234375,2881.280029296875,2867.139892578125,2879.389892578125,3038740000
2019-04-05,AAPL,46.89797705880911,47.05315198843795,46.77383784364394,47.02927780151367,74106400
2019-04-05,GOOG,60.29726417029101,60.35830689248598,59.80297032975576,59.908180236816406,18144000
2019-04-05,MSFT,112.18394906459247,112.97325271449385,112.16515936362343,112.65377044677734,15826200
2019-04-05,^GSPC,2884.159912109375,2893.239990234375,2882.989990234375,2892.739990234375,3155970000
2019-04-08,AAPL,46.8908220405598,47.800372591218704,46.87172341690704,47.76934051513672,103526800
2019-04-08,GOOG,59.94490365892221,59.98460679411624,59.54639186392823,59.74391174316406,17204000
2019-04-08,MSFT,112.57859313588389,112.77591724882525,111.47921286282273,112.69135284423828,15116200
2019-04-08,^GSPC,2888.4599609375,2895.949951171875,2880.780029296875,2895.77001953125,3056460000
2019-04-09,AAPL,47.82185677668654,48.42583658322132,47.561641238769866,47.6260986328125,143072800
2019-04-09,GOOG,59.35483156970703,59.66698925461782,59.20991852479666,59.416866302490234,17528000
2019-04-09,MSFT,111.46982005559761,112.32489842374908,111.42284221809051,112.0805892944336,17612000
2019-04-09,^GSPC,2886.580078125,2886.8798828125,2873.330078125,2878.199951171875,3032480000
2019-04-10,AAPL,47.43033165400483,47.92211288383109,47.31096802051758,47.893463134765625,86781200
2019-04-10,GOOG,59.587087297892126,59.741182110398846,59.3764175999248,59.66053771972656,14492000
2019-04-10,MSFT,112.53162986195294,113.08601570306115,112.32490728767326,112.93567657470703,16477200
2019-04-10,^GSPC,2881.3701171875,2889.7099609375,2879.1298828125,2888.2099609375,3092230000
2019-04-11,AAPL,47.94838081949238,47.984188458280926,47.37304713835903,47.49479675292969,83603200
2019-04-11,GOOG,59.74986417394404,59.94837226595934,59.559788170143406,59.782615661621094,14204000
2019-04-11,MSFT,113.26454672774663,113.5558337087832,112.68196559676768,113.06722259521484,14209100
2019-04-11,^GSPC,2891.919921875,2893.419921875,2881.989990234375,2888.320068359375,2970650000
2019-04-12,AAPL,47.55448465119845,47.7788889300979,46.84069224715156,47.475704193115234,111042800
2019-04-12,GOOG,60.049621227165595,60.464012787063226,59.95582322713504,60.44019317626953,18668000
2019-04-12,MSFT,113.35850094397703,113.67798320725163,113.10480055544288,113.64978790283203,19745100
2019-04-12,^GSPC,2900.860107421875,2910.5400390625,2898.3701171875,2907.409912109375,3726050000
2019-04-15,AAPL,47.40647039627106,47.70965510465262,47.270394078957786,47.561641693115234,70146400
2019-04-15,GOOG,60.44664183808456,60.75433167265763,60.005450872909854,60.600486755371094,23748000
2019-04-15,MSFT,113.64038263306553,114.24175334628188,113.2927122771199,113.74374389648438,15792600
2019-04-15,^GSPC,2908.320068359375,2909.60009765625,2896.47998046875,2905.580078125,3114530000
2019-04-16,AAPL,47.616544395779556,48.072510727579555,47.401687660312966,47.566410064697266,102785600
2019-04-16,GOOG,60.79403621732034,61.08287028756819,60.55185314308113,60.899742126464844,17126000
2019-04-16,MSFT,114.29814362943947,114.30754206424058,112.85109293299404,113.48065185546875,14071800
2019-04-16,^GSPC,2912.260009765625,2916.06005859375,2900.7099609375,2907.06005859375,3403120000
2019-04-17,AAPL,47.635642038208694,48.55235760399355,47.41362740609359,48.49267578125,115627200
2019-04-17,GOOG,61.191054918182104,61.56623930337003,60.93398034943935,61.3568115234375,24438000
2019-04-17,MSFT,113.92230139200039,114.49548412547306,113.2645542399365,114.4203109741211,19300900
2019-04-17,^GSPC,2916.0400390625,2918.0,2895.449951171875,2900.449951171875,3648100000
2019-04-18,AAPL,48.49029070265323,48.73617954389049,48.34705650031418,48.66695022583008,96783200
2019-04-18,GOOG,61.497760086351896,61.63770929318938,61.27096073865519,61.358306884765625,26636000
2019-04-18,MSFT,114.81495020829745,116.06466962060502,113.97866873218486,115.9237289428711,27991000
2019-04-18,^GSPC,2904.81005859375,2908.39990234375,2891.89990234375,2905.030029296875,3507100000
2019-04-22,AAPL,48.421068532966494,48.924783384004826,48.304090820834,48.826904296875,77758000
2019-04-22,GOOG,61.339438807651085,61.98956150863102,60.958298581163966,61.97715759277344,16146000
2019-04-22,MSFT,115.21897678480951,116.51568097615808,115.17199178782204,116.29016876220703,15648700
2019-04-22,^GSPC,2898.780029296875,2909.510009765625,2896.35009765625,2907.969970703125,3010130000
2019-04-23,AAPL,48.80301661883193,49.59559294531774,48.676491450506916,49.53113555908203,93292000
2019-04-23,GOOG,62.068971198724924,62.97765652921605,61.85507557806055,62.756813049316406,26398000
2019-04-23,MSFT,116.60966465127403,118.00033908525297,116.35596426132996,117.86878967285156,24025500
2019-04-23,^GSPC,2909.989990234375,2936.31005859375,2908.530029296875,2933.679931640625,3674480000
2019-04-24,AAPL,49.50248715739649,49.7698605357806,49.428482286071535,49.454742431640625,70162400
2019-04-24,GOOG,62.735472443745365,62.92852448355696,62.282865804111765,62.33249282836914,20376000
2019-04-24,MSFT,118.19764174972123,118.2540180108303,117.0042916509502,117.4647216796875,31257000
2019-04-24,^GSPC,2934.0,2936.830078125,2926.050048828125,2927.25,3468480000
2019-04-25,AAPL,49.37596752439472,49.59798216323231,48.96774224168466,49.00593948364258,74172800
2019-04-25,GOOG,62.76773149848051,62.89865037506428,62.135476282402166,62.70222473144531,22146000
2019-04-25,MSFT,122.20991371349042,123.44084321991687,121.0541573352636,121.3548355102539,38033900
2019-04-25,^GSPC,2928.989990234375,2933.10009765625,2912.840087890625,2926.169921875,3440010000
2019-04-26,AAPL,48.91522210882772,48.93909629580391,48.25156050901197,48.77198791503906,74596400
2019-04-26,GOOG,62.97765841239984,63.17964234147232,62.546887340632416,63.135475158691406,24828000
2019-04-26,MSFT,121.87166699187108,122.64218096179786,121.23271677683911,122.05020141601562,23654900
2019-04-26,^GSPC,2925.81005859375,2939.8798828125,2917.56005859375,2939.8798828125,3264390000
2019-04-29,AAPL,48.795858706164374,49.17066231598747,48.66694756683353,48.84599304199219,88818800
2019-04-29,GOOG,63.22578841147952,63.98360477538034,62.8434063002977,63.89973068237305,49988000
2019-04-29,MSFT,122.05955985679685,122.32265862020905,121.54276793154186,121.93741607666016,16324200
2019-04-29,^GSPC,2940.580078125,2949.52001953125,2939.35009765625,2943.030029296875,3150390000
2019-04-30,AAPL,48.475972774625596,48.55713919547273,47.533000516056596,47.90541458129883,186139600
2019-04-30,GOOG,58.808923941969404,59.19651605594184,58.31264610279667,58.98162841796875,124140000
2019-04-30,MSFT,121.97503557251443,122.81131713212916,121.58038729764353,122.71736145019531,24166500
2019-04-30,^GSPC,2937.139892578125,2948.219970703125,2924.110107421875,2945.830078125,3939760000
2019-05-01,AAPL,50.10408875249977,51.400376291203976,49.94891381611676,50.256874084472656,259309200
2019-05-01,GOOG,58.96028683685597,58.96028683685597,57.924556021175,57.96921920776367,52784000
2019-05-01,MSFT,122.6515612573132,122.76431379392501,119.99237067900941,120.16150665283203,26821700
2019-05-01,^GSPC,2952.330078125,2954.1298828125,2923.360107421875,2923.72998046875,3669330000
2019-05-02,AAPL,50.09453580499543,50.765358935797714,49.68631416151659,49.929813385009766,127985200
2019-05-02,GOOG,57.9533443327076,58.27244987852371,57.32019173736996,57.69776153564453,38896000
2019-05-02,MSFT,120.2554796904389,120.27426939071296,117.94395226694965,118.5923080444336,27350200
2019-05-02,^GSPC,2922.159912109375,2931.679931640625,2900.5,2917.52001953125,3802290000
2019-05-03,AAPL,50.3452085631805,50.57199880753566,50.18764764460908,50.550514221191406,83569600
2019-05-03,GOOG,58.2456417660397,58.89824827153737,58.01487441110194,58.82876968383789,39614000
2019-05-03,MSFT,119.67289068299922,121.6179435486845,119.56952941608199,121.11993408203125,24911100
2019-05-03,^GSPC,2929.2099609375,2947.85009765625,2929.2099609375,2945.639892578125,3357180000
2019-05-06,AAPL,48.76960270232786,49.855812739144525,48.58100972191574,49.76987075805664,129772400
2019-05-06,GOOG,57.87889823519034,59.09924524387455,57.87889823519034,59.026790618896484,31278000
2019-05-06,MSFT,118.76144091001109,120.80046385929943,118.49834209963903,120.41520690917969,24239800
2019-05-06,^GSPC,2908.889892578125,2937.320068359375,2898.2099609375,2932.469970703125,3203260000
2019-05-07,AAPL,49.149180158416655,49.51681861609969,47.943606504322965,48.42822265625,155054800
2019-05-07,GOOG,58.58410819275789,59.07889801258723,57.61983996461566,58.267982482910156,31028000
2019-05-07,MSFT,118.82720557108271,119.50374940852787,116.72240809706778,117.94393920898438,36017700
2019-05-07,^GSPC,2913.030029296875,2913.030029296875,2862.60009765625,2884.050048828125,3793060000
2019-05-08,AAPL,48.19904352807667,49.02026607598343,48.1632358878382,48.43777084350586,105358000
2019-05-08,GOOG,58.164256766702366,58.58182500986882,57.853091109309574,57.87939453125,26186000
2019-05-08,MSFT,117.86877272757172,118.74264065226775,117.22041702472826,117.9345474243164,28419000
2019-05-08,^GSPC,2879.610107421875,2897.9599609375,2873.280029296875,2879.419921875,3543110000
2019-05-09,AAPL,47.84094484782978,48.146515470937004,46.94810716328086,47.91733932495117,139634400
2019-05-09,GOOG,57.52008771782323,58.04763279372119,57.11413207006215,57.68634033203125,23714000
2019-05-09,MSFT,116.78819641970567,118.19766052252292,116.11165250332857,117.92516326904297,27235800
2019-05-09,^GSPC,2859.840087890625,2875.969970703125,2836.39990234375,2870.719970703125,3659050000
2019-05-10,AAPL,47.31104511214,47.65374175144033,46.196689560280035,47.2535285949707,164834800
2019-05-10,GOOG,57.74639263685698,58.19353944664589,56.69974211713778,57.7801399230957,26290000
2019-05-10,MSFT,117.37076361756615,120.20848118803416,116.34654942946551,119.4567642211914,30915100
2019-05-10,^GSPC,2863.10009765625,2891.31005859375,2825.389892578125,2881.39990234375,3566780000
2019-05-13,AAPL,44.98406973256331,45.408241627342775,43.81938698504411,44.507171630859375,229722400
2019-05-13,GOOG,56.67293961506713,56.9697135294784,55.68782787237828,56.180137634277344,37212000
2019-05-13,MSFT,116.6190452489835,117.97213290547487,115.61362794003622,115.90491485595703,33944900
2019-05-13,^GSPC,2840.18994140625,2840.18994140625,2801.429931640625,2811.8701171875,3900270000
2019-05-14,AAPL,44.67252984613877,45.46096566171211,44.432883212543324,45.211734771728516,146118800
2019-05-14,GOOG,56.43721267429374,56.596517437146126,55.56078658284226,55.60495376586914,36732000
2019-05-14,MSFT,116.39354397156978,118.28222063925863,116.23379926400752,117.2016372680664,25266300
2019-05-14,^GSPC,2820.1201171875,2852.5400390625,2820.1201171875,2834.409912109375,3354860000
2019-05-15,AAPL,44.63897868140736,45.95224118661462,44.579067024058446,45.753334045410156,106178800
2019-05-15,GOOG,55.47741161076987,58.13051324975123,55.417660019936044,57.77716064453125,45786000
2019-05-15,MSFT,117.19219385410436,119.50283696020686,116.66404130765521,118.85208129882812,24722700
2019-05-15,^GSPC,2820.3798828125,2858.679931640625,2815.080078125,2850.9599609375,3140900000
2019-05-16,AAPL,45.51129679315685,46.124791640359376,45.25487311897266,45.55203628540039,132125600
2019-05-16,GOOG,57.79204904306433,58.965748862513145,57.70917073453454,58.51016616821289,30628000
2019-05-16,MSFT,119.54056118451668,122.02097348912753,119.26705528955682,121.5965576171875,30112200
2019-05-16,^GSPC,2855.800048828125,2892.14990234375,2855.800048828125,2876.320068359375,3338470000
2019-05-17,AAPL,44.79714261326525,45.748540023134815,44.75640312513268,45.293212890625,131516400
2019-05-17,GOOG,57.988574858347356,58.56822699226342,57.56872348679593,57.682373046875,24172000
2019-05-17,MSFT,121.0118470204102,123.0395657012684,120.64403042485117,120.78550720214844,25770500
2019-05-17,^GSPC,2858.60009765625,2885.47998046875,2854.22998046875,2859.530029296875,3316040000
2019-05-20,AAPL,43.979949669541405,44.178856807213535,43.20349328767014,43.87689971923828,154449200
2019-05-20,GOOG,56.798994856853625,56.912992755497015,56.15100759852266,56.51860046386719,27066000
2019-05-20,MSFT,119.32364237652237,120.3327813609976,118.60687573766724,119.04071044921875,23706900
2019-05-20,^GSPC,2841.93994140625,2853.860107421875,2831.2900390625,2840.22998046875,3293750000
2019-05-21,AAPL,44.38735740248691,45.053574865945905,44.26274010770005,44.71807098388672,113459200
2019-05-21,GOOG,56.99701016925062,57.20633950901674,56.473436924085505,57.053585052490234,23196000
2019-05-21,MSFT,120.18189791421024,120.27620856617303,119.38024657936435,119.68204498291016,15293300
2019-05-21,^GSPC,2854.02001953125,2868.8798828125,2854.02001953125,2864.360107421875,3223050000
2019-05-22,AAPL,44.25315300927631,44.50478273302888,43.74749841159521,43.802616119384766,118994400
2019-05-22,GOOG,56.91066613496639,57.49478236969928,56.867983178907615,57.142425537109375,18290000
2019-05-22,MSFT,119.41796866318728,120.94582708230924,119.323650818639,120.40824127197266,15396500
2019-05-22,^GSPC,2856.06005859375,2865.469970703125,2851.110107421875,2856.27001953125,3194000000
2019-05-23,AAPL,43.08846294762348,43.26579910587868,42.61156485806626,43.05491256713867,146118800
2019-05-23,GOOG,56.60048807341125,56.87209825838484,56.04088438611019,56.613887786865234,23978000
2019-05-23,MSFT,119.02187286572372,119.10675750130748,117.64491700503977,119.00301361083984,23603800
2019-05-23,^GSPC,2836.699951171875,2836.699951171875,2805.489990234375,2822.239990234375,3899320000
2019-05-24,AAPL,43.18432505134615,43.64924013152873,42.805682910338874,42.88956069946289,94858800
2019-05-24,GOOG,56.940935896582445,57.06029141716899,56.16177981712104,56.25160598754883,22240000
2019-05-24,MSFT,119.69145906060359,120.17244546730647,118.80492324399457,119.05956268310547,14123400
2019-05-24,^GSPC,2832.409912109375,2841.360107421875,2820.18994140625,2826.06005859375,2889230000
2019-05-28,AAPL,42.877568344534325,43.27777771943375,42.635526599968856,42.71221160888672,111792800
2019-05-28,GOOG,56.27790693498067,57.15070952271948,56.23423197163944,56.28535079956055,27300000
2019-05-28,MSFT,119.75748199587605,120.71946204303762,118.88037936665198,118.98412322998047,23128400
2019-05-28,^GSPC,2830.030029296875,2840.510009765625,2801.580078125,2802.389892578125,4146980000
2019-05-29,AAPL,42.27845585703999,42.98062234841405,42.17780471640916,42.50851821899414,113924800
2019-05-29,GOOG,55.95631725704594,56.034731516716384,54.998500895164106,55.40743637084961,30764000
2019-05-29,MSFT,118.24849491112741,118.257928134776,116.98471636899103,117.83352661132812,22763100
2019-05-29,^GSPC,2790.25,2792.030029296875,2766.06005859375,2783.02001953125,3701110000
2019-05-30,AAPL,42.64512229809682,42.95186972951379,42.338374866679864,42.729000091552734,84873600
2019-05-30,GOOG,55.36177883544807,55.73845505047299,55.19205038975909,55.481380462646484,19038000
2019-05-30,MSFT,118.13532243199128,118.60688286795354,117.68262124747336,118.5785903930664,16829600
2019-05-30,^GSPC,2786.93994140625,2799.0,2776.739990234375,2788.860107421875,3276030000
2019-05-31,AAPL,42.2329281309598,42.654708575512196,41.93576862508081,41.95494079589844,108174400
2019-05-31,GOOG,54.65458040296678,55.06698791846135,54.599493533190234,54.77070999145508,30156000
2019-05-31,MSFT,117.16390672521642,117.53172328222298,116.3056632952404,116.64518737792969,26646800
2019-05-31,^GSPC,2766.14990234375,2768.97998046875,2750.52001953125,2752.06005859375,3982670000
2019-06-03,AAPL,42.08194969920505,42.637927979424546,40.804632722240406,41.53076171875,161584400
2019-06-03,GOOG,52.878406563336355,52.878406563336355,50.86847975132516,51.42580032348633,102612000
2019-06-03,MSFT,116.80552217523817,117.29594907331234,112.24082046721445,113.02360534667969,37983600
2019-06-03,^GSPC,2751.530029296875,2763.070068359375,2728.81005859375,2744.449951171875,3952360000
2019-06-04,AAPL,42.04359872204823,43.095647115572724,41.823124296022876,43.050113677978516,123872000
2019-06-04,GOOG,51.75681450745354,52.40942105495793,51.29974381474591,52.260536193847656,56670000
2019-06-04,MSFT,114.38169805533683,116.26793979687059,113.78753449711253,116.15476989746094,29382600
2019-06-04,^GSPC,2762.639892578125,2804.489990234375,2762.639892578125,2803.27001953125,3814130000
2019-06-05,AAPL,44.16207690152386,44.332227603206654,43.409586694040904,43.74509048461914,119093600
2019-06-05,GOOG,52.185602631495435,52.28535648219276,51.14093983902228,51.72307205200195,43368000
2019-06-05,MSFT,117.84296154445883,118.71063829965995,117.14505404599528,118.67291259765625,24926100
2019-06-05,^GSPC,2818.090087890625,2827.280029296875,2800.919921875,2826.14990234375,3570760000
2019-06-06,AAPL,43.87450831444031,44.44726365114498,43.65163503254328,44.387351989746094,90105200
2019-06-06,GOOG,51.86054067529693,51.984610141039866,51.30024405845613,51.82828140258789,34064000
2019-06-06,MSFT,119.24819378924208,120.69116743213999,118.45596859199114,120.54969787597656,21459000
2019-06-06,^GSPC,2828.510009765625,2852.10009765625,2822.449951171875,2843.489990234375,3445140000
2019-06-07,AAPL,44.69649209879013,45.99298125786859,44.519155931088335,45.56880569458008,122737600
2019-06-07,GOOG,52.140440412083024,53.147387815308555,52.029766879599684,52.90520095825195,36048000
2019-06-07,MSFT,121.84178969499521,124.72773730669587,120.96467978681957,123.92607879638672,33885600
2019-06-07,^GSPC,2852.8701171875,2884.969970703125,2852.8701171875,2873.340087890625,3244380000
2019-06-10,AAPL,45.96660561777601,46.81974677756428,45.92107218676772,46.1511344909668,104883600
2019-06-10,GOOG,53.24961873229719,54.22629468680496,53.21696568545992,53.61686706542969,29284000
2019-06-10,MSFT,124.86917227366267,126.45362249929482,124.49192975802048,125.05780792236328,26477100
2019-06-10,^GSPC,2885.830078125,2904.77001953125,2885.510009765625,2886.72998046875,3209890000
2019-06-11,AAPL,46.69752611895086,46.97072303523409,46.395572787285005,46.685543060302734,107731600
2019-06-11,GOOG,54.291805344343175,54.689321356390856,53.47904965228199,53.53448486328125,28734000
2019-06-11,MSFT,126.26503492975873,126.60455904077563,123.81291475120523,124.5862808227539,23913700
2019-06-11,^GSPC,2903.27001953125,2910.610107421875,2878.530029296875,2885.719970703125,3551000000
2019-06-12,AAPL,46.47945554769659,46.963542684924334,46.34525404194238,46.53697204589844,73012800
2019-06-12,GOOG,53.49875394140717,53.64416298850756,52.97964470342267,53.45061492919922,21220000
2019-06-12,MSFT,123.92607162795045,124.46365741007185,123.27533034189874,124.0109634399414,17092500
2019-06-12,^GSPC,2882.72998046875,2888.570068359375,2874.679931640625,2879.840087890625,3039870000
2019-06-13,AAPL,46.659203548913915,47.16006418617446,46.395594419327324,46.52739715576172,86698400
2019-06-13,GOOG,53.77865429713142,54.30123559072622,53.60545380521218,54.03324508666992,21154000
2019-06-13,MSFT,124.4730825597942,125.4350698315583,124.0769735398635,124.79375457763672,17200800
2019-06-13,^GSPC,2886.239990234375,2895.239990234375,2881.989990234375,2891.639892578125,3100640000
2019-06-14,AAPL,45.904318788814436,46.39319636982068,45.60476046163178,46.18949890136719,75046000
2019-06-14,GOOG,53.91662064358467,54.227786329421974,53.60654541207461,53.863521575927734,22230000
2019-06-14,MSFT,124.73718653154094,126.18016060573328,124.15245607793983,124.9163818359375,17821700
2019-06-14,^GSPC,2886.820068359375,2894.449951171875,2879.6201171875,2886.97998046875,2992810000
2019-06-17,AAPL,46.22784019068279,46.72151539195747,46.052899149208905,46.465091705322266,58676400
2019-06-17,GOOG,53.90966764142528,54.5498665005429,53.90966764142528,54.218353271484375,18832000
2019-06-17,MSFT,125.0861142658648,126.12353849439019,124.99179643105288,125.2936019897461,14517800
2019-06-17,^GSPC,2889.75,2897.27001953125,2887.300048828125,2889.669921875,2828400000
2019-06-18,AAPL,46.98272609412711,47.998825541831906,46.78142378732344,47.55787658691406,106204000
2019-06-18,GOOG,55.07145603702866,55.403961278289025,54.540438904196655,54.769222259521484,27734000
2019-06-18,MSFT,126.55737024729846,127.54764986995613,125.97264001278135,127.47219848632812,25934500
2019-06-18,^GSPC,2906.7099609375,2930.7900390625,2905.43994140625,2917.75,3441540000
2019-06-19,AAPL,47.85263645530765,47.90056870581225,47.284675122657916,47.41887664794922,84496800
2019-06-19,GOOG,54.86847279876323,54.93795138841947,54.26698509989669,54.70619201660156,26776000
2019-06-19,MSFT,127.32134346837475,128.19843914908748,126.19902710118595,127.97209930419922,23744400
2019-06-19,^GSPC,2920.550048828125,2931.739990234375,2911.429931640625,2926.4599609375,3300220000
2019-06-20,AAPL,48.0179909537039,48.075507457573906,47.45721875366059,47.7999153137207,86056000
2019-06-20,GOOG,55.58261786858196,55.58906972233689,54.82579346259445,55.15730667114258,25240000
2019-06-20,MSFT,129.63197614056992,129.83003787884442,128.00038087061822,129.16041564941406,33042600
2019-06-20,^GSPC,2949.60009765625,2958.06005859375,2931.5,2954.179931640625,3943060000
2019-06-21,AAPL,47.641745402473425,48.13302166991247,47.48597291651048,47.6369514465332,191202400
2019-06-21,GOOG,55.049119393156694,55.78708422493976,54.99154871596556,55.676414489746094,38952000
2019-06-21,MSFT,128.81142849329675,129.8960115550832,128.69825861300737,129.1792449951172,36727900
2019-06-21,^GSPC,2952.7099609375,2964.14990234375,2946.8701171875,2950.4599609375,5003540000
2019-06-24,AAPL,47.57944330591722,47.967673357520425,47.49077521738597,47.58903121948242,72881600
2019-06-24,GOOG,55.563762377776555,55.6823719936885,55.13696313354409,55.36078643798828,27912000
2019-06-24,MSFT,129.20754323305147,130.52790653163552,129.20754323305147,129.94317626953125,20628800
2019-06-24,^GSPC,2951.419921875,2954.919921875,2944.050048828125,2945.35009765625,3136960000
2019-06-25,AAPL,47.5530846009983,47.75199176598326,46.80059424100011,46.867698669433594,84281200
2019-06-25,GOOG,55.21884849387336,55.302718811100675,53.786589887993486,53.913143157958984,30938000
2019-06-25,MSFT,129.44335089910558,129.76400856956087,125.18044015880965,125.84062194824219,33327400
2019-06-25,^GSPC,2945.780029296875,2946.52001953125,2916.010009765625,2917.3798828125,3579430000
2019-06-26,AAPL,47.394914882557444,48.16657732114802,47.29426373709572,47.88139724731445,104270000
2019-06-26,GOOG,53.92059043320143,54.24167999853569,53.212896960481615,53.58808517456055,36218000
2019-06-26,MSFT,126.70831832764642,128.0192560063772,126.00097754291647,126.31219482421875,23657700
2019-06-26,^GSPC,2926.070068359375,2932.590087890625,2912.989990234375,2913.780029296875,3511350000
2019-06-27,AAPL,47.99882620091607,48.30557727889453,47.82628397608489,47.86702346801758,83598800
2019-06-27,GOOG,53.79652170053364,53.95036662814667,53.36426258663292,53.399993896484375,20086000
2019-06-27,MSFT,126.51026543688052,127.04785137855337,125.9160945310076,126.51969146728516,16557500
2019-06-27,^GSPC,2919.659912109375,2929.300048828125,2918.570068359375,2924.919921875,3162500000
2019-06-28,AAPL,47.612984897575586,47.80949686547988,47.222363424791055,47.43085479736328,124442400
2019-06-28,GOOG,53.41885009408402,53.64763345008945,53.26897321794013,53.64316940307617,33864000
2019-06-28,MSFT,126.9158042835369,126.94409676324833,125.58600017356018,126.34049987792969,30043000
2019-06-28,^GSPC,2932.93994140625,2943.97998046875,2929.050048828125,2941.760009765625,5422650000
2019-07-01,AAPL,48.689007638472184,49.005342959981036,48.08509707895737,48.30078125,109012000
2019-07-01,GOOG,54.49131056424171,54.966744845182426,54.27805859858877,54.488826751708984,28726000
2019-07-01,MSFT,128.8585845057869,128.9245954708428,127.29300070625982,127.96260833740234,22613500
2019-07-01,^GSPC,2971.409912109375,2977.929931640625,2952.219970703125,2964.330078125,3524860000
2019-07-02,AAPL,48.26723307900931,48.679425613175255,48.255250015060284,48.58356475830078,67740800
2019-07-02,GOOG,54.70172557803824,55.17467979124682,54.49974165769573,55.14887237548828,19832000
2019-07-02,MSFT,128.37762042889418,128.82088843122256,127.6419872316011,128.81146240234375,15237800
2019-07-02,^GSPC,2964.659912109375,2973.2099609375,2955.919921875,2973.010009765625,3224490000
2019-07-03,AAPL,48.715369842636605,48.993360829245304,48.57397919929373,48.98617172241211,45448000
2019-07-03,GOOG,55.454581768941104,55.91860413224405,55.27840525294814,55.661529541015625,15340000
2019-07-03,MSFT,129.01895514578754,129.9054911846708,128.53795422760638,129.64141845703125,13629300
2019-07-03,^GSPC,2978.080078125,2995.840087890625,2977.9599609375,2995.820068359375,1963570000
2019-07-05,AAPL,48.73213716198543,49.14672475261066,48.62429326752077,48.943023681640625,69062000
2019-07-05,GOOG,55.47393625735853,56.222324844227884,55.39155395431283,56.158302307128906,25286000
2019-07-05,MSFT,128.20785412195087,129.51879156330088,128.00036637806392,129.26414489746094,18141100
2019-07-05,^GSPC,2984.25,2994.030029296875,2967.969970703125,2990.409912109375,2434680000
2019-07-08,AAPL,48.12344323760648,48.26483388360054,47.54829273986113,47.93412399291992,101354400
2019-07-08,GOOG,55.83968883931429,55.87988797754719,55.14688696333212,55.401973724365234,24728000
2019-07-08,MSFT,128.64165539270758,129.30185138344893,127.67024224057963,129.16981506347656,16779700
2019-07-08,^GSPC,2979.77001953125,2980.760009765625,2970.090087890625,2975.949951171875,2922360000
2019-07-09,AAPL,47.73761261486467,48.29119579901545,47.64415056632906,48.22649383544922,82312000
2019-07-09,GOOG,55.176171831851825,55.98138143649293,54.946396458176686,55.82282257080078,26608000
2019-07-09,MSFT,128.26443079833118,129.1792591398545,128.07580951356877,128.69827270507812,19953100
2019-07-09,^GSPC,2965.52001953125,2981.89990234375,2963.43994140625,2979.6298828125,3033330000
2019-07-10,AAPL,48.37266695350388,48.82320006823805,48.3031673927757,48.70337677001953,71588400
2019-07-10,GOOG,56.13994040220962,56.677409372431164,56.12753269944306,56.599491119384766,24190000
2019-07-10,MSFT,129.3301833172079,130.69770584654648,129.22643943479554,130.0092315673828,24204400
2019-07-10,^GSPC,2989.300048828125,3002.97998046875,2984.6201171875,2993.070068359375,3157800000
2019-07-11,AAPL,48.72255727579953,48.98137608305649,48.339124849902824,48.34870910644531,80767200
2019-07-11,GOOG,56.73696392659797,57.22430989810299,56.55483156026896,56.78460693359375,23910000
2019-07-11,MSFT,130.3393175235527,131.30130495972793,130.02808587094057,130.52793884277344,22327900
2019-07-11,^GSPC,2999.6201171875,3002.330078125,2988.800048828125,2999.909912109375,3155710000
2019-07-12,AAPL,48.51645653759306,48.8879095226626,48.45654488376627,48.720157623291016,70380800
2019-07-12,GOOG,56.773692275454636,56.93994490519269,56.51512966113453,56.818851470947266,17280000
2019-07-12,MSFT,130.95236717765172,131.2164399276986,130.16013453662558,130.99951171875,18936800
2019-07-12,^GSPC,3003.360107421875,3013.919921875,3001.8701171875,3013.77001953125,2984140000
2019-07-15,AAPL,48.90947645459903,49.33604713394336,48.88790913700364,49.17788314819336,67789600
2019-07-15,GOOG,56.91611694071192,57.112644806390485,56.54589638049259,57.08882141113281,18076000
2019-07-15,MSFT,131.50880515875863,131.60310863184077,130.58455053359464,130.99951171875,16651500
2019-07-15,^GSPC,3017.800048828125,3017.800048828125,3008.77001953125,3014.300048828125,2876100000
2019-07-16,AAPL,49.02930352530581,49.393567429544646,48.768089574240236,49.00773620605469,67467200
2019-07-16,GOOG,56.87343833126037,57.49775744427222,56.823811305720476,57.24961853027344,24776000
2019-07-16,MSFT,131.05613839375857,131.14101585449308,128.7549201856989,129.28306579589844,22726100
2019-07-16,^GSPC,3012.1298828125,3015.02001953125,3001.14990234375,3004.0400390625,3297030000
2019-07-17,AAPL,48.89989913865166,49.149130043019106,48.71297504619667,48.732147216796875,56430000
2019-07-17,GOOG,57.12009128536963,57.48683982590885,56.862028471494924,56.890811920166016,23400000
2019-07-17,MSFT,129.8677601399705,130.08467394272452,128.47194507525072,128.51910400390625,20211000
2019-07-17,^GSPC,3005.10009765625,3005.260009765625,2984.25,2984.419921875,3185650000
2019-07-18,AAPL,48.887910373943456,49.338447188715584,48.81601565675598,49.28572463989258,74162400
2019-07-18,GOOG,56.66202114976692,56.95308531187074,56.21487438448116,56.88981246948242,25814000
2019-07-18,MSFT,127.84002722937852,128.84915900141928,127.01007632087297,128.66053771972656,30381800
2019-07-18,^GSPC,2978.8701171875,2998.280029296875,2973.090087890625,2995.110107421875,3369820000
2019-07-19,AAPL,49.31687530328883,49.48702600893368,48.494889168873144,48.55000686645508,83717200
2019-07-19,GOOG,56.98212773994733,57.12852879996483,56.060538632997535,56.0843620300293,32944000
2019-07-19,MSFT,132.24439205058968,132.66879350777725,128.68882281154083,128.84915161132812,48992400
2019-07-19,^GSPC,3004.260009765625,3006.02001953125,2975.860107421875,2976.610107421875,3285890000
2019-07-22,AAPL,48.80403991560377,49.661975380848794,48.794455658342386,49.65958023071289,89111600
2019-07-22,GOOG,56.25061716341832,56.538459243804475,55.79354641524048,56.479896545410156,26030000
2019-07-22,MSFT,129.5942556121764,131.2730097832395,129.51880420786208,130.5562286376953,25074900
2019-07-22,^GSPC,2981.929931640625,2990.7099609375,2976.64990234375,2985.030029296875,3016200000
2019-07-23,AAPL,49.95672350641383,50.064563727070265,49.676333813304275,50.047786712646484,73420800
2019-07-23,GOOG,56.774183809475566,56.91810483275756,56.16872425853041,56.88386154174805,21874000
2019-07-23,MSFT,131.81057756395577,132.02750574187212,130.17898236509546,131.3673095703125,18034600
2019-07-23,^GSPC,2994.739990234375,3005.89990234375,2988.56005859375,3005.469970703125,3333810000
2019-07-24,AAPL,49.76741437865772,50.12209036122868,49.64759106566724,50.00706100463867,59966400
2019-07-24,GOOG,56.17368570378367,56.774181390743465,55.93001084911636,56.466983795166016,31796000
2019-07-24,MSFT,130.99948597156595,132.73483934765318,130.95234143973366,132.71597290039062,20738300
2019-07-24,^GSPC,2998.77001953125,3019.590087890625,2996.820068359375,3019.56005859375,3433220000
2019-07-25,AAPL,50.05978660733076,50.14366439422553,49.542148986036345,49.61164855957031,55638400
2019-07-25,GOOG,56.467486690097324,56.660042743377936,55.62877967581696,56.184608459472656,44196000
2019-07-25,MSFT,132.44249587115235,132.6122651610087,131.39564521239907,132.21615600585938,18356900
2019-07-25,^GSPC,3016.260009765625,3016.31005859375,2997.239990234375,3003.669921875,3657050000
2019-07-26,AAPL,49.72187685894799,50.261081723206544,49.640397890405445,49.78418731689453,70475600
2019-07-26,GOOG,60.746395174895206,62.80644506768247,60.744411153898625,62.05508041381836,96116000
2019-07-26,MSFT,132.38586137494275,133.62134731371992,132.31985040255805,133.30068969726562,19037600
2019-07-26,^GSPC,3013.25,3027.97998046875,3012.590087890625,3025.860107421875,3260170000
2019-07-29,AAPL,49.95673422966865,50.47916208738292,49.95194027355907,50.24909973144531,86693600
2019-07-29,GOOG,61.590560822079084,61.904206497577476,60.95433001842405,61.50917053222656,44474000
2019-07-29,MSFT,133.45161455582243,133.46104058461356,131.4427623252704,133.0083465576172,16605900
2019-07-29,^GSPC,3024.469970703125,3025.610107421875,3014.300048828125,3020.969970703125,3224490000
2019-07-30,AAPL,50.02863423517171,50.364141745221836,49.6811473177808,50.03342819213867,135742800
2019-07-30,GOOG,60.814379327167224,61.28385771159497,60.709665436174646,60.80097961425781,29066000
2019-07-30,MSFT,132.16898841085703,133.18756091060058,131.84833069544305,132.36705017089844,16846500
2019-07-30,^GSPC,3007.659912109375,3017.18994140625,3000.93994140625,3013.179931640625,3632770000
2019-07-31,AAPL,51.86432039500686,53.05057041741711,50.63733088652627,51.05431365966797,277125600
2019-07-31,GOOG,60.69478351730552,61.240688403570246,59.93865191979936,60.381134033203125,34510000
2019-07-31,MSFT,132.3481730002295,132.4990758155734,127.39678769997333,128.51910400390625,38598800
2019-07-31,^GSPC,3016.219970703125,3017.39990234375,2958.080078125,2980.3798828125,4626330000
2019-08-01,AAPL,51.26041812620774,52.250159983136925,49.54455085268824,49.94955062866211,216071600
2019-08-01,GOOG,60.24961921445477,61.24614673357335,59.83721168876102,60.00048828125,33970000
2019-08-01,MSFT,129.20755434962808,132.92345274076433,129.14152898357796,130.20726013183594,40557500
2019-08-01,^GSPC,2980.320068359375,3013.590087890625,2945.22998046875,2953.56005859375,4793810000
2019-08-02,AAPL,49.254584458359176,49.47026501910301,48.31996381951147,48.89271926879883,163448400
2019-08-02,GOOG,59.59005878761747,59.89576836323222,59.00445083735113,59.25507354736328,32902000
2019-08-02,MSFT,130.23555156042286,130.4524797120907,127.56651789282414,129.1132354736328,30791600
2019-08-02,^GSPC,2943.89990234375,2945.5,2914.110107421875,2932.050048828125,3882810000
2019-08-05,AAPL,47.44763768168687,47.6058016786869,46.151148533272625,46.33327865600586,209572000
2019-08-05,GOOG,58.06648624267355,58.32455281732078,56.58261669049881,57.18708419799805,51950000
2019-08-05,MSFT,125.71804677330579,126.31220328648249,123.34137754794078,124.69004821777344,42749600
2019-08-05,^GSPC,2898.070068359375,2898.070068359375,2822.1201171875,2844.739990234375,4542850000
2019-08-06,AAPL,47.04503141655611,47.46681184418083,46.5010325186815,47.21038818359375,143299200
2019-08-06,GOOG,57.73249776637787,58.55880082040126,57.56822916602135,58.06202697753906,34188000
2019-08-06,MSFT,126.1895917031561,127.96264938365493,125.63315377126774,127.02896881103516,32696700
2019-08-06,^GSPC,2861.179931640625,2884.39990234375,2847.419921875,2881.77001953125,4156640000
2019-08-07,AAPL,46.829353474745794,47.82388562486308,46.448316172994446,47.69926834106445,133457600
2019-08-07,GOOG,57.36971802242692,58.48361324976776,57.05329318943033,58.26252365112305,28886000
2019-08-07,MSFT,126.18015556423785,127.93436124583768,124.33164641469767,127.58541107177734,33414500
2019-08-07,^GSPC,2858.64990234375,2892.169921875,2825.7099609375,2883.97998046875,4512720000
2019-08-08,AAPL,47.977262171983355,48.775286014725964,47.78314895610071,48.751319885253906,108038000
2019-08-08,GOOG,58.70123178087113,59.80197720832482,58.21438560069851,59.79155731201172,29360000
2019-08-08,MSFT,128.8303109046697,131.0843691087158,128.1984072857203,130.99005126953125,27496500
2019-08-08,^GSPC,2896.2099609375,2938.719970703125,2894.469970703125,2938.090087890625,4118530000
2019-08-09,AAPL,48.42415862155094,48.7753700310641,47.940636364989096,48.349586486816406,98478800
2019-08-09,GOOG,59.45358734544703,59.74589343170104,58.739589755917585,58.95830154418945,21314000
2019-08-09,MSFT,130.72601575486664,131.45222302858284,128.6983111538489,129.87721252441406,23466700
2019-08-09,^GSPC,2930.510009765625,2935.75,2900.14990234375,2918.64990234375,3356850000
2019-08-12,AAPL,48.0200188898601,48.60457469476368,47.90695673151683,48.226898193359375,89927600
2019-08-12,GOOG,58.52157561011388,58.80693762829212,57.94896978301298,58.29825210571289,20060000
2019-08-12,MSFT,129.2736298852801,130.0186893018294,127.54771636112324,128.06642150878906,20484300
2019-08-12,^GSPC,2907.070068359375,2907.580078125,2873.139892578125,2882.699951171875,3328570000
2019-08-13,AAPL,48.35679753640936,51.03179177110684,48.22689462466071,50.26922607421875,188874000
2019-08-13,GOOG,58.13696438308925,59.79055868591504,58.13696438308925,59.41785430908203,25888000
2019-08-13,MSFT,128.31159174080213,130.90517402211208,127.32131199158015,130.716552734375,25154600
2019-08-13,^GSPC,2880.719970703125,2943.31005859375,2877.050048828125,2926.320068359375,3857190000
2019-08-14,AAPL,48.87158997225576,49.6606171063461,48.73447063907869,48.7729606628418,146189600
2019-08-14,GOOG,58.37765563476223,58.67492935581998,57.59502755861387,57.781131744384766,31574000
2019-08-14,MSFT,129.032251296844,129.56215556043054,126.48680490893673,126.78014373779297,32527300
2019-08-14,^GSPC,2894.14990234375,2894.14990234375,2839.639892578125,2840.60009765625,4325150000
2019-08-15,AAPL,48.943749659596506,49.34788382965495,48.032036186140964,48.529991149902344,108909600
2019-08-15,GOOG,57.74192382888701,58.35433123671482,57.67294124192365,57.928524017333984,24374000
2019-08-15,MSFT,127.16807543092283,127.34786741626806,125.14307650956779,126.49622344970703,28074400
2019-08-15,^GSPC,2846.199951171875,2856.669921875,2825.510009765625,2847.60009765625,4041720000
2019-08-16,AAPL,49.141019237305535,49.83382507339097,49.03517349339124,49.67505645751953,110481600
2019-08-16,GOOG,58.538454937885376,58.69577568334873,58.154334850586785,58.441680908203125,26266000
2019-08-16,MSFT,127.63171815109331,129.12681261342365,127.48031289037117,128.81454467773438,24449100
2019-08-16,^GSPC,2864.739990234375,2893.6298828125,2864.739990234375,2888.679931640625,3524080000
2019-08-19,AAPL,50.66615553334479,51.173731364595014,50.524227668409466,50.6012077331543,97654400
2019-08-19,GOOG,59.0615337878949,59.900240805335685,59.0615337878949,59.47642135620117,24632000
2019-08-19,MSFT,130.44215701336793,131.10453719319122,129.53373959617815,130.97206115722656,24355700
2019-08-19,^GSPC,2913.47998046875,2931.0,2913.47998046875,2923.64990234375,3221050000
2019-08-20,AAPL,50.728705584012936,51.32288218594744,50.59399413380477,50.603614807128906,107537200
2019-08-20,GOOG,59.31760579488977,59.35780493346073,58.66549527054799,58.694278717041016,18310000
2019-08-20,MSFT,130.78279472179804,131.2559254227919,129.8649200067657,129.8838348388672,21170800
2019-08-20,^GSPC,2919.010009765625,2923.6298828125,2899.60009765625,2900.510009765625,3067710000
2019-08-21,AAPL,51.23627702030587,51.395041975423894,50.90190267433042,51.15208053588867,86141600
2019-08-21,GOOG,59.2133888453167,59.50371091340738,58.92951484485984,59.11909484863281,14814000
2019-08-21,MSFT,131.10449529250204,131.99398315204576,130.5840487322583,131.3315887451172,14970300
2019-08-21,^GSPC,2922.0400390625,2928.72998046875,2917.909912109375,2924.429931640625,3016540000
2019-08-22,AAPL,51.284389448073355,51.58508594451301,50.697429299725314,51.10878372192383,89014800
2019-08-22,GOOG,59.25904853796673,59.45468284909438,58.49031614159272,59.03374099731445,18950000
2019-08-22,MSFT,131.20859960133257,131.71957436692006,128.96595042882655,130.37588500976562,18697000
2019-08-22,^GSPC,2930.93994140625,2939.080078125,2904.510009765625,2922.949951171875,2893660000
2019-08-23,AAPL,50.37987945350891,51.01014164863292,48.35198454994893,48.746498107910156,187272000
2019-08-23,GOOG,58.65954390584143,59.25954364020348,56.96029055948105,57.13597106933594,33740000
2019-08-23,MSFT,129.81763703374062,130.9153040042609,125.66354900107127,126.22183990478516,38508600
2019-08-23,^GSPC,2911.070068359375,2927.010009765625,2834.969970703125,2847.110107421875,3942520000
2019-08-26,AAPL,49.521097197863455,49.841038661740455,49.32865073537815,49.67264938354492,104174400
2019-08-26,GOOG,57.432242602425724,58.03819811833643,57.21884300087708,58.00941467285156,24522000
2019-08-26,MSFT,127.73582466705759,128.2751861276735,126.70438882341962,128.1710968017578,20312600
2019-08-26,^GSPC,2866.699951171875,2879.27001953125,2856.0,2878.3798828125,2859790000
2019-08-27,AAPL,50.00221676728974,50.16820181272342,48.960603712717386,49.11215591430664,103493200
2019-08-27,GOOG,58.587084840311114,58.679887033684366,57.640184418771184,57.957305908203125,21544000
2019-08-27,MSFT,129.06060558214665,129.3728736102259,127.42357722779603,128.44554138183594,23102100
2019-08-27,^GSPC,2893.139892578125,2898.7900390625,2860.590087890625,2869.159912109375,3537490000
2019-08-28,AAPL,49.09771645844376,49.48741787220754,48.910082172512254,49.44171142578125,63755200
2019-08-28,GOOG,57.65308922132062,58.383114224891315,57.43423355085018,58.1151237487793,16040000
2019-08-28,MSFT,127.63171107894945,128.46441108918015,126.37318199168311,128.27516174316406,17393300
2019-08-28,^GSPC,2861.280029296875,2890.030029296875,2853.050048828125,2887.93994140625,3102480000
2019-08-29,AAPL,50.156171530957906,50.35343017848864,49.71354720510862,50.27885437011719,83962000
2019-08-29,GOOG,58.6163694213861,59.3578101680603,58.6163694213861,59.19850540161133,21768000
2019-08-29,MSFT,129.87438896347172,131.00044244210687,129.55266352352007,130.6976318359375,20168700
2019-08-29,^GSPC,2910.3701171875,2930.5,2905.669921875,2924.580078125,3177150000
2019-08-30,AAPL,50.55548839646647,50.625248350580826,49.84343766146092,50.213897705078125,84573600
2019-08-30,GOOG,59.47889411101704,59.47889411101704,58.74951658457373,58.962764739990234,22596000
2019-08-30,MSFT,131.6722853937389,131.70067208437703,128.9470620208401,130.4516143798828,23940100
2019-08-30,^GSPC,2937.090087890625,2940.429931640625,2913.320068359375,2926.4599609375,3009910000
2019-09-03,AAPL,49.658214500289326,49.79052167700322,49.12658521378133,49.482608795166016,80092000
2019-09-03,GOOG,58.413394768960984,58.902724772222435,57.727040878966534,57.9846076965332,29598000
2019-09-03,MSFT,129.26879191180686,129.82708276526384,128.40769042940715,128.7294158935547,18869300
2019-09-03,^GSPC,2909.010009765625,2914.389892578125,2891.85009765625,2906.27001953125,3427830000
2019-09-04,AAPL,50.12970472847496,50.391911143051544,49.87231048470653,50.32215118408203,76752400
2019-09-04,GOOG,58.397509000381646,58.73349007006451,58.11413477552133,58.630760192871094,21378000
2019-09-04,MSFT,129.92166456905386,130.2907058564378,129.1457234608723,130.2339324951172,17995900
2019-09-04,^GSPC,2924.669921875,2938.840087890625,2921.860107421875,2937.780029296875,3167900000
2019-09-05,AAPL,50.99810982178668,51.472007645383236,50.88023551068451,51.30602264404297,95654800
2019-09-05,GOOG,59.13299124803879,60.20048532751562,59.13299124803879,60.11810302734375,28162000
2019-09-05,MSFT,131.63440734951254,132.83616321899174,131.30321012571235,132.52389526367188,26101800
2019-09-05,^GSPC,2960.60009765625,2985.860107421875,2960.60009765625,2976.0,3902600000
2019-09-06,AAPL,51.491258328188984,51.58026329846532,51.120798264261694,51.30121612548828,77449200
2019-09-06,GOOG,59.95682051953914,60.149622686361866,59.67850477408107,59.79800796508789,21442000
2019-09-06,MSFT,132.50501639524452,132.64694986583015,130.77335586006583,131.625,20824500
2019-09-06,^GSPC,2980.330078125,2985.030029296875,2972.510009765625,2978.7099609375,3209340000
2019-09-09,AAPL,51.68129154569401,52.06618441164169,50.77439383269457,51.520118713378906,109237600
2019-09-09,GOOG,59.751853964470676,60.545897768103934,59.18708952821224,59.77220153808594,29438000
2019-09-09,MSFT,132.08860559158657,132.24001085823917,129.12681767125,130.12985229492188,25773900
2019-09-09,^GSPC,2988.429931640625,2989.429931640625,2969.389892578125,2978.429931640625,4031120000
2019-09-10,AAPL,51.445556916245124,52.14798341754074,50.92836046503641,52.12873840332031,127111600
2019-09-10,GOOG,59.31263997199341,60.04961279557025,59.28435253164168,59.85110092163086,25202000
2019-09-10,MSFT,129.4485670781148,129.53372714187452,127.28162030820413,128.7672576904297,28903400
2019-09-10,^GSPC,2971.010009765625,2979.389892578125,2957.010009765625,2979.389892578125,4393040000
2019-09-11,AAPL,52.45830188762013,53.81504412951995,52.37650966317453,53.78617477416992,177158400
2019-09-11,GOOG,59.72256985021579,60.67492633502758,59.66251914452966,60.55432891845703,26140000
2019-09-11,MSFT,128.60640791067436,128.9470626387698,127.83046652603281,128.80511474609375,24726100
2019-09-11,^GSPC,2981.409912109375,3000.929931640625,2975.31005859375,3000.929931640625,3934370000
2019-09-12,AAPL,54.077259426858085,54.46696091721893,53.61057787041474,53.6659049987793,128906800
2019-09-12,GOOG,60.75929969114777,61.63076199397572,60.69577694171674,61.25309753417969,34518000
2019-09-12,MSFT,130.44212024284252,130.98148165194115,129.51477381369602,130.12985229492188,27010000
2019-09-12,^GSPC,3009.080078125,3020.739990234375,3000.919921875,3009.570068359375,3796990000
2019-09-13,AAPL,52.922572195870536,53.11261072641425,52.205712927533845,52.62187576293945,159053200
2019-09-13,GOOG,61.10917692648911,61.58212740689992,60.89378948239973,61.51662063598633,26028000
2019-09-13,MSFT,130.37594615873962,130.64089830054215,129.23097749712352,129.940673828125,23363100
2019-09-13,^GSPC,3012.2099609375,3017.330078125,3002.89990234375,3007.389892578125,3557010000
2019-09-16,AAPL,52.37650901593333,52.95384839785664,52.335614739521375,52.89851760864258,84632400
2019-09-16,GOOG,61.018355086680366,61.516616950660115,60.82430723926128,61.106689453125,21066000
2019-09-16,MSFT,128.53071441647882,129.35395738521586,128.36985167769146,129.00384521484375,16731400
2019-09-16,^GSPC,2996.409912109375,3002.18994140625,2990.669921875,2997.9599609375,4285860000
2019-09-17,AAPL,52.912955319127846,53.11983462664283,52.71088451204481,53.090965270996094,73274800
2019-09-17,GOOG,61.062027101838694,61.290314458421,60.72902584590422,60.99999237060547,19102000
2019-09-17,MSFT,129.5999505200536,130.12985452361227,129.09841876082714,130.0068359375,17814200
2019-09-17,^GSPC,2995.669921875,3006.2099609375,2993.72998046875,3005.699951171875,3673250000
2019-09-18,AAPL,53.177562441253684,53.60816179083854,52.787861036882994,53.58891677856445,101360000
2019-09-18,GOOG,60.91859860921004,61.32058243310744,60.37368577310273,61.161773681640625,22702000
2019-09-18,MSFT,129.97845946854483,131.21805952545353,129.19306081626476,131.0761260986328,23982100
2019-09-18,^GSPC,3001.5,3007.830078125,2978.570068359375,3006.72998046875,3458800000
2019-09-19,AAPL,53.40609695865153,53.82707201378475,53.011583339522566,53.15351486206055,88242400
2019-09-19,GOOG,61.14440867834019,61.75880013421897,61.14242465741862,61.47443389892578,19920000
2019-09-19,MSFT,132.76044953857118,134.7192027186858,132.54281350495847,133.48907470703125,35772100
2019-09-19,^GSPC,3010.360107421875,3021.989990234375,3003.159912109375,3006.7900390625,3265660000
2019-09-20,AAPL,53.254558112558406,53.538413867995985,52.31397850892914,52.376522064208984,221652400
2019-09-20,GOOG,61.19700903545717,61.70321453427306,60.69874719257586,61.0386962890625,45400000
2019-09-20,MSFT,133.43230861176025,134.0379153020489,130.8206324671658,131.94668579101562,39167300
2019-09-20,^GSPC,3008.419921875,3016.3701171875,2984.679931640625,2992.070068359375,6103440000
2019-09-23,AAPL,52.66998928927248,52.884085014203336,52.357264248091994,52.614662170410156,76662000
2019-09-23,GOOG,60.84366045194628,61.49328718441918,60.75284227656265,61.24217224121094,21248000
2019-09-23,MSFT,131.74795607175307,132.12646925306777,131.00041600170894,131.6627960205078,17139300
2019-09-23,^GSPC,2983.5,2999.14990234375,2982.22998046875,2991.780029296875,3187250000
2019-09-24,AAPL,53.17034311866597,53.52155814993142,52.24660460358803,52.36447525024414,124763200
2019-09-24,GOOG,61.53844641823913,61.87293943832305,60.0833603208991,60.484352111816406,31664000
2019-09-24,MSFT,132.81727674718536,133.1295448031249,129.52429047179567,129.99742126464844,29773200
2019-09-24,^GSPC,3002.429931640625,3007.97998046875,2957.72998046875,2966.60009765625,3872800000
2019-09-25,AAPL,52.57376084445923,53.283403635047705,52.23457441441377,53.17034149169922,87613600
2019-09-25,GOOG,60.33845710098279,61.95036818792988,60.054090847244254,61.862030029296875,29060000
2019-09-25,MSFT,130.11094018819685,132.43874954390984,128.7199347998079,131.87098693847656,21382000
2019-09-25,^GSPC,2968.35009765625,2989.820068359375,2952.860107421875,2984.8701171875,3331200000
2019-09-26,AAPL,52.92257960068729,53.14870393718803,52.641128140556994,52.8961181640625,75334000
2019-09-26,GOOG,61.63571694509108,61.786585819672084,61.154724436874496,61.60742950439453,30760000
2019-09-26,MSFT,131.9466728201857,132.6468969139585,131.00041155720535,132.04129028320312,17456600
2019-09-26,^GSPC,2985.72998046875,2987.280029296875,2963.7099609375,2977.6201171875,3084910000
2019-09-27,AAPL,53.05248410901695,53.15352136474744,52.2682689460782,52.638729095458984,101408000
2019-09-27,GOOG,61.68783368353786,61.73795671603401,60.270462764163774,60.79850387573242,27078000
2019-09-27,MSFT,132.6185492194354,132.8172704961554,129.30663382534084,130.32859802246094,22477700
2019-09-27,^GSPC,2985.469970703125,2987.31005859375,2945.530029296875,2961.7900390625,3246480000
2019-09-30,AAPL,53.13907789851,54.0243302013865,53.112616462729726,53.87759017944336,103909600
2019-09-30,GOOG,60.594035263507976,60.84366219824985,60.163763983234766,60.49626922607422,28082000
2019-09-30,MSFT,130.63132312477907,131.73844667048152,130.37582863306443,131.55865478515625,17280900
2019-09-30,^GSPC,2967.070068359375,2983.85009765625,2967.070068359375,2976.739990234375,3249130000
2019-10-01,AAPL,54.14220348174279,54.89995709155197,53.93291624988388,54.0267333984375,139223200
2019-10-01,GOOG,60.49627199916591,61.10321961099574,59.731011628552125,59.80644607543945,25470000
2019-10-01,MSFT,132.15485377623224,132.71314446589233,129.63779530714615,129.70404052734375,21466600
2019-10-01,^GSPC,2983.68994140625,2992.530029296875,2938.699951171875,2940.25,3560750000
2019-10-02,AAPL,53.65867588561685,53.78376662810997,52.424616563859,52.672393798828125,138449200
2019-10-02,GOOG,59.40346284592329,59.40346284592329,58.12852497691889,58.39353942871094,32302000
2019-10-02,MSFT,128.9281324884508,129.04167925077533,126.4016159550952,127.41410827636719,30521700
2019-10-02,^GSPC,2924.780029296875,2924.780029296875,2874.929931640625,2887.610107421875,3914180000
2019-10-03,AAPL,52.544895978759946,53.15350893903849,51.75106032831382,53.11983108520508,114426000
2019-10-03,GOOG,58.56078340947227,59.010410240957455,57.68882139205727,58.94936752319336,32424000
2019-10-03,MSFT,127.69801317852978,129.40128712164014,126.06098448486621,128.95654296875,24132900
2019-10-03,^GSPC,2885.3798828125,2911.1298828125,2855.93994140625,2910.6298828125,3515130000
2019-10-04,AAPL,54.27932454100421,54.724356813505494,53.858349455896516,54.60888671875,138478800
2019-10-04,GOOG,59.15086170261687,60.12108201447584,59.015872553332414,59.99999237060547,23248000
2019-10-04,MSFT,129.40125822043538,130.82065044954436,129.08899019737487,130.6976318359375,22897700
2019-10-04,^GSPC,2918.56005859375,2953.739990234375,2918.56005859375,2952.010009765625,3005600000
2019-10-07,AAPL,54.43087209456384,55.311308550510645,54.327430602345274,54.62091064453125,122306000
2019-10-07,GOOG,59.771705771191215,60.45676473220043,59.73944649916045,59.93448257446289,16858000
2019-10-07,MSFT,129.77028730301623,130.75439280203412,129.65674055588423,129.75135803222656,15303700
2019-10-07,^GSPC,2944.22998046875,2959.75,2935.679931640625,2938.7900390625,2959050000
2019-10-08,AAPL,54.32262009604962,54.86146578985083,53.96418860317499,53.98102569580078,111820000
2019-10-08,GOOG,59.433744551266486,59.85508399090553,59.00793727788576,59.013893127441406,20786000
2019-10-08,MSFT,129.71353523164314,130.3569861561326,128.3319870131725,128.37930297851562,25550500
2019-10-08,^GSPC,2920.39990234375,2925.469970703125,2892.659912109375,2893.06005859375,3370700000
2019-10-09,AAPL,54.61368942260742,54.79651153502603,54.27931513122723,54.61368942260742,74770400
2019-10-09,GOOG,59.521083159151225,59.96773398464551,59.43572482227212,59.66798400878906,17354000
2019-10-09,MSFT,130.07310496994796,131.24645992440614,129.60943166254842,130.81118774414062,19749900
2019-10-09,^GSPC,2911.10009765625,2929.320068359375,2907.409912109375,2919.39990234375,2735350000
2019-10-10,AAPL,54.830188167557914,55.433988949262805,54.67863966258363,55.34979248046875,113013600
2019-10-10,GOOG,59.482870173687076,60.297757538546065,59.42133144893541,59.983612060546875,16932000
2019-10-10,MSFT,131.0477798216071,132.1643616270322,130.8206718298633,131.625,17654600
2019-10-10,^GSPC,2918.550048828125,2948.4599609375,2917.1201171875,2938.1298828125,3234400000
2019-10-11,AAPL,56.03779508860913,57.166008865040276,55.88383863819577,56.82201385498047,166795600
2019-10-11,GOOG,60.65557248503451,60.962270303398405,60.23522510596829,60.32008743286133,25454000
2019-10-11,MSFT,132.59010905145118,133.45121017192574,132.00343175296493,132.1737518310547,25446000
2019-10-11,^GSPC,2963.070068359375,2993.280029296875,2963.070068359375,2970.27001953125,3581320000
2019-10-14,AAPL,56.506874566173074,57.283876824130715,56.45154744797599,56.74021530151367,96427600
2019-10-14,GOOG,60.16574613237636,60.86003983620301,60.136962685048616,60.40395736694336,17350000
2019-10-14,MSFT,132.18330309073104,132.75105146422987,132.02244032963264,132.0508270263672,13304300
2019-10-14,^GSPC,2965.81005859375,2972.840087890625,2962.93994140625,2966.14990234375,2559270000
2019-10-15,AAPL,56.8653082294218,57.16840893665815,56.502068230785376,56.607913970947266,87360000
2019-10-15,GOOG,60.56574317053716,61.90221967980454,60.56574317053716,61.687828063964844,27634000
2019-10-15,MSFT,132.5333705297735,134.1703987231871,132.29680517771013,133.9622344970703,19695700
2019-10-15,^GSPC,2973.610107421875,3003.280029296875,2973.610107421875,2995.679931640625,3345090000
2019-10-16,AAPL,56.138822117334186,56.58866649343661,56.09792784143595,56.37937927246094,73903200
2019-10-16,GOOG,61.596515691876775,62.26996584838922,61.461530329215066,61.71909713745117,21892000
2019-10-16,MSFT,133.2241630921818,133.41342696149533,132.03187868505913,132.86459350585938,20751600
2019-10-16,^GSPC,2989.679931640625,2997.5400390625,2985.199951171875,2989.68994140625,3230320000
2019-10-17,AAPL,56.55257541786321,56.807565391102926,56.17490262842623,56.59828186035156,67585200
2019-10-17,GOOG,62.08088228966795,62.69601582858317,62.03175127029145,62.18708419799805,19048000
2019-10-17,MSFT,133.3755884189779,133.82033258872727,131.5493102043628,132.1833038330078,21460600
2019-10-17,^GSPC,3000.77001953125,3008.2900390625,2991.7900390625,2997.949951171875,3103470000
2019-10-18,AAPL,56.432305194279344,57.15157244845404,56.36013730971351,56.870121002197266,97433600
2019-10-18,GOOG,62.2064450871458,62.47592360213658,61.59205361027274,61.8109130859375,27056000
2019-10-18,MSFT,132.24950858402207,132.47661655322608,129.2214745219951,130.0258026123047,32273500
2019-10-18,^GSPC,2996.840087890625,3000.0,2976.31005859375,2986.199951171875,3268970000
2019-10-21,AAPL,57.137143532530864,57.971877257013034,57.089032829717496,57.856407165527344,87247200
2019-10-21,GOOG,62.14688805391777,62.264456438334214,61.568227908016986,61.84366226196289,20544000
2019-10-21,MSFT,131.00991132990816,131.05722729611554,129.6472923604472,130.99098205566406,20078200
2019-10-21,^GSPC,2996.47998046875,3007.330078125,2995.35009765625,3006.719970703125,3271960000
2019-10-22,AAPL,58.01276989960297,58.26294774953404,57.64230979011836,57.72410202026367,82293600
2019-10-22,GOOG,61.92803286131868,62.06450623999693,61.606939519696475,61.67741012573242,20476000
2019-10-22,MSFT,131.50197289462216,132.4860785845,128.9375976603927,129.04168701171875,27431000
2019-10-22,^GSPC,3010.72998046875,3014.570068359375,2995.0400390625,2995.989990234375,3527540000
2019-10-23,AAPL,58.2388930421775,58.51312807252894,58.027201555375974,58.49869155883789,75828800
2019-10-23,GOOG,61.65556846552743,62.52554262649305,61.65556846552743,62.48782730102539,18230000
2019-10-23,MSFT,129.52432014912696,130.0636818683816,128.32256361706212,129.86497497558594,29844600
2019-10-23,^GSPC,2994.010009765625,3004.780029296875,2991.2099609375,3004.52001953125,3413600000
2019-10-24,AAPL,58.818629879608615,58.88839351156194,58.16912628162669,58.594913482666016,69275200
2019-10-24,GOOG,62.575671326797526,62.72952003261534,62.219096575477366,62.58013916015625,20562000
2019-10-24,MSFT,131.89936843543958,132.87401646667143,131.21805911124613,132.41981506347656,37029300
2019-10-24,^GSPC,3014.780029296875,3016.070068359375,3000.419921875,3010.2900390625,3696510000
2019-10-25,AAPL,58.49388048589636,59.35266764688448,58.42652477407812,59.316585540771484,73477200
2019-10-25,GOOG,62.085848953673604,63.007438081356064,62.03522991329174,62.78560256958008,24262000
2019-10-25,MSFT,131.85208588941208,133.5553596314757,131.719609844963,133.16738891601562,25959700
2019-10-25,^GSPC,3003.320068359375,3027.389892578125,3001.93994140625,3022.550048828125,3379060000
2019-10-28,AAPL,59.518645853142104,59.95886585030972,59.35025659290026,59.9107551574707,96572800
2019-10-28,GOOG,63.297758858864796,64.48187862250542,63.1533418196026,64.01984405517578,52264000
2019-10-28,MSFT,136.6401282994849,137.84188421406174,135.79795630552206,136.44142150878906,35280100
2019-10-28,^GSPC,3032.1201171875,3044.080078125,3032.1201171875,3039.419921875,3524970000
2019-10-29,AAPL,59.89151688727669,60.07915117989535,58.351952519479724,58.525150299072266,142839600
2019-10-29,GOOG,63.33647166190664,63.60247436089456,62.39264937727065,62.66103744506836,37728000
2019-10-29,MSFT,136.33735257914375,136.7347806587827,134.98419118624554,135.15452575683594,20589500
2019-10-29,^GSPC,3035.389892578125,3047.8701171875,3034.81005859375,3036.889892578125,3594430000
2019-10-30,AAPL,58.8787801432467,59.008683089420536,58.024805002437574,58.5179443359375,124522000
2019-10-30,GOOG,62.182120598894436,62.995519916111114,62.133981589742454,62.59502410888672,28178000
2019-10-30,MSFT,135.80746082871093,137.2079238708723,135.11667950569708,136.83888244628906,18496600
2019-10-30,^GSPC,3039.739990234375,3050.10009765625,3025.9599609375,3046.77001953125,3779660000
2019-10-31,AAPL,59.47535535189402,59.93962892278996,57.07459217991583,59.840999603271484,139162000
2019-10-31,GOOG,62.5945275902726,62.91164908456663,62.07656185187581,62.53646469116211,29114000
2019-10-31,MSFT,137.11327566139528,137.1416623492386,135.30592730055537,135.66549682617188,24605100
2019-10-31,^GSPC,3046.89990234375,3046.89990234375,3023.18994140625,3037.56005859375,4149310000
2019-11-01,AAPL,60.02863474954351,61.565794923188214,59.93722552071114,61.539337158203125,151125200
2019-11-01,GOOG,62.77914354245675,63.256561800485166,62.555820040422255,63.212890625,33402000
2019-11-01,MSFT,136.5076636429936,136.6590689315044,135.28699279653247,135.99668884277344,33128400
2019-11-01,^GSPC,3050.719970703125,3066.949951171875,3050.719970703125,3066.909912109375,3956290000
2019-11-04,AAPL,61.9025529921308,62.027647377821864,61.433471069448785,61.943450927734375,103272000
2019-11-04,GOOG,63.34736955885557,64.22478747000035,63.34265561707131,64.08781433105469,30020000
2019-11-04,MSFT,137.04707184887585,137.2079345912571,136.41307829755922,136.78211975097656,16912000
2019-11-04,^GSPC,3078.9599609375,3085.199951171875,3074.8701171875,3078.27001953125,4178040000
2019-11-05,AAPL,61.8352168001874,62.109455494173645,61.65961476677508,61.85446548461914,79897600
2019-11-05,GOOG,64.16325411027918,64.46300780689086,64.080818814672,64.12057495117188,25654000
2019-11-05,MSFT,137.1795333664531,137.22684933009575,136.17649846797022,136.6969451904297,18250200
2019-11-05,^GSPC,3080.800048828125,3083.949951171875,3072.14990234375,3074.6201171875,4490590000
2019-11-06,AAPL,61.7678582532789,61.94105969910756,61.43107970339588,61.88092041015625,75864400
2019-11-06,GOOG,63.99304320026914,64.20495481143975,63.64763424085217,64.10916900634766,23060000
2019-11-06,MSFT,136.61178972889388,136.75373763961446,135.5046653315466,136.31845092773438,16575800
2019-11-06,^GSPC,3075.10009765625,3078.340087890625,3065.889892578125,3076.780029296875,4465510000
2019-11-07,AAPL,62.428620865759896,62.81708447430913,62.2766136869042,62.5951042175293,94940400
2019-11-07,GOOG,64.2322487970933,65.69428297186461,64.23051467185299,64.95582580566406,40600000
2019-11-07,MSFT,136.11023186973287,137.09435177935313,136.04400108207145,136.50765991210938,17786700
2019-11-07,^GSPC,3087.02001953125,3097.77001953125,3080.22998046875,3085.179931640625,4151990000
2019-11-08,AAPL,62.41656042739546,62.8387993222777,61.97260727293929,62.76641845703125,69986400
2019-11-08,GOOG,64.77815330947345,65.40942029189435,64.73274043437955,65.08038330078125,25028000
2019-11-08,MSFT,136.24272486744755,138.14471969732065,136.03454618518478,138.1163330078125,16732700
2019-11-08,^GSPC,3081.25,3093.090087890625,3073.580078125,3093.080078125,3508160000
2019-11-11,AAPL,62.322458993562236,63.32859721707962,62.31763605688488,63.26345443725586,81821200
2019-11-11,GOOG,64.67392993949373,64.83497639427907,64.38757969539478,64.47592163085938,20238000
2019-11-11,MSFT,137.5295993205579,138.55156314904949,136.9523794110988,138.2582244873047,14362600
2019-11-11,^GSPC,3080.330078125,3088.330078125,3075.820068359375,3087.010009765625,3041120000
2019-11-12,AAPL,63.10660285502795,63.405794217206264,62.954603069399354,63.205528259277344,87388800
2019-11-12,GOOG,64.51611677226106,65.01239459358614,64.30618919409372,64.4565658569336,21718000
2019-11-12,MSFT,138.41913233413342,139.63981776605712,138.21095364712016,139.16668701171875,18641600
2019-11-12,^GSPC,3089.280029296875,3102.610107421875,3084.72998046875,3091.840087890625,3495560000
2019-11-13,AAPL,63.005288756272336,63.885957063653684,62.99081258182594,63.811161041259766,102734400
2019-11-13,GOOG,64.22183024546263,64.7295200311456,64.1940388054397,64.4168701171875,16534000
2019-11-13,MSFT,138.8543916063246,139.53570091335743,138.4191050450751,139.3937530517578,16919200
2019-11-13,^GSPC,3084.179931640625,3098.06005859375,3078.800048828125,3094.0400390625,3513720000
2019-11-14,AAPL,63.637449352576304,63.91009628527069,63.23933976766793,63.369632720947266,89182800
2019-11-14,GOOG,64.39204462555429,65.35978482217013,64.30023444406228,65.08484649658203,23870000
2019-11-14,MSFT,139.11937943216773,140.43468243093935,139.10045015798815,140.10348510742188,19729800
2019-11-14,^GSPC,3090.75,3098.199951171875,3083.260009765625,3096.6298828125,3282090000
2019-11-15,AAPL,63.62056351535216,64.12725183226068,63.45891040751774,64.12242889404297,100206400
2019-11-15,GOOG,65.45606373875358,66.24713522850479,65.22479658423292,66.24663543701172,35652000
2019-11-15,MSFT,140.92672281797846,141.92977216898475,140.30220118129054,141.9108428955078,23485700
2019-11-15,^GSPC,3107.919921875,3120.4599609375,3104.60009765625,3120.4599609375,3359800000
2019-11-18,AAPL,64.13204168782384,64.52532816599069,63.75323874336767,64.44570922851562,86703200
2019-11-18,GOOG,66.11512738972095,66.2793467712732,65.38460633839918,65.54341888427734,29748000
2019-11-18,MSFT,142.00546036046342,142.45966180601263,140.9740244236987,142.2609405517578,21534000
2019-11-18,^GSPC,3117.909912109375,3124.169921875,3112.06005859375,3122.030029296875,3440140000
2019-11-19,AAPL,64.63873851951571,64.66286792796207,64.03313233810385,64.25028228759766,76167200
2019-11-19,GOOG,65.8908145969329,65.8908145969329,65.1513578481253,65.28337097167969,25384000
2019-11-19,MSFT,142.77190074538996,143.19771541632704,142.12843559296,142.3082275390625,23935700
2019-11-19,^GSPC,3127.449951171875,3127.639892578125,3113.469970703125,3120.179931640625,3613670000
2019-11-20,AAPL,64.0693196426858,64.19960518806741,62.829140269026105,63.50231170654297,106234400
2019-11-20,GOOG,65.09874754847438,65.26053612388678,64.07691619865,64.66748046875,26172000
2019-11-20,MSFT,142.71651518803137,143.21973905912267,140.95998368129497,142.06137084960938,25696800
2019-11-20,^GSPC,3114.659912109375,3118.969970703125,3091.409912109375,3108.4599609375,4041010000
2019-11-21,AAPL,63.62296849301683,63.70017967174108,63.017354814997276,63.217620849609375,121395200
2019-11-21,GOOG,64.58955884817401,65.14092728534797,64.16871928371938,64.5831069946289,19910000
2019-11-21,MSFT,141.85252180166486,142.23232307166091,140.99799429806353,141.92848205566406,18576100
2019-11-21,^GSPC,3108.489990234375,3110.110107421875,3094.550048828125,3103.5400390625,3744010000
2019-11-22,AAPL,63.35756036985573,63.49991434036952,62.93532139581433,63.16212463378906,65325200
2019-11-22,GOOG,64.79503231551286,64.94937704184521,64.08982639929134,64.28485870361328,27714000
2019-11-22,MSFT,142.48865938450652,142.70703601728965,141.3018078116547,142.03289794921875,15901800
2019-11-22,^GSPC,3111.409912109375,3112.8701171875,3099.260009765625,3110.2900390625,3235270000
2019-11-25,AAPL,63.386486228195984,64.28646071605758,63.34064256968565,64.26956939697266,84020400
2019-11-25,GOOG,64.47542111790541,65.07740483821895,64.42331406740566,64.84812927246094,20724000
2019-11-25,MSFT,142.42219939463277,143.7040049843586,142.34623914973673,143.59005737304688,22420900
2019-11-25,^GSPC,3117.43994140625,3133.830078125,3117.43994140625,3133.639892578125,3514310000
2019-11-26,AAPL,64.4071041985966,64.4601859451166,63.33582339665518,63.76771545410156,105207600
2019-11-26,GOOG,65.00544757983046,65.25061047671463,64.76872813097796,65.1885757446289,21394000
2019-11-26,MSFT,143.71348916448176,144.71993701752783,143.67551628743283,144.34963989257812,24620100
2019-11-26,^GSPC,3134.85009765625,3142.68994140625,3131.0,3140.52001953125,4600450000
2019-11-27,AAPL,64.07898139381598,64.65805785871959,64.01383860498274,64.62427520751953,65235600
2019-11-27,GOOG,65.26052806389356,65.42727667098855,64.99402562386204,65.16077423095703,19912000
2019-11-27,MSFT,144.634474337647,144.79588440466082,143.86539687625552,144.62498474121094,15184400
2019-11-27,^GSPC,3145.489990234375,3154.260009765625,3143.409912109375,3153.6298828125,3035470000
2019-11-29,AAPL,64.32506536829597,64.66285492885436,64.15616690638667,64.48189544677734,46617600
2019-11-29,GOOG,64.86947340814588,65.02256864341578,64.71314467307579,64.76227569580078,11740000
2019-11-29,MSFT,144.4160952694517,144.60598861049,143.6375137368814,143.7324676513672,11977300
2019-11-29,^GSPC,3147.179931640625,3150.300048828125,3139.340087890625,3140.97998046875,1743420000
2019-12-02,AAPL,64.48673394161051,64.7231903726839,63.56505235325846,63.736358642578125,94487200
2019-12-02,GOOG,64.56575349452078,64.8054489796977,63.57319776100069,64.01587677001953,30218000
2019-12-02,MSFT,144.14071017808837,144.1597038549574,140.82703071700251,141.99488830566406,27418400
2019-12-02,^GSPC,3143.85009765625,3144.31005859375,3110.780029296875,3113.8701171875,3285750000
2019-12-03,AAPL,62.324871616307696,62.619232733456535,61.837489954222036,62.59993362426758,114430400
2019-12-03,GOOG,63.50221601562983,64.43973393005399,63.473928576053304,64.28186798095703,22876000
2019-12-03,MSFT,140.038965568965,141.88094663990174,139.2413904744925,141.7670135498047,24066000
2019-12-03,^GSPC,3087.409912109375,3094.969970703125,3070.330078125,3093.199951171875,3671580000
2019-12-04,AAPL,62.99079753107585,63.53126088330564,62.89669505639606,63.15245056152344,67181600
2019-12-04,GOOG,64.86401431779517,65.79651932252534,64.75780861469353,65.53547668457031,30750000
2019-12-04,MSFT,142.5551589478826,142.59313183508579,141.66264397525163,142.27981567382812,17574700
2019-12-04,^GSPC,3103.5,3119.3798828125,3102.530029296875,3112.760009765625,3702980000
2019-12-05,AAPL,63.64708709192012,64.15377524171508,63.391331548709125,64.07897186279297,74424400
2019-12-05,GOOG,65.9056880393753,65.97308415851272,65.33198804096517,65.91213989257812,24254000
2019-12-05,MSFT,142.46967576024716,142.72603977470254,141.92846445061193,142.35572814941406,17869100
2019-12-05,^GSPC,3119.2099609375,3119.449951171875,3103.760009765625,3117.429931640625,3360480000
2019-12-06,AAPL,64.53742929884113,65.38673030367082,64.49399340218949,65.31675720214844,106075600
2019-12-06,GOOG,66.17565386530907,66.69972302024907,66.17565386530907,66.531982421875,26296000
2019-12-06,MSFT,143.36221580947037,144.197749671313,142.6785879756387,144.0838165283203,16403500
2019-12-06,^GSPC,3134.6201171875,3150.60009765625,3134.6201171875,3145.909912109375,3483310000
2019-12-09,AAPL,65.14544297190798,65.33846356133417,63.91733161576993,64.40230560302734,128042400
2019-12-09,GOOG,66.4039635018308,67.46649761564638,66.39403582425842,66.67790985107422,27086000
2019-12-09,MSFT,143.43818821261524,144.52059662650856,143.2862676838031,143.71353149414062,16687400
2019-12-09,^GSPC,3141.860107421875,3148.8701171875,3135.4599609375,3135.9599609375,3400470000
2019-12-10,AAPL,64.80760833787886,65.16228913163438,64.1464981826475,64.77865600585938,90420400
2019-12-10,GOOG,66.57566964517135,66.99626693476351,66.30470691037269,66.73249816894531,21882000
2019-12-10,MSFT,143.64700791362546,144.21670244283945,143.14378402425768,143.49510192871094,16476100
2019-12-10,^GSPC,3135.360107421875,3142.1201171875,3126.090087890625,3132.52001953125,3346310000
2019-12-11,AAPL,64.85830938290775,65.41084122340847,64.78351336435996,65.33121490478516,78756800
2019-12-11,GOOG,67.03920029772816,67.05706405974219,66.63374060738596,66.7503662109375,17008000
2019-12-11,MSFT,143.88438018425694,144.1977107308099,142.7355160014967,144.0363006591797,18856600
2019-12-11,^GSPC,3135.75,3143.97998046875,3133.2099609375,3141.6298828125,3257650000
2019-12-12,AAPL,64.60978207969583,65.76309704302184,64.49879564379098,65.49768829345703,137310400
2019-12-12,GOOG,66.79602237754818,67.28411427972895,66.52605163199475,67.01091003417969,25620000
2019-12-12,MSFT,143.98883361683096,145.6884132602261,143.39067024851747,145.49851989746094,24612100
2019-12-12,^GSPC,3141.22998046875,3176.280029296875,3138.469970703125,3168.570068359375,4003200000
2019-12-13,AAPL,65.49771688319738,66.42422907979596,65.36983907030586,66.3880386352539,133587600
2019-12-13,GOOG,66.89577597677577,67.15101044268953,66.6932922389307,66.88982391357422,30992000
2019-12-13,MSFT,145.270652785477,147.06517203448604,145.10924268760104,146.72335815429688,23845400
2019-12-13,^GSPC,3166.64990234375,3182.679931640625,3156.510009765625,3168.800048828125,3757650000
2019-12-16,AAPL,66.83438152775894,67.74883234755957,66.82955859141919,67.5244369506836,128186000
2019-12-16,GOOG,67.3200748130122,67.72603419894526,67.13000261269285,67.55184173583984,27946000
2019-12-16,MSFT,147.27405586689932,148.02413977443967,146.99871264431604,147.67283630371094,24144200
2019-12-16,^GSPC,3183.6298828125,3197.7099609375,3183.6298828125,3191.449951171875,4070200000
2019-12-17,AAPL,67.45449929724155,67.98530968260975,67.26870940358774,67.65717315673828,114158400
2019-12-17,GOOG,67.63720639572155,67.7419202854571,67.06315800656236,67.25159454345703,37080000
2019-12-17,MSFT,147.5968599461329,147.84373434764453,146.64737867984974,146.87525939941406,25425600
2019-12-17,^GSPC,3195.39990234375,3198.219970703125,3191.030029296875,3192.52001953125,3842940000
2019-12-18,AAPL,67.50995957045932,68.0166476810069,67.34589137870454,67.4954833984375,116028400
2019-12-18,GOOG,67.32504898518096,67.517105224757,67.04713462541275,67.12752532958984,30452000
2019-12-18,MSFT,146.50495498121165,147.62533586536176,146.39100738314306,146.5714111328125,24129200
2019-12-18,^GSPC,3195.2099609375,3198.47998046875,3191.139892578125,3191.139892578125,4029950000
2019-12-19,AAPL,67.43757907439164,67.84292661971328,67.30487837572159,67.56304168701172,98369200
2019-12-19,GOOG,67.08782869287472,67.39948654593063,66.94712981762498,67.29725646972656,29398000
2019-12-19,MSFT,146.22016067050475,147.90074709327564,145.98279027980587,147.84378051757812,24958900
2019-12-19,^GSPC,3192.320068359375,3205.47998046875,3192.320068359375,3205.3701171875,3784360000
2019-12-20,AAPL,68.09624397023447,68.1975771297145,67.2107459012104,67.4230728149414,275978000
2019-12-20,GOOG,67.66003938132583,67.67442731849732,66.94787435433022,66.97715759277344,66300000
2019-12-20,MSFT,149.40090391753216,150.48331213280017,148.39444146479494,149.45787048339844,53477500
2019-12-20,^GSPC,3223.330078125,3225.64990234375,3216.030029296875,3221.219970703125,6457480000
2019-12-23,AAPL,67.68610617936537,68.58366579405019,67.64750059383174,68.52334594726562,98572000
2019-12-23,GOOG,67.2888338503612,67.48386615638282,66.82431543778198,66.93994903564453,17662000
2019-12-23,MSFT,150.13199416339762,150.13199416339762,149.32494366706504,149.45787048339844,17718200
2019-12-23,^GSPC,3226.050048828125,3227.780029296875,3222.300048828125,3224.010009765625,3064530000
2019-12-24,AAPL,68.68983393642199,68.73809276240259,68.26277204321963,68.58849334716797,48478800
2019-12-24,GOOG,66.92307275069706,67.01041511005613,66.63919872388126,66.67790985107422,6950000
2019-12-24,MSFT,149.52435230521962,149.7427434957636,149.18253836343217,149.42941284179688,8989200
2019-12-24,^GSPC,3225.449951171875,3226.429931640625,3220.510009765625,3223.3798828125,1296530000
2019-12-26,AAPL,68.72120656096197,69.96620925880787,68.6922542085201,69.9493179321289,93121200
2019-12-26,GOOG,66.80743587763071,67.5596448386036,66.7230695539095,67.51363372802734,13350000
2019-12-26,MSFT,149.60029558750327,150.71118715022982,149.4483750777448,150.6542205810547,14520600
2019-12-26,^GSPC,3227.199951171875,3240.080078125,3227.199951171875,3239.909912109375,2164540000
2019-12-27,AAPL,70.24125821645885,70.92890598367917,69.51742001165071,69.92276763916016,146266000
2019-12-27,GOOG,67.64216965615002,67.71859989474075,66.96326346568391,67.09130096435547,20768000
2019-12-27,MSFT,151.39477141853968,151.48972533181646,150.22691362248713,150.92953491210938,18412800
2019-12-27,^GSPC,3247.22998046875,3247.929931640625,3234.3701171875,3240.02001953125,2429150000
2019-12-30,AAPL,69.84074115157411,70.62007635461508,68.8177187333269,70.33777618408203,144114400
2019-12-30,GOOG,66.99751139921112,67.14639627239588,66.20445580112252,66.3096694946289,21018000
2019-12-30,MSFT,150.9580207722818,150.98650404916575,148.81218399413635,149.6287384033203,16348400
2019-12-30,^GSPC,3240.090087890625,3240.919921875,3216.570068359375,3221.2900390625,3021720000
